qa_id,step,country,map_no,template_no,source_index,ability_level,reward_pattern,correct_count,mean_reward,signal_class,clipped_ratio,entropy,grad_norm,selection_reason
mapwise_china_map22_0D_t12_src0464,1,china,map22_0D,12,464,L2,"0,0,0,0",0,0.0,all_wrong_nonfullclip,0.25,0.20604632794857025,0.0,balance_L2_hard_nonfullclip
mapwise_usa_map_1950_t34_src2413,3,usa,map_1950,34,2413,L3,"1,0,0,1",2,0.5,mixed,0.5,0.17472324520349503,0.026123046875,retain_all_mixed_signal
mapwise_usa_map_4_t22_src2865,4,usa,map_4,22,2865,L2,"0,1,1,0",2,0.5,mixed,0.5,0.13430693373084068,0.022705078125,retain_all_mixed_signal
mapwise_usa_map_12175_t35_src2610,5,usa,map_12175,35,2610,L2,"1,0,1,1",3,0.75,mixed,0.25,0.1724322885274887,0.0220947265625,retain_all_mixed_signal
mapwise_china_map11_5C_t34_src0109,7,china,map11_5C,34,109,L3,"1,1,1,1",4,1.0,all_correct,0.0,0.36310577392578125,0.0,balance_L3_easy_all_correct
mapwise_china_map3_6D_t6_src0277,10,china,map3_6D,6,277,L0,"0,0,0,0",0,0.0,all_wrong_nonfullclip,0.0,0.21380077302455902,0.0,balance_L0_hard_nonfullclip
mapwise_china_map9_0C_t18_src0741,12,china,map9_0C,18,741,L3,"1,0,1,1",3,0.75,mixed,0.0,0.2484789825975895,0.03857421875,retain_all_mixed_signal
mapwise_india_map97_5D_t16_src1599,15,india,map97_5D,16,1599,L1,"0,1,0,1",2,0.5,mixed,0.0,0.19837241619825363,0.138671875,retain_all_mixed_signal
mapwise_china_map17_4C_t3_src0157,18,china,map17_4C,3,157,L0,"0,0,0,0",0,0.0,all_wrong_nonfullclip,0.0,0.1679607592523098,0.0,balance_L0_hard_nonfullclip
mapwise_china_map11_8D_t41_src0542,19,china,map11_8D,41,542,L0,"0,0,0,0",0,0.0,all_wrong_nonfullclip,0.0,0.2297423966228962,0.0,balance_L0_hard_nonfullclip
mapwise_usa_map_20774_t18_src2987,20,usa,map_20774,18,2987,L3,"0,1,1,1",3,0.75,mixed,0.25,0.2076602354645729,0.0191650390625,retain_all_mixed_signal
mapwise_china_map6_0D_t31_src0519,21,china,map6_0D,31,519,L2,"0,0,0,1",1,0.25,mixed,0.75,0.07258885353803635,0.0634765625,retain_all_mixed_signal
mapwise_india_map139_1C_t36_src1813,23,india,map139_1C,36,1813,L3,"1,0,0,0",1,0.25,mixed,0.75,0.09801388531923294,0.058837890625,retain_all_mixed_signal
mapwise_india_map72_6C_t2_src1458,26,india,map72_6C,2,1458,L0,"1,1,1,1",4,1.0,all_correct,0.0,0.244883943349123,0.0,balance_L0_easy_all_correct
mapwise_china_map23_4D_t42_src0698,29,china,map23_4D,42,698,L2,"1,0,1,1",3,0.75,mixed,0.25,0.15567772835493088,0.01708984375,retain_all_mixed_signal
mapwise_india_map97_8D_t36_src1615,30,india,map97_8D,36,1615,L3,"1,1,1,1",4,1.0,all_correct,0.0,0.3080899119377136,0.0,balance_L3_easy_all_correct
mapwise_india_map68_0C_t16_src1424,31,india,map68_0C,16,1424,L1,"0,0,0,0",0,0.0,all_wrong_nonfullclip,0.5,0.17434153705835342,0.0,balance_L1_hard_nonfullclip
mapwise_india_map11_1C_t32_src1121,32,india,map11_1C,32,1121,L2,"1,0,0,0",1,0.25,mixed,0.25,0.27200427651405334,0.059814453125,retain_all_mixed_signal
mapwise_china_map9_7C_t30_src0617,33,china,map9_7C,30,617,L2,"1,1,0,1",3,0.75,mixed,0.25,0.254921518266201,0.017578125,retain_all_mixed_signal
mapwise_china_map18_4D_t23_src0423,34,china,map18_4D,23,423,L2,"0,0,1,0",1,0.25,mixed,0.75,0.08267627656459808,0.051513671875,retain_all_mixed_signal
mapwise_china_map5_4C_t18_src0933,35,china,map5_4C,18,933,L3,"1,1,1,1",4,1.0,all_correct,0.0,0.26068174093961716,0.0,balance_L3_easy_all_correct
mapwise_usa_map_20746_t31_src2223,36,usa,map_20746,31,2223,L2,"1,1,1,1",4,1.0,all_correct,0.0,0.3092919886112213,0.0,balance_L2_easy_all_correct
mapwise_usa_map_13792_t33_src2976,37,usa,map_13792,33,2976,L3,"0,0,0,0",0,0.0,all_wrong_nonfullclip,0.75,0.10506345331668854,0.0,balance_L3_hard_nonfullclip
mapwise_usa_map_11349_t32_src2481,39,usa,map_11349,32,2481,L2,"0,0,0,1",1,0.25,mixed,0.5,0.10535765811800957,0.0439453125,retain_all_mixed_signal
mapwise_china_map5_7D_t36_src0292,40,china,map5_7D,36,292,L3,"0,0,1,1",2,0.5,mixed,0.5,0.16806774586439133,0.03955078125,retain_all_mixed_signal
mapwise_india_map83_1D_t41_src1480,49,india,map83_1D,41,1480,L0,"0,0,0,0",0,0.0,all_wrong_nonfullclip,0.0,0.2072126567363739,0.0,balance_L0_hard_nonfullclip
mapwise_china_map6_0C_t5_src0667,50,china,map6_0C,5,667,L0,"0,0,0,0",0,0.0,all_wrong_nonfullclip,0.0,0.3381243422627449,0.0,balance_L0_hard_nonfullclip
mapwise_usa_map_689_t2_src2961,52,usa,map_689,2,2961,L0,"1,0,1,1",3,0.75,mixed,0.0,0.1830421518534422,0.0164794921875,retain_all_mixed_signal
mapwise_usa_map_1342_t9_src2845,53,usa,map_1342,9,2845,L1,"1,1,1,1",4,1.0,all_correct,0.0,0.18911733478307724,0.0,balance_L1_easy_all_correct
mapwise_china_map16_3D_t36_src0810,54,china,map16_3D,36,810,L3,"1,0,0,0",1,0.25,mixed,0.75,0.08324437588453293,0.0634765625,retain_all_mixed_signal
mapwise_usa_map_1267_t9_src2635,56,usa,map_1267,9,2635,L1,"1,1,1,1",4,1.0,all_correct,0.0,0.3347574472427368,0.0,balance_L1_easy_all_correct
mapwise_usa_map_20556_t36_src2126,57,usa,map_20556,36,2126,L3,"0,0,1,1",2,0.5,mixed,0.5,0.10200787708163261,0.0263671875,retain_all_mixed_signal
mapwise_usa_map_689_t33_src2962,58,usa,map_689,33,2962,L3,"0,1,0,0",1,0.25,mixed,0.75,0.07170692086219788,0.041748046875,retain_all_mixed_signal
mapwise_india_map62_6C_t7_src1393,59,india,map62_6C,7,1393,L0,"1,1,1,1",4,1.0,all_correct,0.0,0.33105190470814705,0.0,balance_L0_easy_all_correct
mapwise_china_map16_3D_t21_src0811,60,china,map16_3D,21,811,L2,"1,1,1,1",4,1.0,all_correct,0.0,0.21595793589949608,0.0,balance_L2_easy_all_correct
mapwise_china_map4_4D_t1_src0287,61,china,map4_4D,1,287,L0,"0,0,0,0",0,0.0,all_wrong_nonfullclip,0.0,0.1739642359316349,0.0,balance_L0_hard_nonfullclip
mapwise_china_map6_2D_t6_src0938,63,china,map6_2D,6,938,L0,"0,0,0,0",0,0.0,all_wrong_nonfullclip,0.0,0.3205718994140625,0.0,balance_L0_hard_nonfullclip
mapwise_china_map6_0D_t21_src0523,64,china,map6_0D,21,523,L2,"0,1,0,1",2,0.5,mixed,0.5,0.14182457327842712,0.05078125,retain_all_mixed_signal
mapwise_china_map3_6D_t3_src0272,65,china,map3_6D,3,272,L0,"0,0,0,0",0,0.0,all_wrong_nonfullclip,0.0,0.1051218081265688,0.0,balance_L0_hard_nonfullclip
mapwise_china_map6_3C_t32_src0054,67,china,map6_3C,32,54,L2,"0,0,1,1",2,0.5,mixed,0.75,0.1054491475224495,0.042724609375,retain_all_mixed_signal
mapwise_usa_map_957_t33_src2445,68,usa,map_957,33,2445,L3,"1,1,1,1",4,1.0,all_correct,0.0,0.44239161908626556,0.0,balance_L3_easy_all_correct
mapwise_india_map68_0C_t7_src1425,70,india,map68_0C,7,1425,L0,"1,1,1,1",4,1.0,all_correct,0.0,0.2897236496210098,0.0,balance_L0_easy_all_correct
mapwise_india_map7_5C_t16_src1060,71,india,map7_5C,16,1060,L1,"0,0,0,0",0,0.0,all_wrong_nonfullclip,0.25,0.25791143625974655,0.0,balance_L1_hard_nonfullclip
mapwise_usa_map_8213_t20_src2317,75,usa,map_8213,20,2317,L3,"1,0,0,1",2,0.5,mixed,0.5,0.19438717514276505,0.06103515625,retain_all_mixed_signal
mapwise_india_map158_0D_t22_src1851,78,india,map158_0D,22,1851,L2,"1,0,1,0",2,0.5,mixed,0.5,0.14003494381904602,0.060546875,retain_all_mixed_signal
mapwise_india_map83_1D_t16_src1482,80,india,map83_1D,16,1482,L1,"1,1,1,1",4,1.0,all_correct,0.0,0.15201213955879211,0.0,balance_L1_easy_all_correct
mapwise_india_map12_7D_t7_src1137,81,india,map12_7D,7,1137,L0,"1,1,1,1",4,1.0,all_correct,0.0,0.20326898992061615,0.0,balance_L0_easy_all_correct
mapwise_china_map2_0C_t34_src0586,82,china,map2_0C,34,586,L3,"1,1,1,1",4,1.0,all_correct,0.0,0.3412911295890808,0.0,balance_L3_easy_all_correct
mapwise_china_map2_3D_t34_src0268,83,china,map2_3D,34,268,L3,"0,0,0,0",0,0.0,all_wrong_nonfullclip,0.75,0.08701442927122116,0.0,balance_L3_hard_nonfullclip
mapwise_usa_map_20746_t16_src2220,87,usa,map_20746,16,2220,L1,"0,0,0,0",0,0.0,all_wrong_nonfullclip,0.0,0.24294381961226463,0.0,balance_L1_hard_nonfullclip
mapwise_usa_map_8083_t4_src2543,89,usa,map_8083,4,2543,L0,"0,0,0,0",0,0.0,all_wrong_nonfullclip,0.0,0.11824056506156921,0.0,balance_L0_hard_nonfullclip
mapwise_india_map85_0C_t32_src1494,92,india,map85_0C,32,1494,L2,"1,0,1,1",3,0.75,mixed,0.0,0.3749915286898613,0.09423828125,retain_all_mixed_signal
mapwise_india_map91_1C_t19_src1535,93,india,map91_1C,19,1535,L1,"1,1,1,0",3,0.75,mixed,0.0,0.302742637693882,0.03173828125,retain_all_mixed_signal
mapwise_usa_map_8213_t39_src2314,99,usa,map_8213,39,2314,L2,"0,0,0,1",1,0.25,mixed,0.0,0.37095918506383896,0.041015625,retain_all_mixed_signal
mapwise_india_map89_4D_t39_src1506,101,india,map89_4D,39,1506,L2,"1,1,1,0",3,0.75,mixed,0.25,0.21026111394166946,0.03076171875,retain_all_mixed_signal
mapwise_china_map2_3C_t33_src0018,106,china,map2_3C,33,18,L3,"0,0,0,1",1,0.25,mixed,0.5,0.19917967915534973,0.047119140625,retain_all_mixed_signal
mapwise_india_map152_3D_t9_src1839,107,india,map152_3D,9,1839,L1,"1,0,0,1",2,0.5,mixed,0.0,0.1641207728534937,0.05419921875,retain_all_mixed_signal
mapwise_india_map139_1C_t18_src1814,110,india,map139_1C,18,1814,L3,"0,0,0,0",0,0.0,all_wrong_nonfullclip,0.0,0.3804146274924278,0.0,balance_L3_hard_nonfullclip
mapwise_china_map8_7D_t34_src0537,112,china,map8_7D,34,537,L3,"0,0,1,0",1,0.25,mixed,0.75,0.07998053729534149,0.05322265625,retain_all_mixed_signal
mapwise_china_map22_6D_t41_src0714,113,china,map22_6D,41,714,L0,"0,0,0,0",0,0.0,all_wrong_nonfullclip,0.25,0.18820057809352875,0.0,balance_L0_hard_nonfullclip
mapwise_usa_map_584_t22_src2460,114,usa,map_584,22,2460,L2,"1,1,1,0",3,0.75,mixed,0.25,0.17558162659406662,0.02099609375,retain_all_mixed_signal
mapwise_india_map62_5D_t5_src1381,115,india,map62_5D,5,1381,L0,"1,0,1,1",3,0.75,mixed,0.0,0.23184852302074432,0.037109375,retain_all_mixed_signal
mapwise_china_map9_0D_t8_src0343,116,china,map9_0D,8,343,L0,"1,1,1,1",4,1.0,all_correct,0.0,0.09472213871777058,0.0,balance_L0_easy_all_correct
mapwise_usa_map_7_t4_src2136,117,usa,map_7,4,2136,L0,"1,1,1,1",4,1.0,all_correct,0.0,0.14866760559380054,0.0,balance_L0_easy_all_correct
mapwise_china_map13_4D_t16_src0384,119,china,map13_4D,16,384,L1,"1,1,1,1",4,1.0,all_correct,0.0,0.10562212020158768,0.0,balance_L1_easy_all_correct
mapwise_china_map21_1D_t6_src0455,122,china,map21_1D,6,455,L0,"0,0,0,1",1,0.25,mixed,0.0,0.3743751496076584,0.1865234375,retain_all_mixed_signal
mapwise_usa_map_4_t41_src2860,123,usa,map_4,41,2860,L0,"1,1,1,1",4,1.0,all_correct,0.0,0.2798832654953003,0.0,balance_L0_easy_all_correct
mapwise_china_map9_7C_t23_src0615,125,china,map9_7C,23,615,L2,"0,0,0,0",0,0.0,all_wrong_nonfullclip,0.5,0.20520656555891037,0.0,balance_L2_hard_nonfullclip
mapwise_india_map105_6C_t30_src1653,127,india,map105_6C,30,1653,L2,"0,1,1,0",2,0.5,mixed,0.5,0.18044599890708923,0.04150390625,retain_all_mixed_signal
mapwise_usa_map_13555_t36_src2672,128,usa,map_13555,36,2672,L3,"1,1,1,1",4,1.0,all_correct,0.0,0.28566689789295197,0.0,balance_L3_easy_all_correct
mapwise_usa_map_20746_t34_src2221,135,usa,map_20746,34,2221,L3,"0,1,0,0",1,0.25,mixed,0.0,0.38627060502767563,0.027099609375,retain_all_mixed_signal
mapwise_usa_map_3689_t5_src2518,137,usa,map_3689,5,2518,L0,"1,1,1,1",4,1.0,all_correct,0.0,0.17916032671928406,0.0,balance_L0_easy_all_correct
mapwise_india_map92_2C_t18_src1549,138,india,map92_2C,18,1549,L3,"1,1,1,1",4,1.0,all_correct,0.0,0.34069546312093735,0.0,balance_L3_easy_all_correct
mapwise_india_map168_4C_t16_src1957,139,india,map168_4C,16,1957,L1,"0,0,0,0",0,0.0,all_wrong_nonfullclip,0.75,0.07782050967216492,0.0,balance_L1_hard_nonfullclip
mapwise_china_map20_6C_t22_src0183,140,china,map20_6C,22,183,L2,"1,1,0,1",3,0.75,mixed,0.25,0.23356137424707413,0.02783203125,retain_all_mixed_signal
mapwise_india_map168_4C_t3_src1959,141,india,map168_4C,3,1959,L0,"1,1,1,1",4,1.0,all_correct,0.0,0.12015973217785358,0.0,balance_L0_easy_all_correct
mapwise_china_map4_4C_t9_src0591,142,china,map4_4C,9,591,L1,"0,0,1,0",1,0.25,mixed,0.0,0.3438034877181053,0.06884765625,retain_all_mixed_signal
mapwise_usa_map_1280_t34_src2332,145,usa,map_1280,34,2332,L3,"0,0,0,0",0,0.0,all_wrong_nonfullclip,0.25,0.24007337540388107,0.0,balance_L3_hard_nonfullclip
mapwise_usa_map_8083_t34_src2545,147,usa,map_8083,34,2545,L3,"0,0,0,1",1,0.25,mixed,0.75,0.08482585102319717,0.0247802734375,retain_all_mixed_signal
mapwise_china_map8_6C_t19_src0992,148,china,map8_6C,19,992,L1,"1,0,0,0",1,0.25,mixed,0.0,0.24326542764902115,0.0169677734375,retain_all_mixed_signal
mapwise_india_map158_1C_t36_src1867,152,india,map158_1C,36,1867,L3,"0,0,0,0",0,0.0,all_wrong_nonfullclip,0.0,0.36727605015039444,0.0,balance_L3_hard_nonfullclip
mapwise_india_map121_2C_t31_src1718,156,india,map121_2C,31,1718,L2,"1,0,1,1",3,0.75,mixed,0.25,0.23546212166547775,0.03564453125,retain_all_mixed_signal
mapwise_india_map138_0D_t22_src1801,159,india,map138_0D,22,1801,L2,"0,0,0,1",1,0.25,mixed,0.75,0.03268575668334961,0.044921875,retain_all_mixed_signal
mapwise_india_map97_6D_t24_src1603,160,india,map97_6D,24,1603,L2,"1,0,0,1",2,0.5,mixed,0.5,0.11406222358345985,0.06982421875,retain_all_mixed_signal
mapwise_india_map101_2D_t41_src1635,163,india,map101_2D,41,1635,L0,"0,0,0,0",0,0.0,all_wrong_nonfullclip,0.0,0.3235994726419449,0.0,balance_L0_hard_nonfullclip
mapwise_usa_map_18402_t18_src2196,164,usa,map_18402,18,2196,L3,"0,0,0,1",1,0.25,mixed,0.75,0.11340048164129257,0.027099609375,retain_all_mixed_signal
mapwise_india_map7_5C_t9_src1069,167,india,map7_5C,9,1069,L1,"1,1,0,1",3,0.75,mixed,0.25,0.2841995656490326,0.03759765625,retain_all_mixed_signal
mapwise_usa_map_3689_t16_src2519,168,usa,map_3689,16,2519,L1,"1,1,1,1",4,1.0,all_correct,0.0,0.14464128576219082,0.0,balance_L1_easy_all_correct
mapwise_usa_map_584_t32_src2459,169,usa,map_584,32,2459,L2,"0,0,1,1",2,0.5,mixed,0.25,0.148304782807827,0.0274658203125,retain_all_mixed_signal
mapwise_usa_map_20774_t16_src2979,170,usa,map_20774,16,2979,L1,"0,0,0,0",0,0.0,all_wrong_nonfullclip,0.25,0.220298670232296,0.0,balance_L1_hard_nonfullclip
mapwise_india_map112_7D_t2_src1708,171,india,map112_7D,2,1708,L0,"0,0,0,0",0,0.0,all_wrong_nonfullclip,0.0,0.22928963974118233,0.0,balance_L0_hard_nonfullclip
mapwise_india_map53_0C_t20_src1315,174,india,map53_0C,20,1315,L3,"0,1,0,1",2,0.5,mixed,0.5,0.20716817677021027,0.045166015625,retain_all_mixed_signal
mapwise_usa_map_16161_t36_src2917,177,usa,map_16161,36,2917,L3,"1,1,1,1",4,1.0,all_correct,0.0,0.3234659507870674,0.0,balance_L3_easy_all_correct
mapwise_china_map16_0D_t5_src0399,178,china,map16_0D,5,399,L0,"1,1,1,1",4,1.0,all_correct,0.0,0.12738683633506298,0.0,balance_L0_easy_all_correct
mapwise_usa_map_11274_t42_src2569,179,usa,map_11274,42,2569,L2,"1,0,0,0",1,0.25,mixed,0.0,0.2058146372437477,0.046630859375,retain_all_mixed_signal
mapwise_usa_map_20584_t9_src2665,180,usa,map_20584,9,2665,L1,"1,1,1,1",4,1.0,all_correct,0.0,0.4041697606444359,0.0,balance_L1_easy_all_correct
mapwise_china_map6_3D_t5_src0298,181,china,map6_3D,5,298,L0,"0,1,1,1",3,0.75,mixed,0.0,0.2721487805247307,0.0206298828125,retain_all_mixed_signal
mapwise_usa_map_200_t9_src2067,183,usa,map_200,9,2067,L1,"0,1,0,0",1,0.25,mixed,0.75,0.09197558462619781,0.03662109375,retain_all_mixed_signal
mapwise_china_map13_4C_t30_src0674,185,china,map13_4C,30,674,L2,"0,0,0,0",0,0.0,all_wrong_nonfullclip,0.5,0.22046023607254028,0.0,balance_L2_hard_nonfullclip
mapwise_india_map100_4C_t34_src1621,186,india,map100_4C,34,1621,L3,"0,0,0,0",0,0.0,all_wrong_nonfullclip,0.25,0.28192325681447983,0.0,balance_L3_hard_nonfullclip
mapwise_india_map9_2C_t20_src1093,187,india,map9_2C,20,1093,L3,"1,1,0,1",3,0.75,mixed,0.25,0.31742503494024277,0.03173828125,retain_all_mixed_signal
mapwise_usa_map_13_t33_src2281,188,usa,map_13,33,2281,L3,"1,1,0,1",3,0.75,mixed,0.25,0.2821323722600937,0.0274658203125,retain_all_mixed_signal
mapwise_usa_map_18348_t8_src2364,190,usa,map_18348,8,2364,L0,"0,0,0,0",0,0.0,all_wrong_nonfullclip,0.0,0.08703513257205486,0.0,balance_L0_hard_nonfullclip
mapwise_usa_map_6616_t9_src2375,192,usa,map_6616,9,2375,L1,"1,1,1,1",4,1.0,all_correct,0.0,0.13266715593636036,0.0,balance_L1_easy_all_correct
mapwise_india_map62_6C_t34_src1390,193,india,map62_6C,34,1390,L3,"1,0,0,0",1,0.25,mixed,1.0,0.0,0.0,retain_all_mixed_signal
mapwise_usa_map_1950_t16_src2410,194,usa,map_1950,16,2410,L1,"1,1,1,1",4,1.0,all_correct,0.0,0.1028006561100483,0.0,balance_L1_easy_all_correct
mapwise_usa_map_17382_t4_src2586,195,usa,map_17382,4,2586,L0,"0,0,0,0",0,0.0,all_wrong_nonfullclip,0.0,0.2110721617937088,0.0,balance_L0_hard_nonfullclip
mapwise_india_map131_6D_t39_src1761,199,india,map131_6D,39,1761,L2,"0,1,1,1",3,0.75,mixed,0.25,0.2197946533560753,0.026611328125,retain_all_mixed_signal
mapwise_usa_map_13283_t32_src2145,202,usa,map_13283,32,2145,L2,"1,0,1,0",2,0.5,mixed,0.5,0.16138453036546707,0.02783203125,retain_all_mixed_signal
mapwise_india_map68_0C_t22_src1427,203,india,map68_0C,22,1427,L2,"0,0,1,1",2,0.5,mixed,0.5,0.17037270218133926,0.043701171875,retain_all_mixed_signal
mapwise_india_map44_6D_t18_src1284,206,india,map44_6D,18,1284,L3,"1,1,1,1",4,1.0,all_correct,0.0,0.24314112588763237,0.0,balance_L3_easy_all_correct
mapwise_india_map166_7D_t42_src1928,211,india,map166_7D,42,1928,L2,"1,0,1,1",3,0.75,mixed,0.25,0.16522560641169548,0.0238037109375,retain_all_mixed_signal
mapwise_china_map13_0D_t16_src0556,214,china,map13_0D,16,556,L1,"0,0,0,0",0,0.0,all_wrong_nonfullclip,0.0,0.2267056219279766,0.0,balance_L1_hard_nonfullclip
mapwise_india_map10_8C_t10_src1116,215,india,map10_8C,10,1116,L1,"1,1,1,1",4,1.0,all_correct,0.0,0.4340543672442436,0.0,balance_L1_easy_all_correct
mapwise_usa_map_2453_t4_src2419,216,usa,map_2453,4,2419,L0,"0,0,0,0",0,0.0,all_wrong_nonfullclip,0.0,0.11001225374639034,0.0,balance_L0_hard_nonfullclip
mapwise_usa_map_7432_t36_src2738,218,usa,map_7432,36,2738,L3,"0,1,1,1",3,0.75,mixed,0.25,0.18092897161841393,0.01171875,retain_all_mixed_signal
mapwise_usa_map_10436_t4_src2274,219,usa,map_10436,4,2274,L0,"0,0,0,0",0,0.0,all_wrong_nonfullclip,0.0,0.14273107796907425,0.0,balance_L0_hard_nonfullclip
mapwise_india_map156_2D_t41_src1848,220,india,map156_2D,41,1848,L0,"0,0,0,0",0,0.0,all_wrong_nonfullclip,0.0,0.2435513772070408,0.0,balance_L0_hard_nonfullclip
mapwise_india_map89_4D_t8_src1505,221,india,map89_4D,8,1505,L0,"0,0,0,0",0,0.0,all_wrong_nonfullclip,0.0,0.10345759242773056,0.0,balance_L0_hard_nonfullclip
mapwise_china_map17_4C_t41_src0155,222,china,map17_4C,41,155,L0,"1,1,1,1",4,1.0,all_correct,0.0,0.25600897893309593,0.0,balance_L0_easy_all_correct
mapwise_china_map5_1C_t16_src0223,223,china,map5_1C,16,223,L1,"0,0,0,0",0,0.0,all_wrong_nonfullclip,0.0,0.36391034722328186,0.0,balance_L1_hard_nonfullclip
mapwise_india_map101_2D_t13_src1639,227,india,map101_2D,13,1639,L2,"0,0,0,1",1,0.25,mixed,0.75,0.05527428910136223,0.04736328125,retain_all_mixed_signal
mapwise_usa_map_1220_t20_src2426,228,usa,map_1220,20,2426,L3,"0,0,1,0",1,0.25,mixed,0.75,0.07462137937545776,0.04150390625,retain_all_mixed_signal
mapwise_usa_map_11349_t33_src2480,231,usa,map_11349,33,2480,L3,"0,0,0,1",1,0.25,mixed,0.75,0.0775034949183464,0.11865234375,retain_all_mixed_signal
mapwise_china_map17_2D_t22_src0800,233,china,map17_2D,22,800,L2,"1,0,0,0",1,0.25,mixed,0.75,0.08554621040821075,0.59765625,retain_all_mixed_signal
mapwise_china_map18_5C_t21_src0626,234,china,map18_5C,21,626,L2,"1,0,1,0",2,0.5,mixed,0.25,0.2829177528619766,0.03125,retain_all_mixed_signal
mapwise_usa_map_18348_t29_src2365,235,usa,map_18348,29,2365,L2,"0,0,0,0",0,0.0,all_wrong_nonfullclip,0.5,0.09310600161552429,0.0,balance_L2_hard_nonfullclip
mapwise_china_map22_6D_t24_src0709,236,china,map22_6D,24,709,L2,"0,0,1,0",1,0.25,mixed,0.0,0.31426870822906494,0.05712890625,retain_all_mixed_signal
mapwise_usa_map_9_t41_src2297,239,usa,map_9,41,2297,L0,"1,1,1,1",4,1.0,all_correct,0.0,0.25449633970856667,0.0,balance_L0_easy_all_correct
mapwise_china_map9_7C_t6_src0611,240,china,map9_7C,6,611,L0,"0,0,0,0",0,0.0,all_wrong_nonfullclip,0.0,0.29038822650909424,0.0,balance_L0_hard_nonfullclip
mapwise_china_map11_8D_t1_src0540,241,china,map11_8D,1,540,L0,"1,1,1,1",4,1.0,all_correct,0.0,0.10948626138269901,0.0,balance_L0_easy_all_correct
mapwise_india_map10_8C_t3_src1110,242,india,map10_8C,3,1110,L0,"1,1,1,1",4,1.0,all_correct,0.0,0.1800488866865635,0.0,balance_L0_easy_all_correct
mapwise_india_map8_6C_t30_src1087,244,india,map8_6C,30,1087,L2,"1,1,0,0",2,0.5,mixed,0.5,0.212486632168293,0.060302734375,retain_all_mixed_signal
mapwise_usa_map_1347_t41_src2908,248,usa,map_1347,41,2908,L0,"0,0,0,0",0,0.0,all_wrong_nonfullclip,0.0,0.29352880269289017,0.0,balance_L0_hard_nonfullclip
mapwise_usa_map_12788_t7_src2615,249,usa,map_12788,7,2615,L0,"1,1,1,1",4,1.0,all_correct,0.0,0.22646474838256836,0.0,balance_L0_easy_all_correct
mapwise_india_map69_0D_t41_src1434,251,india,map69_0D,41,1434,L0,"0,0,0,0",0,0.0,all_wrong_nonfullclip,0.0,0.31214988231658936,0.0,balance_L0_hard_nonfullclip
mapwise_china_map8_5C_t31_src0079,252,china,map8_5C,31,79,L2,"1,0,1,1",3,0.75,mixed,0.25,0.24177192151546478,0.017333984375,retain_all_mixed_signal
mapwise_china_map13_1C_t2_src0127,253,china,map13_1C,2,127,L0,"1,1,1,1",4,1.0,all_correct,0.0,0.221717469394207,0.0,balance_L0_easy_all_correct
mapwise_china_map11_5C_t36_src0108,254,china,map11_5C,36,108,L3,"0,0,1,0",1,0.25,mixed,0.0,0.3545154854655266,0.04296875,retain_all_mixed_signal
mapwise_india_map72_6C_t10_src1450,255,india,map72_6C,10,1450,L1,"1,0,1,0",2,0.5,mixed,0.0,0.3986419215798378,0.04833984375,retain_all_mixed_signal
mapwise_china_map3_3D_t6_src0878,257,china,map3_3D,6,878,L0,"0,0,0,0",0,0.0,all_wrong_nonfullclip,0.0,0.22594191879034042,0.0,balance_L0_hard_nonfullclip
mapwise_usa_map_8576_t5_src2936,258,usa,map_8576,5,2936,L0,"0,0,0,0",0,0.0,all_wrong_nonfullclip,0.0,0.14110187254846096,0.0,balance_L0_hard_nonfullclip
mapwise_india_map105_6C_t16_src1657,262,india,map105_6C,16,1657,L1,"0,0,0,0",0,0.0,all_wrong_nonfullclip,0.75,0.07079340517520905,0.0,balance_L1_hard_nonfullclip
mapwise_china_map17_0D_t6_src0560,264,china,map17_0D,6,560,L0,"0,0,0,0",0,0.0,all_wrong_nonfullclip,0.0,0.1657947190105915,0.0,balance_L0_hard_nonfullclip
mapwise_china_map11_5D_t34_src0965,266,china,map11_5D,34,965,L3,"0,0,0,0",0,0.0,all_wrong_nonfullclip,0.75,0.054966721683740616,0.0,balance_L3_hard_nonfullclip
mapwise_china_map2_3C_t36_src0013,268,china,map2_3C,36,13,L3,"0,0,0,0",0,0.0,all_wrong_nonfullclip,0.75,0.10223716497421265,0.0,balance_L3_hard_nonfullclip
mapwise_india_map69_0D_t18_src1432,269,india,map69_0D,18,1432,L3,"0,0,0,1",1,0.25,mixed,0.25,0.1495320312678814,0.107421875,retain_all_mixed_signal
mapwise_usa_map_8083_t22_src2541,270,usa,map_8083,22,2541,L2,"1,0,0,1",2,0.5,mixed,0.5,0.11192332580685616,0.05078125,retain_all_mixed_signal
mapwise_usa_map_16161_t21_src2913,273,usa,map_16161,21,2913,L2,"1,1,1,1",4,1.0,all_correct,0.0,0.19726330414414406,0.0,balance_L2_easy_all_correct
mapwise_usa_map_11719_t16_src2596,274,usa,map_11719,16,2596,L1,"0,0,0,0",0,0.0,all_wrong_nonfullclip,0.0,0.1334143728017807,0.0,balance_L1_hard_nonfullclip
mapwise_china_map2_0C_t2_src0583,275,china,map2_0C,2,583,L0,"1,1,1,1",4,1.0,all_correct,0.0,0.21796469762921333,0.0,balance_L0_easy_all_correct
mapwise_usa_map_8576_t8_src2930,277,usa,map_8576,8,2930,L0,"0,0,0,0",0,0.0,all_wrong_nonfullclip,0.0,0.0997096374630928,0.0,balance_L0_hard_nonfullclip
mapwise_india_map81_5D_t6_src1476,278,india,map81_5D,6,1476,L0,"1,1,1,1",4,1.0,all_correct,0.0,0.13365493528544903,0.0,balance_L0_easy_all_correct
mapwise_china_map3_0C_t33_src0913,279,china,map3_0C,33,913,L3,"0,0,1,0",1,0.25,mixed,0.75,0.10931291431188583,0.10986328125,retain_all_mixed_signal
mapwise_usa_map_15117_t3_src2051,280,usa,map_15117,3,2051,L0,"0,1,1,0",2,0.5,mixed,0.0,0.18212920427322388,0.0091552734375,retain_all_mixed_signal
mapwise_india_map166_7D_t5_src1923,281,india,map166_7D,5,1923,L0,"0,1,0,0",1,0.25,mixed,0.0,0.20140115171670914,0.15625,retain_all_mixed_signal
mapwise_india_map171_4C_t22_src1991,282,india,map171_4C,22,1991,L2,"1,0,1,1",3,0.75,mixed,0.25,0.23915297538042068,0.193359375,retain_all_mixed_signal
mapwise_usa_map_5931_t37_src2797,284,usa,map_5931,37,2797,L3,"0,0,0,0",0,0.0,all_wrong_nonfullclip,0.75,0.12870314717292786,0.0,balance_L3_hard_nonfullclip
mapwise_usa_map_4042_t1_src2824,287,usa,map_4042,1,2824,L0,"1,1,1,1",4,1.0,all_correct,0.0,0.11495724506676197,0.0,balance_L0_easy_all_correct
mapwise_usa_map_930_t21_src3017,288,usa,map_930,21,3017,L2,"1,1,0,1",3,0.75,mixed,0.25,0.1925121396780014,0.01544189453125,retain_all_mixed_signal
mapwise_india_map131_6D_t42_src1769,290,india,map131_6D,42,1769,L2,"1,1,1,0",3,0.75,mixed,0.25,0.18591762334108353,0.1435546875,retain_all_mixed_signal
mapwise_usa_map_13792_t7_src2977,291,usa,map_13792,7,2977,L0,"1,1,1,1",4,1.0,all_correct,0.0,0.25426843017339706,0.0,balance_L0_easy_all_correct
mapwise_usa_map_11719_t22_src2597,292,usa,map_11719,22,2597,L2,"0,0,0,1",1,0.25,mixed,0.75,0.058786436915397644,0.052490234375,retain_all_mixed_signal
mapwise_china_map5_1C_t41_src0222,293,china,map5_1C,41,222,L0,"1,1,1,1",4,1.0,all_correct,0.0,0.28644995391368866,0.0,balance_L0_easy_all_correct
mapwise_china_map8_0D_t41_src0955,294,china,map8_0D,41,955,L0,"0,0,0,0",0,0.0,all_wrong_nonfullclip,0.0,0.3414054363965988,0.0,balance_L0_hard_nonfullclip
mapwise_india_map90_0C_t23_src1517,295,india,map90_0C,23,1517,L2,"1,1,0,0",2,0.5,mixed,0.5,0.16872137784957886,0.034423828125,retain_all_mixed_signal
mapwise_india_map7_5C_t32_src1064,297,india,map7_5C,32,1064,L2,"1,0,1,1",3,0.75,mixed,0.25,0.2556093707680702,0.027099609375,retain_all_mixed_signal
mapwise_china_map1_1D_t36_src0258,299,china,map1_1D,36,258,L3,"0,0,0,0",0,0.0,all_wrong_nonfullclip,0.0,0.3143821433186531,0.0,balance_L3_hard_nonfullclip
mapwise_usa_map_20746_t18_src2216,300,usa,map_20746,18,2216,L3,"1,1,1,1",4,1.0,all_correct,0.0,0.2490542307496071,0.0,balance_L3_easy_all_correct
mapwise_china_map3_0C_t42_src0908,301,china,map3_0C,42,908,L2,"0,1,0,0",1,0.25,mixed,0.75,0.1097450703382492,0.050048828125,retain_all_mixed_signal
mapwise_india_map97_8D_t19_src1611,303,india,map97_8D,19,1611,L1,"1,1,0,0",2,0.5,mixed,0.25,0.18256190791726112,0.0654296875,retain_all_mixed_signal
mapwise_usa_map_30_t4_src2384,306,usa,map_30,4,2384,L0,"1,1,1,1",4,1.0,all_correct,0.0,0.18141070380806923,0.0,balance_L0_easy_all_correct
mapwise_india_map92_2C_t19_src1548,307,india,map92_2C,19,1548,L1,"0,0,0,0",0,0.0,all_wrong_nonfullclip,0.0,0.2945322133600712,0.0,balance_L1_hard_nonfullclip
mapwise_india_map112_2D_t36_src1692,308,india,map112_2D,36,1692,L3,"1,0,0,0",1,0.25,mixed,0.75,0.07366637140512466,0.140625,retain_all_mixed_signal
mapwise_usa_map_30_t16_src2387,309,usa,map_30,16,2387,L1,"1,1,1,1",4,1.0,all_correct,0.0,0.16360849514603615,0.0,balance_L1_easy_all_correct
mapwise_china_map3_0C_t19_src0911,312,china,map3_0C,19,911,L1,"1,1,1,0",3,0.75,mixed,0.0,0.29047055169939995,0.031982421875,retain_all_mixed_signal
mapwise_china_map2_0D_t34_src0684,314,china,map2_0D,34,684,L3,"1,0,0,0",1,0.25,mixed,0.75,0.09198139607906342,0.10595703125,retain_all_mixed_signal
mapwise_china_map5_1C_t18_src0225,315,china,map5_1C,18,225,L3,"1,0,0,1",2,0.5,mixed,0.5,0.21268773078918457,0.03857421875,retain_all_mixed_signal
mapwise_usa_map_18402_t42_src2199,316,usa,map_18402,42,2199,L2,"1,0,1,0",2,0.5,mixed,0.0,0.3340924307703972,0.03369140625,retain_all_mixed_signal
mapwise_usa_map_14414_t31_src2252,318,usa,map_14414,31,2252,L2,"0,0,1,0",1,0.25,mixed,0.75,0.06812941282987595,0.037353515625,retain_all_mixed_signal
mapwise_usa_map_7432_t20_src2734,320,usa,map_7432,20,2734,L3,"0,0,0,1",1,0.25,mixed,0.75,0.07455857843160629,0.0341796875,retain_all_mixed_signal
mapwise_usa_map_18402_t6_src2204,322,usa,map_18402,6,2204,L0,"1,1,0,1",3,0.75,mixed,0.0,0.32900507003068924,0.02783203125,retain_all_mixed_signal
mapwise_usa_map_9_t19_src2289,323,usa,map_9,19,2289,L1,"1,1,1,1",4,1.0,all_correct,0.0,0.31329385936260223,0.0,balance_L1_easy_all_correct
mapwise_china_map4_4C_t19_src0596,324,china,map4_4C,19,596,L1,"1,1,1,1",4,1.0,all_correct,0.0,0.23248939588665962,0.0,balance_L1_easy_all_correct
mapwise_china_map23_8C_t7_src0648,325,china,map23_8C,7,648,L0,"1,1,1,1",4,1.0,all_correct,0.0,0.2878006882965565,0.0,balance_L0_easy_all_correct
mapwise_usa_map_1342_t37_src2840,326,usa,map_1342,37,2840,L3,"0,0,0,0",0,0.0,all_wrong_nonfullclip,0.0,0.2904719151556492,0.0,balance_L3_hard_nonfullclip
mapwise_china_map2_0C_t6_src0578,327,china,map2_0C,6,578,L0,"0,0,0,0",0,0.0,all_wrong_nonfullclip,0.0,0.24724362045526505,0.0,balance_L0_hard_nonfullclip
mapwise_china_map11_5D_t18_src0958,328,china,map11_5D,18,958,L3,"1,1,1,1",4,1.0,all_correct,0.0,0.21246804296970367,0.0,balance_L3_easy_all_correct
mapwise_india_map166_3C_t18_src1911,329,india,map166_3C,18,1911,L3,"1,1,1,1",4,1.0,all_correct,0.0,0.25628573447465897,0.0,balance_L3_easy_all_correct
mapwise_china_map21_1D_t33_src0449,331,china,map21_1D,33,449,L3,"0,0,0,0",0,0.0,all_wrong_nonfullclip,0.0,0.31013084203004837,0.0,balance_L3_hard_nonfullclip
mapwise_china_map9_0C_t16_src0746,332,china,map9_0C,16,746,L1,"0,0,0,0",0,0.0,all_wrong_nonfullclip,0.0,0.36632122844457626,0.0,balance_L1_hard_nonfullclip
mapwise_usa_map_488_t6_src2471,333,usa,map_488,6,2471,L0,"0,0,0,0",0,0.0,all_wrong_nonfullclip,0.0,0.19828172028064728,0.0,balance_L0_hard_nonfullclip
mapwise_india_map166_7D_t41_src1929,334,india,map166_7D,41,1929,L0,"0,0,0,0",0,0.0,all_wrong_nonfullclip,0.0,0.2596280016005039,0.0,balance_L0_hard_nonfullclip
mapwise_india_map81_5D_t19_src1471,337,india,map81_5D,19,1471,L1,"0,1,0,1",2,0.5,mixed,0.0,0.22107190266251564,0.154296875,retain_all_mixed_signal
mapwise_china_map16_3C_t20_src0851,339,china,map16_3C,20,851,L3,"0,0,0,0",0,0.0,all_wrong_nonfullclip,0.75,0.09062349051237106,0.0,balance_L3_hard_nonfullclip
mapwise_china_map1_1D_t2_src0254,345,china,map1_1D,2,254,L0,"1,1,1,1",4,1.0,all_correct,0.0,0.17553162202239037,0.0,balance_L0_easy_all_correct
mapwise_china_map6_1C_t9_src0980,346,china,map6_1C,9,980,L1,"0,0,0,0",0,0.0,all_wrong_nonfullclip,0.25,0.3052472248673439,0.0,balance_L1_hard_nonfullclip
mapwise_india_map100_4C_t18_src1622,347,india,map100_4C,18,1622,L3,"0,0,0,0",0,0.0,all_wrong_nonfullclip,0.0,0.30409524589776993,0.0,balance_L3_hard_nonfullclip
mapwise_usa_map_1136_t3_src2493,352,usa,map_1136,3,2493,L0,"0,0,0,0",0,0.0,all_wrong_nonfullclip,0.0,0.1317203976213932,0.0,balance_L0_hard_nonfullclip
mapwise_usa_map_16161_t37_src2910,354,usa,map_16161,37,2910,L3,"0,0,0,0",0,0.0,all_wrong_nonfullclip,0.0,0.3147263377904892,0.0,balance_L3_hard_nonfullclip
mapwise_india_map44_6D_t32_src1289,357,india,map44_6D,32,1289,L2,"0,1,1,1",3,0.75,mixed,0.25,0.2107418067753315,0.0322265625,retain_all_mixed_signal
mapwise_china_map19_4D_t5_src0783,359,china,map19_4D,5,783,L0,"0,0,0,1",1,0.25,mixed,0.0,0.25207073241472244,0.0625,retain_all_mixed_signal
mapwise_china_map2_0D_t5_src0678,360,china,map2_0D,5,678,L0,"1,1,0,0",2,0.5,mixed,0.0,0.2669367976486683,0.035400390625,retain_all_mixed_signal
mapwise_india_map1_0C_t6_src1009,362,india,map1_0C,6,1009,L0,"1,1,1,1",4,1.0,all_correct,0.0,0.31330928206443787,0.0,balance_L0_easy_all_correct
mapwise_china_map3_6D_t19_src0271,363,china,map3_6D,19,271,L1,"1,1,1,1",4,1.0,all_correct,0.0,0.32042674720287323,0.0,balance_L1_easy_all_correct
mapwise_usa_map_2632_t22_src3002,364,usa,map_2632,22,3002,L2,"1,0,0,1",2,0.5,mixed,0.5,0.1707478165626526,0.062255859375,retain_all_mixed_signal
mapwise_china_map3_0C_t31_src0916,365,china,map3_0C,31,916,L2,"0,0,1,0",1,0.25,mixed,0.75,0.10140442848205566,0.0419921875,retain_all_mixed_signal
mapwise_usa_map_6616_t35_src2376,366,usa,map_6616,35,2376,L2,"0,1,1,1",3,0.75,mixed,0.0,0.27463675290346146,0.0419921875,retain_all_mixed_signal
mapwise_usa_map_20774_t34_src2986,367,usa,map_20774,34,2986,L3,"0,1,0,0",1,0.25,mixed,0.75,0.11165694892406464,0.037841796875,retain_all_mixed_signal
mapwise_china_map7_6C_t2_src0061,368,china,map7_6C,2,61,L0,"0,0,0,0",0,0.0,all_wrong_nonfullclip,0.0,0.17561551183462143,0.0,balance_L0_hard_nonfullclip
mapwise_usa_map_8616_t7_src2993,370,usa,map_8616,7,2993,L0,"1,1,1,1",4,1.0,all_correct,0.0,0.28879786282777786,0.0,balance_L0_easy_all_correct
mapwise_usa_map_5000_t34_src2813,371,usa,map_5000,34,2813,L3,"0,1,1,1",3,0.75,mixed,0.25,0.3097132071852684,0.01953125,retain_all_mixed_signal
mapwise_india_map12_8C_t23_src1145,372,india,map12_8C,23,1145,L2,"0,1,0,1",2,0.5,mixed,0.5,0.16304587572813034,0.032470703125,retain_all_mixed_signal
mapwise_china_map20_6C_t3_src0181,373,china,map20_6C,3,181,L0,"0,0,0,0",0,0.0,all_wrong_nonfullclip,0.0,0.11816821247339249,0.0,balance_L0_hard_nonfullclip
mapwise_usa_map_10436_t35_src2268,376,usa,map_10436,35,2268,L2,"0,1,0,0",1,0.25,mixed,0.0,0.2145588994026184,0.03466796875,retain_all_mixed_signal
mapwise_china_map11_1D_t16_src0365,378,china,map11_1D,16,365,L1,"1,1,0,1",3,0.75,mixed,0.0,0.1953580230474472,0.435546875,retain_all_mixed_signal
mapwise_india_map50_8D_t33_src1293,380,india,map50_8D,33,1293,L3,"0,0,0,0",0,0.0,all_wrong_nonfullclip,0.75,0.07109510898590088,0.0,balance_L3_hard_nonfullclip
mapwise_china_map10_5C_t39_src0095,384,china,map10_5C,39,95,L2,"1,0,1,1",3,0.75,mixed,0.25,0.2668999657034874,0.0220947265625,retain_all_mixed_signal
mapwise_china_map3_3D_t21_src0883,387,china,map3_3D,21,883,L2,"0,0,1,0",1,0.25,mixed,0.75,0.07017061859369278,0.047607421875,retain_all_mixed_signal
mapwise_china_map4_4D_t5_src0282,388,china,map4_4D,5,282,L0,"0,0,0,0",0,0.0,all_wrong_nonfullclip,0.0,0.22231151908636093,0.0,balance_L0_hard_nonfullclip
mapwise_china_map21_1C_t34_src0764,389,china,map21_1C,34,764,L3,"1,0,1,0",2,0.5,mixed,0.5,0.19415950775146484,0.059814453125,retain_all_mixed_signal
mapwise_india_map50_8D_t42_src1294,391,india,map50_8D,42,1294,L2,"1,1,1,1",4,1.0,all_correct,0.0,0.24416504800319672,0.0,balance_L2_easy_all_correct
mapwise_china_map19_4D_t41_src0782,394,china,map19_4D,41,782,L0,"0,0,0,0",0,0.0,all_wrong_nonfullclip,0.0,0.3394271731376648,0.0,balance_L0_hard_nonfullclip
mapwise_china_map4_4D_t30_src0285,397,china,map4_4D,30,285,L2,"1,1,1,1",4,1.0,all_correct,0.0,0.2481977343559265,0.0,balance_L2_easy_all_correct
mapwise_india_map100_4C_t5_src1623,400,india,map100_4C,5,1623,L0,"0,1,0,0",1,0.25,mixed,0.0,0.31293564289808273,0.0198974609375,retain_all_mixed_signal
mapwise_india_map165_7C_t36_src1900,402,india,map165_7C,36,1900,L3,"0,0,0,1",1,0.25,mixed,0.75,0.09407395124435425,0.040283203125,retain_all_mixed_signal
mapwise_china_map21_1D_t41_src0451,403,china,map21_1D,41,451,L0,"0,0,0,0",0,0.0,all_wrong_nonfullclip,0.0,0.3349524810910225,0.0,balance_L0_hard_nonfullclip
mapwise_china_map11_5D_t24_src0964,404,china,map11_5D,24,964,L2,"1,0,0,1",2,0.5,mixed,0.0,0.27723483741283417,0.0673828125,retain_all_mixed_signal
mapwise_usa_map_1950_t30_src2404,407,usa,map_1950,30,2404,L2,"1,0,1,1",3,0.75,mixed,0.25,0.16600895300507545,0.0185546875,retain_all_mixed_signal
mapwise_usa_map_18501_t35_src2184,408,usa,map_18501,35,2184,L2,"0,1,0,1",2,0.5,mixed,0.5,0.12066759914159775,0.111328125,retain_all_mixed_signal
mapwise_usa_map_5327_t37_src2770,409,usa,map_5327,37,2770,L3,"0,0,0,0",0,0.0,all_wrong_nonfullclip,0.25,0.1535743549466133,0.0,balance_L3_hard_nonfullclip
mapwise_india_map22_6C_t34_src1215,410,india,map22_6C,34,1215,L3,"0,0,0,1",1,0.25,mixed,0.25,0.270002119243145,0.04150390625,retain_all_mixed_signal
mapwise_india_map51_0D_t16_src1306,411,india,map51_0D,16,1306,L1,"1,1,1,0",3,0.75,mixed,0.0,0.12268915213644505,0.03173828125,retain_all_mixed_signal
mapwise_usa_map_11349_t4_src2488,412,usa,map_11349,4,2488,L0,"0,0,0,0",0,0.0,all_wrong_nonfullclip,0.0,0.11220209486782551,0.0,balance_L0_hard_nonfullclip
mapwise_india_map41_3D_t24_src1261,413,india,map41_3D,24,1261,L2,"0,1,1,0",2,0.5,mixed,0.5,0.12111582607030869,0.435546875,retain_all_mixed_signal
mapwise_india_map168_3C_t16_src1944,414,india,map168_3C,16,1944,L1,"0,0,0,0",0,0.0,all_wrong_nonfullclip,0.5,0.17952340096235275,0.0,balance_L1_hard_nonfullclip
mapwise_china_map5_4C_t33_src0936,417,china,map5_4C,33,936,L3,"1,0,0,0",1,0.25,mixed,0.75,0.08772687613964081,0.0322265625,retain_all_mixed_signal
mapwise_china_map3_2D_t22_src0516,418,china,map3_2D,22,516,L2,"0,1,0,0",1,0.25,mixed,0.75,0.07560724765062332,0.040283203125,retain_all_mixed_signal
mapwise_china_map3_1C_t3_src0232,419,china,map3_1C,3,232,L0,"0,0,0,0",0,0.0,all_wrong_nonfullclip,0.0,0.11157054640352726,0.0,balance_L0_hard_nonfullclip
mapwise_china_map8_0D_t8_src0950,421,china,map8_0D,8,950,L0,"1,1,1,0",3,0.75,mixed,0.25,0.10226275958120823,0.01220703125,retain_all_mixed_signal
mapwise_india_map126_2C_t3_src1744,422,india,map126_2C,3,1744,L0,"0,0,0,0",0,0.0,all_wrong_nonfullclip,0.0,0.1131097711622715,0.0,balance_L0_hard_nonfullclip
mapwise_india_map53_0C_t6_src1319,423,india,map53_0C,6,1319,L0,"1,1,1,1",4,1.0,all_correct,0.0,0.16053855419158936,0.0,balance_L0_easy_all_correct
mapwise_usa_map_7299_t41_src2751,424,usa,map_7299,41,2751,L0,"0,0,1,1",2,0.5,mixed,0.0,0.23203331977128983,0.0203857421875,retain_all_mixed_signal
mapwise_usa_map_13396_t2_src2686,425,usa,map_13396,2,2686,L0,"0,0,0,1",1,0.25,mixed,0.0,0.24429354444146156,0.0159912109375,retain_all_mixed_signal
mapwise_china_map17_2D_t3_src0807,426,china,map17_2D,3,807,L0,"0,0,0,1",1,0.25,mixed,0.0,0.15293583646416664,0.022705078125,retain_all_mixed_signal
mapwise_india_map61_4D_t9_src1372,428,india,map61_4D,9,1372,L1,"1,1,0,1",3,0.75,mixed,0.0,0.1706107258796692,0.040283203125,retain_all_mixed_signal
mapwise_usa_map_17382_t34_src2590,429,usa,map_17382,34,2590,L3,"1,1,0,1",3,0.75,mixed,0.25,0.2650342136621475,0.03271484375,retain_all_mixed_signal
mapwise_china_map17_2D_t4_src0805,433,china,map17_2D,4,805,L0,"0,0,1,0",1,0.25,mixed,0.0,0.19182008504867554,0.048583984375,retain_all_mixed_signal
mapwise_china_map3_0C_t10_src0912,435,china,map3_0C,10,912,L1,"0,0,0,0",0,0.0,all_wrong_nonfullclip,0.25,0.28326892852783203,0.0,balance_L1_hard_nonfullclip
mapwise_usa_map_9685_t17_src2703,436,usa,map_9685,17,2703,L2,"0,1,0,1",2,0.5,mixed,0.25,0.20161991193890572,0.047119140625,retain_all_mixed_signal
mapwise_india_map152_3D_t16_src1833,437,india,map152_3D,16,1833,L1,"0,0,0,0",0,0.0,all_wrong_nonfullclip,0.0,0.1768112313002348,0.0,balance_L1_hard_nonfullclip
mapwise_usa_map_16161_t4_src2916,438,usa,map_16161,4,2916,L0,"0,0,0,0",0,0.0,all_wrong_nonfullclip,0.0,0.13387226685881615,0.0,balance_L0_hard_nonfullclip
mapwise_china_map1_2D_t13_src0863,439,china,map1_2D,13,863,L2,"0,1,0,0",1,0.25,mixed,0.75,0.07673584669828415,0.04833984375,retain_all_mixed_signal
mapwise_india_map72_6C_t16_src1456,440,india,map72_6C,16,1456,L1,"0,0,0,0",0,0.0,all_wrong_nonfullclip,0.75,0.09410324692726135,0.0,balance_L1_hard_nonfullclip
mapwise_india_map152_3D_t39_src1838,441,india,map152_3D,39,1838,L2,"0,1,1,1",3,0.75,mixed,0.25,0.19152071699500084,0.037353515625,retain_all_mixed_signal
mapwise_india_map112_7D_t4_src1701,443,india,map112_7D,4,1701,L0,"0,0,0,0",0,0.0,all_wrong_nonfullclip,0.0,0.18366357684135437,0.0,balance_L0_hard_nonfullclip
mapwise_usa_map_16161_t41_src2915,446,usa,map_16161,41,2915,L0,"0,0,0,0",0,0.0,all_wrong_nonfullclip,0.0,0.3008884973824024,0.0,balance_L0_hard_nonfullclip
mapwise_usa_map_15117_t8_src2046,447,usa,map_15117,8,2046,L0,"0,0,1,0",1,0.25,mixed,0.75,0.04399097338318825,0.059814453125,retain_all_mixed_signal
mapwise_china_map21_1C_t2_src0763,450,china,map21_1C,2,763,L0,"1,1,1,1",4,1.0,all_correct,0.0,0.25804051756858826,0.0,balance_L0_easy_all_correct
mapwise_usa_map_8808_t17_src2007,452,usa,map_8808,17,2007,L2,"0,0,0,0",0,0.0,all_wrong_nonfullclip,0.5,0.09753602743148804,0.0,balance_L2_hard_nonfullclip
mapwise_usa_map_6616_t16_src2372,453,usa,map_6616,16,2372,L1,"0,0,0,0",0,0.0,all_wrong_nonfullclip,0.0,0.14520230516791344,0.0,balance_L1_hard_nonfullclip
mapwise_usa_map_13555_t34_src2669,457,usa,map_13555,34,2669,L3,"0,1,1,1",3,0.75,mixed,0.25,0.2761624604463577,0.013671875,retain_all_mixed_signal
mapwise_china_map8_7D_t9_src0528,459,china,map8_7D,9,528,L1,"1,1,1,1",4,1.0,all_correct,0.0,0.21067694202065468,0.0,balance_L1_easy_all_correct
mapwise_usa_map_19_t16_src2400,460,usa,map_19,16,2400,L1,"0,0,0,0",0,0.0,all_wrong_nonfullclip,0.0,0.12375129014253616,0.0,balance_L1_hard_nonfullclip
mapwise_china_map6_0D_t9_src0520,462,china,map6_0D,9,520,L1,"1,1,1,1",4,1.0,all_correct,0.0,0.2273113951086998,0.0,balance_L1_easy_all_correct
mapwise_usa_map_14414_t3_src2254,467,usa,map_14414,3,2254,L0,"0,0,0,0",0,0.0,all_wrong_nonfullclip,0.0,0.1880481243133545,0.0,balance_L0_hard_nonfullclip
mapwise_india_map158_1C_t20_src1865,468,india,map158_1C,20,1865,L3,"0,0,0,0",0,0.0,all_wrong_nonfullclip,0.75,0.09536760300397873,0.0,balance_L3_hard_nonfullclip
mapwise_usa_map_1280_t36_src2336,469,usa,map_1280,36,2336,L3,"0,1,0,0",1,0.25,mixed,0.5,0.16742367297410965,0.10205078125,retain_all_mixed_signal
mapwise_usa_map_19_t41_src2402,471,usa,map_19,41,2402,L0,"1,1,1,1",4,1.0,all_correct,0.0,0.16132733784615993,0.0,balance_L0_easy_all_correct
mapwise_china_map3_6C_t36_src0020,473,china,map3_6C,36,20,L3,"1,1,1,1",4,1.0,all_correct,0.0,0.3716191351413727,0.0,balance_L3_easy_all_correct
mapwise_china_map16_0D_t21_src0402,474,china,map16_0D,21,402,L2,"0,0,1,0",1,0.25,mixed,0.75,0.06681294739246368,0.04443359375,retain_all_mixed_signal
mapwise_china_map6_2D_t33_src0941,475,china,map6_2D,33,941,L3,"0,0,0,0",0,0.0,all_wrong_nonfullclip,0.75,0.08264846354722977,0.0,balance_L3_hard_nonfullclip
mapwise_india_map11_1C_t9_src1129,477,india,map11_1C,9,1129,L1,"0,0,0,1",1,0.25,mixed,0.75,0.09225230664014816,0.07275390625,retain_all_mixed_signal
mapwise_india_map100_4C_t32_src1626,479,india,map100_4C,32,1626,L2,"0,1,0,1",2,0.5,mixed,0.0,0.3371129259467125,0.03662109375,retain_all_mixed_signal
mapwise_china_map9_0D_t9_src0346,482,china,map9_0D,9,346,L1,"1,1,1,1",4,1.0,all_correct,0.0,0.2322891168296337,0.0,balance_L1_easy_all_correct
mapwise_china_map9_7C_t7_src0612,483,china,map9_7C,7,612,L0,"1,1,1,1",4,1.0,all_correct,0.0,0.28852394968271255,0.0,balance_L0_easy_all_correct
mapwise_india_map59_2D_t9_src1352,484,india,map59_2D,9,1352,L1,"1,1,0,1",3,0.75,mixed,0.0,0.16533347591757774,0.032470703125,retain_all_mixed_signal
mapwise_usa_map_7_t18_src2131,486,usa,map_7,18,2131,L3,"1,1,1,1",4,1.0,all_correct,0.0,0.25231238827109337,0.0,balance_L3_easy_all_correct
mapwise_china_map8_5C_t22_src0071,487,china,map8_5C,22,71,L2,"1,0,1,0",2,0.5,mixed,0.5,0.18535254895687103,0.1328125,retain_all_mixed_signal
mapwise_usa_map_20584_t33_src2658,489,usa,map_20584,33,2658,L3,"0,1,0,1",2,0.5,mixed,0.5,0.2157411202788353,0.06494140625,retain_all_mixed_signal
mapwise_usa_map_20781_t9_src2780,490,usa,map_20781,9,2780,L1,"1,1,1,1",4,1.0,all_correct,0.0,0.1773461550474167,0.0,balance_L1_easy_all_correct
mapwise_usa_map_14598_t4_src2644,491,usa,map_14598,4,2644,L0,"1,1,1,1",4,1.0,all_correct,0.0,0.09993835911154747,0.0,balance_L0_easy_all_correct
mapwise_usa_map_14598_t36_src2646,493,usa,map_14598,36,2646,L3,"0,1,0,0",1,0.25,mixed,0.25,0.2281038910150528,0.052978515625,retain_all_mixed_signal
mapwise_india_map97_5D_t25_src1593,495,india,map97_5D,25,1593,L2,"1,0,0,0",1,0.25,mixed,0.75,0.08299027383327484,0.060302734375,retain_all_mixed_signal
mapwise_india_map131_6D_t22_src1765,496,india,map131_6D,22,1765,L2,"0,1,1,1",3,0.75,mixed,0.25,0.21449152380228043,0.037353515625,retain_all_mixed_signal
mapwise_india_map1_0C_t13_src1001,497,india,map1_0C,13,1001,L2,"1,1,1,1",4,1.0,all_correct,0.0,0.2915994003415108,0.0,balance_L2_easy_all_correct
mapwise_usa_map_7432_t16_src2732,501,usa,map_7432,16,2732,L1,"0,0,0,0",0,0.0,all_wrong_nonfullclip,0.0,0.12646042183041573,0.0,balance_L1_hard_nonfullclip
mapwise_india_map79_2D_t19_src1460,502,india,map79_2D,19,1460,L1,"1,1,1,1",4,1.0,all_correct,0.0,0.17949595861136913,0.0,balance_L1_easy_all_correct
mapwise_india_map9_7D_t16_src1109,503,india,map9_7D,16,1109,L1,"0,0,0,0",0,0.0,all_wrong_nonfullclip,0.0,0.17835760861635208,0.0,balance_L1_hard_nonfullclip
mapwise_india_map67_7D_t38_src1415,504,india,map67_7D,38,1415,L2,"1,0,0,0",1,0.25,mixed,0.75,0.05947054177522659,0.0296630859375,retain_all_mixed_signal
mapwise_india_map81_5D_t17_src1470,505,india,map81_5D,17,1470,L2,"0,0,0,0",0,0.0,all_wrong_nonfullclip,0.75,0.07401317358016968,0.0,balance_L2_hard_nonfullclip
mapwise_usa_map_18402_t18_src2205,507,usa,map_18402,18,2205,L3,"0,0,0,0",0,0.0,all_wrong_nonfullclip,0.0,0.2517702616751194,0.0,balance_L3_hard_nonfullclip
mapwise_usa_map_15061_t5_src2650,509,usa,map_15061,5,2650,L0,"0,0,0,0",0,0.0,all_wrong_nonfullclip,0.0,0.1832626610994339,0.0,balance_L0_hard_nonfullclip
mapwise_usa_map_13396_t2_src2679,510,usa,map_13396,2,2679,L0,"0,0,0,0",0,0.0,all_wrong_nonfullclip,0.0,0.25726960599422455,0.0,balance_L0_hard_nonfullclip
mapwise_china_map17_2C_t9_src0842,513,china,map17_2C,9,842,L1,"1,1,1,1",4,1.0,all_correct,0.0,0.30577756464481354,0.0,balance_L1_easy_all_correct
mapwise_india_map97_6D_t4_src1600,514,india,map97_6D,4,1600,L0,"1,1,1,1",4,1.0,all_correct,0.0,0.19584820792078972,0.0,balance_L0_easy_all_correct
mapwise_india_map121_2C_t16_src1712,515,india,map121_2C,16,1712,L1,"0,0,0,0",0,0.0,all_wrong_nonfullclip,0.75,0.08029065281152725,0.0,balance_L1_hard_nonfullclip
mapwise_india_map126_2C_t39_src1740,516,india,map126_2C,39,1740,L2,"0,0,0,0",0,0.0,all_wrong_nonfullclip,0.75,0.09707582741975784,0.0,balance_L2_hard_nonfullclip
mapwise_china_map3_6D_t1_src0276,520,china,map3_6D,1,276,L0,"0,0,0,0",0,0.0,all_wrong_nonfullclip,0.0,0.12212579883635044,0.0,balance_L0_hard_nonfullclip
mapwise_india_map131_6D_t12_src1764,521,india,map131_6D,12,1764,L2,"1,0,0,1",2,0.5,mixed,0.5,0.14145557582378387,0.03955078125,retain_all_mixed_signal
mapwise_usa_map_12788_t5_src2619,522,usa,map_12788,5,2619,L0,"0,0,0,0",0,0.0,all_wrong_nonfullclip,0.0,0.219019066542387,0.0,balance_L0_hard_nonfullclip
mapwise_usa_map_20781_t2_src2783,527,usa,map_20781,2,2783,L0,"1,0,1,1",3,0.75,mixed,0.0,0.2000158280134201,0.058349609375,retain_all_mixed_signal
mapwise_china_map6_0C_t4_src0665,530,china,map6_0C,4,665,L0,"0,0,0,0",0,0.0,all_wrong_nonfullclip,0.0,0.18078192323446274,0.0,balance_L0_hard_nonfullclip
mapwise_usa_map_8616_t4_src2992,531,usa,map_8616,4,2992,L0,"0,0,0,0",0,0.0,all_wrong_nonfullclip,0.25,0.2986713796854019,0.0,balance_L0_hard_nonfullclip
mapwise_india_map91_1C_t10_src1539,532,india,map91_1C,10,1539,L1,"1,1,0,0",2,0.5,mixed,0.5,0.18462084978818893,0.06640625,retain_all_mixed_signal
mapwise_india_map112_2D_t7_src1694,536,india,map112_2D,7,1694,L0,"1,1,1,1",4,1.0,all_correct,0.0,0.19623809307813644,0.0,balance_L0_easy_all_correct
mapwise_china_map13_0D_t6_src0548,537,china,map13_0D,6,548,L0,"1,1,1,1",4,1.0,all_correct,0.0,0.33021479845046997,0.0,balance_L0_easy_all_correct
mapwise_usa_map_3689_t23_src2514,541,usa,map_3689,23,2514,L2,"1,1,1,1",4,1.0,all_correct,0.0,0.3168506845831871,0.0,balance_L2_easy_all_correct
mapwise_india_map50_8D_t4_src1291,542,india,map50_8D,4,1291,L0,"1,1,1,1",4,1.0,all_correct,0.0,0.11482461169362068,0.0,balance_L0_easy_all_correct
mapwise_china_map3_3D_t42_src0882,545,china,map3_3D,42,882,L2,"0,1,0,0",1,0.25,mixed,0.75,0.060204245150089264,0.030029296875,retain_all_mixed_signal
mapwise_india_map12_8C_t9_src1146,549,india,map12_8C,9,1146,L1,"1,1,1,1",4,1.0,all_correct,0.0,0.3113958612084389,0.0,balance_L1_easy_all_correct
mapwise_china_map23_8C_t33_src0651,550,china,map23_8C,33,651,L3,"1,1,1,1",4,1.0,all_correct,0.0,0.41411639750003815,0.0,balance_L3_easy_all_correct
mapwise_usa_map_8808_t36_src2006,551,usa,map_8808,36,2006,L3,"0,0,0,0",0,0.0,all_wrong_nonfullclip,0.75,0.09507628530263901,0.0,balance_L3_hard_nonfullclip
mapwise_india_map41_3D_t1_src1264,552,india,map41_3D,1,1264,L0,"1,1,1,1",4,1.0,all_correct,0.0,0.12460831552743912,0.0,balance_L0_easy_all_correct
mapwise_usa_map_9_t22_src2292,554,usa,map_9,22,2292,L2,"0,1,0,1",2,0.5,mixed,0.5,0.12347416207194328,0.019775390625,retain_all_mixed_signal
mapwise_usa_map_9685_t34_src2705,556,usa,map_9685,34,2705,L3,"0,1,0,1",2,0.5,mixed,0.5,0.12025970220565796,0.0390625,retain_all_mixed_signal
mapwise_usa_map_4270_t18_src2360,559,usa,map_4270,18,2360,L3,"1,1,1,1",4,1.0,all_correct,0.0,0.21504322811961174,0.0,balance_L3_easy_all_correct
mapwise_india_map158_3C_t6_src1874,563,india,map158_3C,6,1874,L0,"1,1,1,1",4,1.0,all_correct,0.0,0.14007849246263504,0.0,balance_L0_easy_all_correct
mapwise_usa_map_14414_t41_src2251,565,usa,map_14414,41,2251,L0,"0,0,0,0",0,0.0,all_wrong_nonfullclip,0.0,0.24103718250989914,0.0,balance_L0_hard_nonfullclip
mapwise_china_map16_3D_t8_src0813,566,china,map16_3D,8,813,L0,"1,1,1,1",4,1.0,all_correct,0.0,0.0766440499573946,0.0,balance_L0_easy_all_correct
mapwise_india_map55_6D_t8_src1330,567,india,map55_6D,8,1330,L0,"1,1,1,1",4,1.0,all_correct,0.0,0.08122879825532436,0.0,balance_L0_easy_all_correct
mapwise_china_map13_0D_t21_src0555,569,china,map13_0D,21,555,L2,"1,0,1,0",2,0.5,mixed,0.5,0.18789393454790115,0.034423828125,retain_all_mixed_signal
mapwise_usa_map_16161_t7_src2912,577,usa,map_16161,7,2912,L0,"1,1,1,1",4,1.0,all_correct,0.0,0.19259481132030487,0.0,balance_L0_easy_all_correct
mapwise_china_map6_1C_t16_src0982,578,china,map6_1C,16,982,L1,"0,0,0,0",0,0.0,all_wrong_nonfullclip,0.75,0.09100481122732162,0.0,balance_L1_hard_nonfullclip
mapwise_usa_map_8616_t31_src2989,579,usa,map_8616,31,2989,L2,"1,1,0,0",2,0.5,mixed,0.5,0.1535627245903015,0.048583984375,retain_all_mixed_signal
mapwise_india_map123_0D_t16_src1726,583,india,map123_0D,16,1726,L1,"1,1,1,1",4,1.0,all_correct,0.0,0.19266492128372192,0.0,balance_L1_easy_all_correct
mapwise_china_map14_3C_t19_src0136,589,china,map14_3C,19,136,L1,"0,0,0,0",0,0.0,all_wrong_nonfullclip,0.0,0.33477818965911865,0.0,balance_L1_hard_nonfullclip
mapwise_india_map44_6D_t33_src1282,590,india,map44_6D,33,1282,L3,"0,0,0,1",1,0.25,mixed,0.75,0.06571845710277557,0.06103515625,retain_all_mixed_signal
mapwise_india_map165_7C_t3_src1907,592,india,map165_7C,3,1907,L0,"1,1,1,1",4,1.0,all_correct,0.0,0.12405856885015965,0.0,balance_L0_easy_all_correct
mapwise_china_map21_1C_t19_src0765,598,china,map21_1C,19,765,L1,"1,1,1,1",4,1.0,all_correct,0.0,0.3040378838777542,0.0,balance_L1_easy_all_correct
mapwise_india_map108_0D_t31_src1669,599,india,map108_0D,31,1669,L2,"1,0,0,0",1,0.25,mixed,0.75,0.06336008012294769,0.042236328125,retain_all_mixed_signal
mapwise_china_map6_0D_t32_src0526,600,china,map6_0D,32,526,L2,"0,0,1,0",1,0.25,mixed,0.75,0.07729842513799667,0.07373046875,retain_all_mixed_signal
mapwise_china_map21_0C_t41_src0646,601,china,map21_0C,41,646,L0,"1,1,1,1",4,1.0,all_correct,0.0,0.2754926346242428,0.0,balance_L0_easy_all_correct
mapwise_china_map10_3D_t6_src0348,602,china,map10_3D,6,348,L0,"0,0,0,0",0,0.0,all_wrong_nonfullclip,0.0,0.14162720926105976,0.0,balance_L0_hard_nonfullclip
mapwise_usa_map_1347_t4_src2900,604,usa,map_1347,4,2900,L0,"1,1,1,1",4,1.0,all_correct,0.0,0.12777667120099068,0.0,balance_L0_easy_all_correct
mapwise_china_map14_7D_t16_src0397,605,china,map14_7D,16,397,L1,"0,0,0,0",0,0.0,all_wrong_nonfullclip,0.25,0.12898112274706364,0.0,balance_L1_hard_nonfullclip
mapwise_china_map23_5C_t2_src0210,607,china,map23_5C,2,210,L0,"1,1,1,1",4,1.0,all_correct,0.0,0.18065555021166801,0.0,balance_L0_easy_all_correct
mapwise_china_map21_1C_t33_src0768,608,china,map21_1C,33,768,L3,"1,0,1,0",2,0.5,mixed,0.5,0.19421403110027313,0.035888671875,retain_all_mixed_signal
mapwise_china_map11_1D_t42_src0364,610,china,map11_1D,42,364,L2,"1,1,1,0",3,0.75,mixed,0.25,0.1587795987725258,0.02587890625,retain_all_mixed_signal
mapwise_india_map41_3D_t18_src1265,611,india,map41_3D,18,1265,L3,"1,1,1,1",4,1.0,all_correct,0.0,0.2106776349246502,0.0,balance_L3_easy_all_correct
mapwise_usa_map_17382_t37_src2584,612,usa,map_17382,37,2584,L3,"0,0,0,0",0,0.0,all_wrong_nonfullclip,0.5,0.08411924540996552,0.0,balance_L3_hard_nonfullclip
mapwise_china_map4_3C_t16_src0922,613,china,map4_3C,16,922,L1,"0,0,0,0",0,0.0,all_wrong_nonfullclip,0.75,0.09759765863418579,0.0,balance_L1_hard_nonfullclip
mapwise_usa_map_1280_t42_src2330,616,usa,map_1280,42,2330,L2,"0,1,1,0",2,0.5,mixed,0.0,0.2651081830263138,0.0517578125,retain_all_mixed_signal
mapwise_india_map100_4C_t29_src1624,618,india,map100_4C,29,1624,L2,"1,1,1,1",4,1.0,all_correct,0.0,0.23579637333750725,0.0,balance_L2_easy_all_correct
mapwise_china_map3_2D_t36_src0517,620,china,map3_2D,36,517,L3,"0,0,0,0",0,0.0,all_wrong_nonfullclip,0.0,0.3638216108083725,0.0,balance_L3_hard_nonfullclip
mapwise_india_map85_0C_t34_src1496,623,india,map85_0C,34,1496,L3,"1,1,1,1",4,1.0,all_correct,0.0,0.36159031093120575,0.0,balance_L3_easy_all_correct
mapwise_india_map134_7D_t18_src1788,625,india,map134_7D,18,1788,L3,"1,1,0,0",2,0.5,mixed,0.0,0.27803657203912735,0.06494140625,retain_all_mixed_signal
mapwise_china_map17_4D_t21_src0411,626,china,map17_4D,21,411,L2,"1,1,0,1",3,0.75,mixed,0.25,0.21063368022441864,0.0198974609375,retain_all_mixed_signal
mapwise_india_map102_1D_t42_src1641,627,india,map102_1D,42,1641,L2,"0,1,1,0",2,0.5,mixed,0.25,0.18068742007017136,0.0341796875,retain_all_mixed_signal
mapwise_usa_map_15950_t30_src2241,629,usa,map_15950,30,2241,L2,"1,0,1,1",3,0.75,mixed,0.0,0.2203851044178009,0.0218505859375,retain_all_mixed_signal
mapwise_china_map13_4D_t6_src0385,630,china,map13_4D,6,385,L0,"0,0,0,0",0,0.0,all_wrong_nonfullclip,0.0,0.14662805944681168,0.0,balance_L0_hard_nonfullclip
mapwise_usa_map_18501_t4_src2177,631,usa,map_18501,4,2177,L0,"1,1,1,1",4,1.0,all_correct,0.0,0.13797933422029018,0.0,balance_L0_easy_all_correct
mapwise_china_map23_8C_t31_src0650,632,china,map23_8C,31,650,L2,"1,1,0,1",3,0.75,mixed,0.25,0.27599571645259857,0.025390625,retain_all_mixed_signal
mapwise_china_map8_6C_t22_src0988,635,china,map8_6C,22,988,L2,"1,0,1,1",3,0.75,mixed,0.25,0.297021821141243,0.0201416015625,retain_all_mixed_signal
mapwise_india_map9_2C_t42_src1096,637,india,map9_2C,42,1096,L2,"1,1,1,1",4,1.0,all_correct,0.0,0.36737481504678726,0.0,balance_L2_easy_all_correct
mapwise_india_map170_5C_t39_src1967,639,india,map170_5C,39,1967,L2,"0,0,1,1",2,0.5,mixed,0.5,0.19711051881313324,0.03173828125,retain_all_mixed_signal
mapwise_usa_map_8616_t16_src2994,640,usa,map_8616,16,2994,L1,"0,0,0,0",0,0.0,all_wrong_nonfullclip,0.0,0.23098627105355263,0.0,balance_L1_hard_nonfullclip
mapwise_china_map4_1C_t6_src0035,641,china,map4_1C,6,35,L0,"0,0,0,0",0,0.0,all_wrong_nonfullclip,0.0,0.40125032514333725,0.0,balance_L0_hard_nonfullclip
mapwise_china_map18_0D_t32_src0688,645,china,map18_0D,32,688,L2,"1,1,1,1",4,1.0,all_correct,0.0,0.20854427292943,0.0,balance_L2_easy_all_correct
mapwise_usa_map_13283_t33_src2147,648,usa,map_13283,33,2147,L3,"0,0,0,0",0,0.0,all_wrong_nonfullclip,0.5,0.21354558318853378,0.0,balance_L3_hard_nonfullclip
mapwise_india_map112_7D_t24_src1709,653,india,map112_7D,24,1709,L2,"1,0,0,0",1,0.25,mixed,0.75,0.04279719665646553,0.056640625,retain_all_mixed_signal
mapwise_india_map1_0C_t5_src1000,656,india,map1_0C,5,1000,L0,"0,0,0,0",0,0.0,all_wrong_nonfullclip,0.0,0.30938858538866043,0.0,balance_L0_hard_nonfullclip
mapwise_usa_map_11274_t18_src2562,658,usa,map_11274,18,2562,L3,"1,1,1,1",4,1.0,all_correct,0.0,0.20037664473056793,0.0,balance_L3_easy_all_correct
mapwise_china_map17_0D_t36_src0567,661,china,map17_0D,36,567,L3,"0,0,0,0",0,0.0,all_wrong_nonfullclip,0.0,0.351132333278656,0.0,balance_L3_hard_nonfullclip
mapwise_india_map56_3D_t13_src1341,662,india,map56_3D,13,1341,L2,"0,0,0,0",0,0.0,all_wrong_nonfullclip,0.5,0.16460858285427094,0.0,balance_L2_hard_nonfullclip
mapwise_india_map72_6C_t19_src1459,663,india,map72_6C,19,1459,L1,"1,1,0,1",3,0.75,mixed,0.25,0.3335367515683174,0.044189453125,retain_all_mixed_signal
mapwise_india_map139_1C_t3_src1812,664,india,map139_1C,3,1812,L0,"1,1,1,1",4,1.0,all_correct,0.0,0.14911634102463722,0.0,balance_L0_easy_all_correct
mapwise_usa_map_689_t18_src2965,665,usa,map_689,18,2965,L3,"0,1,1,1",3,0.75,mixed,0.0,0.16913073882460594,0.04296875,retain_all_mixed_signal
mapwise_china_map10_5C_t2_src0096,666,china,map10_5C,2,96,L0,"1,1,1,1",4,1.0,all_correct,0.0,0.21563997119665146,0.0,balance_L0_easy_all_correct
mapwise_india_map166_3C_t5_src1913,671,india,map166_3C,5,1913,L0,"0,0,1,0",1,0.25,mixed,0.0,0.35368894040584564,0.0198974609375,retain_all_mixed_signal
mapwise_china_map3_6D_t34_src0274,674,china,map3_6D,34,274,L3,"0,0,1,1",2,0.5,mixed,0.5,0.16256310045719147,0.06396484375,retain_all_mixed_signal
mapwise_india_map33_5D_t22_src1256,675,india,map33_5D,22,1256,L2,"0,0,0,1",1,0.25,mixed,0.75,0.06331232935190201,0.07763671875,retain_all_mixed_signal
mapwise_usa_map_2632_t9_src3006,677,usa,map_2632,9,3006,L1,"1,1,1,0",3,0.75,mixed,0.25,0.24563736468553543,0.021240234375,retain_all_mixed_signal
mapwise_india_map112_7D_t8_src1707,679,india,map112_7D,8,1707,L0,"0,0,0,0",0,0.0,all_wrong_nonfullclip,0.0,0.10039204359054565,0.0,balance_L0_hard_nonfullclip
mapwise_usa_map_19332_t36_src2172,681,usa,map_19332,36,2172,L3,"0,1,0,0",1,0.25,mixed,0.5,0.12741956114768982,0.034912109375,retain_all_mixed_signal
mapwise_china_map4_1C_t20_src0032,682,china,map4_1C,20,32,L3,"1,0,1,1",3,0.75,mixed,0.25,0.27419235557317734,0.059326171875,retain_all_mixed_signal
mapwise_usa_map_10436_t9_src2267,685,usa,map_10436,9,2267,L1,"0,0,1,1",2,0.5,mixed,0.5,0.09693863242864609,0.00775146484375,retain_all_mixed_signal
mapwise_usa_map_1342_t31_src2847,688,usa,map_1342,31,2847,L2,"1,1,1,1",4,1.0,all_correct,0.0,0.2859032303094864,0.0,balance_L2_easy_all_correct
mapwise_india_map156_2D_t8_src1846,691,india,map156_2D,8,1846,L0,"1,1,1,1",4,1.0,all_correct,0.0,0.07696097902953625,0.0,balance_L0_easy_all_correct
mapwise_india_map60_2D_t16_src1361,692,india,map60_2D,16,1361,L1,"1,1,1,1",4,1.0,all_correct,0.0,0.14355607144534588,0.0,balance_L1_easy_all_correct
mapwise_usa_map_15061_t3_src2652,694,usa,map_15061,3,2652,L0,"1,0,1,0",2,0.5,mixed,0.25,0.1262936145067215,0.051025390625,retain_all_mixed_signal
mapwise_india_map51_0D_t34_src1301,695,india,map51_0D,34,1301,L3,"0,0,0,0",0,0.0,all_wrong_nonfullclip,0.75,0.08132749050855637,0.0,balance_L3_hard_nonfullclip
mapwise_china_map5_4C_t7_src0934,696,china,map5_4C,7,934,L0,"1,1,1,1",4,1.0,all_correct,0.0,0.31047075241804123,0.0,balance_L0_easy_all_correct
mapwise_usa_map_14598_t30_src2638,697,usa,map_14598,30,2638,L2,"0,0,0,1",1,0.25,mixed,0.0,0.22575727105140686,0.0296630859375,retain_all_mixed_signal
mapwise_china_map18_4D_t18_src0424,698,china,map18_4D,18,424,L3,"1,1,1,1",4,1.0,all_correct,0.0,0.17592724785208702,0.0,balance_L3_easy_all_correct
mapwise_india_map110_5C_t33_src1684,699,india,map110_5C,33,1684,L3,"0,0,0,0",0,0.0,all_wrong_nonfullclip,0.75,0.1034960076212883,0.0,balance_L3_hard_nonfullclip
mapwise_china_map2_3C_t32_src0011,701,china,map2_3C,32,11,L2,"0,0,1,1",2,0.5,mixed,0.5,0.15385376662015915,0.0252685546875,retain_all_mixed_signal
mapwise_usa_map_5931_t9_src2799,704,usa,map_5931,9,2799,L1,"1,0,0,0",1,0.25,mixed,0.25,0.29744473844766617,0.050048828125,retain_all_mixed_signal
mapwise_usa_map_12175_t16_src2614,705,usa,map_12175,16,2614,L1,"1,1,1,1",4,1.0,all_correct,0.0,0.09844174049794674,0.0,balance_L1_easy_all_correct
mapwise_china_map23_4D_t2_src0699,709,china,map23_4D,2,699,L0,"0,0,0,0",0,0.0,all_wrong_nonfullclip,0.0,0.1968633532524109,0.0,balance_L0_hard_nonfullclip
mapwise_china_map14_3C_t5_src0131,710,china,map14_3C,5,131,L0,"1,1,1,1",4,1.0,all_correct,0.0,0.2595503255724907,0.0,balance_L0_easy_all_correct
mapwise_usa_map_18501_t22_src2180,711,usa,map_18501,22,2180,L2,"1,1,0,1",3,0.75,mixed,0.25,0.17344845831394196,0.0255126953125,retain_all_mixed_signal
mapwise_china_map7_8D_t3_src0327,715,china,map7_8D,3,327,L0,"0,0,0,0",0,0.0,all_wrong_nonfullclip,0.0,0.09941837750375271,0.0,balance_L0_hard_nonfullclip
mapwise_china_map13_4D_t36_src0378,718,china,map13_4D,36,378,L3,"1,1,1,1",4,1.0,all_correct,0.0,0.29771649092435837,0.0,balance_L3_easy_all_correct
mapwise_china_map11_1D_t41_src0366,720,china,map11_1D,41,366,L0,"0,1,0,0",1,0.25,mixed,0.0,0.29261644557118416,0.0220947265625,retain_all_mixed_signal
mapwise_china_map1_1D_t6_src0252,722,china,map1_1D,6,252,L0,"0,0,0,0",0,0.0,all_wrong_nonfullclip,0.0,0.17134317010641098,0.0,balance_L0_hard_nonfullclip
mapwise_usa_map_5000_t31_src2815,723,usa,map_5000,31,2815,L2,"0,0,0,0",0,0.0,all_wrong_nonfullclip,0.75,0.08319514244794846,0.0,balance_L2_hard_nonfullclip
mapwise_india_map93_1C_t5_src1559,726,india,map93_1C,5,1559,L0,"1,0,0,0",1,0.25,mixed,0.0,0.32531528174877167,0.06982421875,retain_all_mixed_signal
mapwise_india_map164_4C_t5_src1892,727,india,map164_4C,5,1892,L0,"0,0,0,0",0,0.0,all_wrong_nonfullclip,0.0,0.3605852946639061,0.0,balance_L0_hard_nonfullclip
mapwise_china_map4_4C_t3_src0593,730,china,map4_4C,3,593,L0,"0,0,0,0",0,0.0,all_wrong_nonfullclip,0.0,0.1307003702968359,0.0,balance_L0_hard_nonfullclip
mapwise_china_map7_8D_t42_src0321,731,china,map7_8D,42,321,L2,"0,1,1,1",3,0.75,mixed,0.25,0.16955063119530678,0.0184326171875,retain_all_mixed_signal
mapwise_china_map2_0D_t16_src0687,734,china,map2_0D,16,687,L1,"0,0,0,0",0,0.0,all_wrong_nonfullclip,0.0,0.14396080747246742,0.0,balance_L1_hard_nonfullclip
mapwise_china_map5_0D_t38_src0895,737,china,map5_0D,38,895,L2,"0,1,0,1",2,0.5,mixed,0.25,0.2135012075304985,0.029296875,retain_all_mixed_signal
mapwise_india_map112_7D_t19_src1706,738,india,map112_7D,19,1706,L1,"1,1,1,1",4,1.0,all_correct,0.0,0.25626832991838455,0.0,balance_L1_easy_all_correct
mapwise_usa_map_5000_t9_src2811,739,usa,map_5000,9,2811,L1,"1,1,1,1",4,1.0,all_correct,0.0,0.30104388669133186,0.0,balance_L1_easy_all_correct
mapwise_china_map14_7D_t1_src0389,740,china,map14_7D,1,389,L0,"1,1,1,1",4,1.0,all_correct,0.0,0.09803887456655502,0.0,balance_L0_easy_all_correct
mapwise_china_map17_4C_t19_src0151,741,china,map17_4C,19,151,L1,"0,1,0,1",2,0.5,mixed,0.25,0.2890956774353981,0.050048828125,retain_all_mixed_signal
mapwise_china_map8_7D_t32_src0531,742,china,map8_7D,32,531,L2,"1,1,0,0",2,0.5,mixed,0.5,0.16063015908002853,0.0289306640625,retain_all_mixed_signal
mapwise_usa_map_15950_t9_src2244,748,usa,map_15950,9,2244,L1,"1,1,1,1",4,1.0,all_correct,0.0,0.1712239794433117,0.0,balance_L1_easy_all_correct
mapwise_india_map101_2D_t5_src1638,749,india,map101_2D,5,1638,L0,"1,1,0,1",3,0.75,mixed,0.0,0.2493298277258873,0.03466796875,retain_all_mixed_signal
mapwise_india_map44_6D_t1_src1288,750,india,map44_6D,1,1288,L0,"1,1,1,1",4,1.0,all_correct,0.0,0.13717341795563698,0.0,balance_L0_easy_all_correct
mapwise_usa_map_3689_t33_src2511,752,usa,map_3689,33,2511,L3,"0,0,0,1",1,0.25,mixed,0.75,0.0735420286655426,0.07275390625,retain_all_mixed_signal
mapwise_india_map83_1D_t4_src1488,754,india,map83_1D,4,1488,L0,"1,1,1,1",4,1.0,all_correct,0.0,0.09716670028865337,0.0,balance_L0_easy_all_correct
mapwise_usa_map_4042_t21_src2823,755,usa,map_4042,21,2823,L2,"0,1,0,1",2,0.5,mixed,0.0,0.28712300956249237,0.0269775390625,retain_all_mixed_signal
mapwise_usa_map_7444_t12_src2726,757,usa,map_7444,12,2726,L2,"0,1,1,1",3,0.75,mixed,0.25,0.1652982532978058,0.01904296875,retain_all_mixed_signal
mapwise_china_map10_3D_t13_src0350,758,china,map10_3D,13,350,L2,"0,0,0,0",0,0.0,all_wrong_nonfullclip,0.75,0.09578809887170792,0.0,balance_L2_hard_nonfullclip
mapwise_india_map158_3C_t42_src1871,762,india,map158_3C,42,1871,L2,"1,1,0,1",3,0.75,mixed,0.0,0.3824068233370781,0.048095703125,retain_all_mixed_signal
mapwise_china_map13_4C_t5_src0675,765,china,map13_4C,5,675,L0,"1,1,1,1",4,1.0,all_correct,0.0,0.25074248388409615,0.0,balance_L0_easy_all_correct
mapwise_china_map11_8D_t16_src0543,768,china,map11_8D,16,543,L1,"0,1,0,1",2,0.5,mixed,0.25,0.13939352706074715,0.035888671875,retain_all_mixed_signal
mapwise_usa_map_33_t18_src2029,770,usa,map_33,18,2029,L3,"1,1,1,1",4,1.0,all_correct,0.0,0.13363929465413094,0.0,balance_L3_easy_all_correct
mapwise_india_map7_5C_t18_src1062,771,india,map7_5C,18,1062,L3,"1,1,1,1",4,1.0,all_correct,0.0,0.201517041772604,0.0,balance_L3_easy_all_correct
mapwise_china_map4_3C_t9_src0917,773,china,map4_3C,9,917,L1,"1,0,0,1",2,0.5,mixed,0.5,0.20304665714502335,0.03369140625,retain_all_mixed_signal
mapwise_usa_map_5931_t21_src2801,775,usa,map_5931,21,2801,L2,"0,0,0,0",0,0.0,all_wrong_nonfullclip,0.25,0.32427962869405746,0.0,balance_L2_hard_nonfullclip
mapwise_usa_map_7729_t6_src2943,776,usa,map_7729,6,2943,L0,"0,1,0,1",2,0.5,mixed,0.0,0.4038790613412857,0.017333984375,retain_all_mixed_signal
mapwise_china_map8_7D_t41_src0530,777,china,map8_7D,41,530,L0,"0,0,0,0",0,0.0,all_wrong_nonfullclip,0.0,0.2948523089289665,0.0,balance_L0_hard_nonfullclip
mapwise_usa_map_8213_t21_src2311,778,usa,map_8213,21,2311,L2,"0,1,0,0",1,0.25,mixed,0.5,0.19087152183055878,0.039306640625,retain_all_mixed_signal
mapwise_india_map9_2C_t36_src1095,779,india,map9_2C,36,1095,L3,"0,0,1,0",1,0.25,mixed,0.75,0.09220471978187561,0.0308837890625,retain_all_mixed_signal
mapwise_india_map166_7D_t19_src1925,780,india,map166_7D,19,1925,L1,"0,0,0,0",0,0.0,all_wrong_nonfullclip,0.0,0.17636939883232117,0.0,balance_L1_hard_nonfullclip
mapwise_china_map1_1D_t34_src0255,781,china,map1_1D,34,255,L3,"0,0,0,0",0,0.0,all_wrong_nonfullclip,0.5,0.1441454030573368,0.0,balance_L3_hard_nonfullclip
mapwise_india_map61_4D_t5_src1377,782,india,map61_4D,5,1377,L0,"1,1,1,1",4,1.0,all_correct,0.0,0.1927260011434555,0.0,balance_L0_easy_all_correct
mapwise_usa_map_5327_t22_src2776,786,usa,map_5327,22,2776,L2,"0,1,1,0",2,0.5,mixed,0.5,0.09795347973704338,0.0255126953125,retain_all_mixed_signal
mapwise_usa_map_1342_t18_src2839,789,usa,map_1342,18,2839,L3,"1,1,1,1",4,1.0,all_correct,0.0,0.17338509485125542,0.0,balance_L3_easy_all_correct
mapwise_china_map21_1D_t9_src0453,790,china,map21_1D,9,453,L1,"1,1,1,1",4,1.0,all_correct,0.0,0.14666113257408142,0.0,balance_L1_easy_all_correct
mapwise_china_map17_2C_t16_src0839,792,china,map17_2C,16,839,L1,"0,0,0,0",0,0.0,all_wrong_nonfullclip,0.25,0.2756424844264984,0.0,balance_L1_hard_nonfullclip
mapwise_china_map16_3C_t32_src0855,796,china,map16_3C,32,855,L2,"0,1,1,1",3,0.75,mixed,0.0,0.35388195514678955,0.043701171875,retain_all_mixed_signal
mapwise_india_map105_6C_t9_src1656,797,india,map105_6C,9,1656,L1,"0,0,0,0",0,0.0,all_wrong_nonfullclip,0.25,0.2880984842777252,0.0,balance_L1_hard_nonfullclip
mapwise_usa_map_13396_t9_src2680,798,usa,map_13396,9,2680,L1,"0,0,0,0",0,0.0,all_wrong_nonfullclip,0.0,0.2629850320518017,0.0,balance_L1_hard_nonfullclip
mapwise_usa_map_9447_t16_src2713,799,usa,map_9447,16,2713,L1,"1,1,1,0",3,0.75,mixed,0.0,0.09927112050354481,0.01507568359375,retain_all_mixed_signal
mapwise_china_map17_2C_t42_src0846,800,china,map17_2C,42,846,L2,"1,0,0,0",1,0.25,mixed,0.75,0.08617419004440308,0.0830078125,retain_all_mixed_signal
mapwise_usa_map_9685_t9_src2699,801,usa,map_9685,9,2699,L1,"1,1,1,1",4,1.0,all_correct,0.0,0.1270869728177786,0.0,balance_L1_easy_all_correct
mapwise_india_map131_6D_t16_src1762,803,india,map131_6D,16,1762,L1,"0,1,0,1",2,0.5,mixed,0.0,0.14334551244974136,0.044677734375,retain_all_mixed_signal
mapwise_china_map9_0D_t6_src0342,805,china,map9_0D,6,342,L0,"0,0,0,0",0,0.0,all_wrong_nonfullclip,0.0,0.14601879566907883,0.0,balance_L0_hard_nonfullclip
mapwise_india_map41_3D_t30_src1262,809,india,map41_3D,30,1262,L2,"1,0,1,1",3,0.75,mixed,0.0,0.26469235122203827,0.08349609375,retain_all_mixed_signal
mapwise_india_map12_8C_t7_src1141,810,india,map12_8C,7,1141,L0,"1,1,1,1",4,1.0,all_correct,0.0,0.2692612558603287,0.0,balance_L0_easy_all_correct
mapwise_china_map3_3D_t4_src0881,811,china,map3_3D,4,881,L0,"1,1,1,1",4,1.0,all_correct,0.0,0.21465346217155457,0.0,balance_L0_easy_all_correct
mapwise_india_map22_6C_t2_src1211,812,india,map22_6C,2,1211,L0,"0,0,0,0",0,0.0,all_wrong_nonfullclip,0.0,0.17227429524064064,0.0,balance_L0_hard_nonfullclip
mapwise_usa_map_15950_t4_src2236,813,usa,map_15950,4,2236,L0,"1,1,1,1",4,1.0,all_correct,0.0,0.12337963283061981,0.0,balance_L0_easy_all_correct
mapwise_india_map134_7D_t2_src1784,814,india,map134_7D,2,1784,L0,"1,1,1,1",4,1.0,all_correct,0.0,0.15576712414622307,0.0,balance_L0_easy_all_correct
mapwise_india_map138_0D_t34_src1804,815,india,map138_0D,34,1804,L3,"1,1,1,1",4,1.0,all_correct,0.0,0.3263399973511696,0.0,balance_L3_easy_all_correct
mapwise_usa_map_33_t4_src2024,816,usa,map_33,4,2024,L0,"1,1,1,1",4,1.0,all_correct,0.0,0.1591922678053379,0.0,balance_L0_easy_all_correct
mapwise_china_map2_3D_t18_src0264,822,china,map2_3D,18,264,L3,"1,1,1,1",4,1.0,all_correct,0.0,0.16681762039661407,0.0,balance_L3_easy_all_correct
mapwise_china_map13_1C_t21_src0128,823,china,map13_1C,21,128,L2,"1,0,0,1",2,0.5,mixed,0.5,0.18144667148590088,0.047607421875,retain_all_mixed_signal
mapwise_china_map6_0D_t41_src0524,824,china,map6_0D,41,524,L0,"0,0,0,0",0,0.0,all_wrong_nonfullclip,0.0,0.34676722809672356,0.0,balance_L0_hard_nonfullclip
mapwise_india_map62_6C_t22_src1392,826,india,map62_6C,22,1392,L2,"1,0,1,0",2,0.5,mixed,0.5,0.20855001360177994,0.46484375,retain_all_mixed_signal
mapwise_india_map55_6D_t22_src1337,829,india,map55_6D,22,1337,L2,"0,0,0,0",0,0.0,all_wrong_nonfullclip,0.5,0.163758285343647,0.0,balance_L2_hard_nonfullclip
mapwise_india_map167_3C_t7_src1937,830,india,map167_3C,7,1937,L0,"1,1,1,1",4,1.0,all_correct,0.0,0.25009918212890625,0.0,balance_L0_easy_all_correct
mapwise_china_map4_4D_t9_src0283,831,china,map4_4D,9,283,L1,"0,1,1,1",3,0.75,mixed,0.0,0.19500309228897095,0.0208740234375,retain_all_mixed_signal
mapwise_china_map2_0D_t30_src0679,836,china,map2_0D,30,679,L2,"1,1,0,0",2,0.5,mixed,0.5,0.15824373066425323,0.0361328125,retain_all_mixed_signal
mapwise_china_map10_3D_t1_src0356,837,china,map10_3D,1,356,L0,"0,0,0,0",0,0.0,all_wrong_nonfullclip,0.0,0.09343015775084496,0.0,balance_L0_hard_nonfullclip
mapwise_china_map2_0D_t6_src0681,841,china,map2_0D,6,681,L0,"0,0,0,0",0,0.0,all_wrong_nonfullclip,0.0,0.29047052562236786,0.0,balance_L0_hard_nonfullclip
mapwise_china_map3_6C_t16_src0021,842,china,map3_6C,16,21,L1,"0,0,0,0",0,0.0,all_wrong_nonfullclip,0.25,0.27618055790662766,0.0,balance_L1_hard_nonfullclip
mapwise_india_map112_2D_t21_src1690,847,india,map112_2D,21,1690,L2,"0,1,0,1",2,0.5,mixed,0.25,0.2222457155585289,0.0654296875,retain_all_mixed_signal
mapwise_usa_map_4_t4_src2867,849,usa,map_4,4,2867,L0,"0,0,0,0",0,0.0,all_wrong_nonfullclip,0.0,0.12843973748385906,0.0,balance_L0_hard_nonfullclip
mapwise_china_map9_0D_t34_src0347,852,china,map9_0D,34,347,L3,"0,1,1,0",2,0.5,mixed,0.5,0.148587666451931,0.043212890625,retain_all_mixed_signal
mapwise_usa_map_33_t9_src2027,853,usa,map_33,9,2027,L1,"1,0,1,1",3,0.75,mixed,0.0,0.14341320097446442,0.03759765625,retain_all_mixed_signal
mapwise_india_map171_4C_t9_src1997,854,india,map171_4C,9,1997,L1,"1,1,0,1",3,0.75,mixed,0.25,0.259672075510025,0.0228271484375,retain_all_mixed_signal
mapwise_china_map6_3C_t9_src0051,855,china,map6_3C,9,51,L1,"0,1,0,1",2,0.5,mixed,0.5,0.18082091957330704,0.02734375,retain_all_mixed_signal
mapwise_india_map89_4D_t1_src1507,856,india,map89_4D,1,1507,L0,"1,1,1,1",4,1.0,all_correct,0.0,0.09394524432718754,0.0,balance_L0_easy_all_correct
mapwise_china_map14_3C_t17_src0139,857,china,map14_3C,17,139,L2,"0,0,0,0",0,0.0,all_wrong_nonfullclip,0.75,0.09258822351694107,0.0,balance_L2_hard_nonfullclip
mapwise_india_map61_4D_t39_src1379,859,india,map61_4D,39,1379,L2,"1,1,1,0",3,0.75,mixed,0.25,0.1863519661128521,0.028564453125,retain_all_mixed_signal
mapwise_usa_map_1136_t16_src2495,860,usa,map_1136,16,2495,L1,"0,0,0,0",0,0.0,all_wrong_nonfullclip,0.0,0.15679795667529106,0.0,balance_L1_hard_nonfullclip
mapwise_usa_map_7432_t16_src2736,861,usa,map_7432,16,2736,L1,"0,0,0,0",0,0.0,all_wrong_nonfullclip,0.0,0.1836765855550766,0.0,balance_L1_hard_nonfullclip
mapwise_india_map92_2C_t10_src1546,863,india,map92_2C,10,1546,L1,"1,0,1,1",3,0.75,mixed,0.25,0.2753864899277687,0.0201416015625,retain_all_mixed_signal
mapwise_usa_map_488_t36_src2477,864,usa,map_488,36,2477,L3,"1,1,1,1",4,1.0,all_correct,0.0,0.30690332502126694,0.0,balance_L3_easy_all_correct
mapwise_china_map8_6C_t21_src0997,865,china,map8_6C,21,997,L2,"0,1,0,1",2,0.5,mixed,0.5,0.18719684332609177,0.031982421875,retain_all_mixed_signal
mapwise_usa_map_11175_t5_src2873,866,usa,map_11175,5,2873,L0,"0,0,0,0",0,0.0,all_wrong_nonfullclip,0.0,0.13936857879161835,0.0,balance_L0_hard_nonfullclip
mapwise_usa_map_7444_t29_src2724,868,usa,map_7444,29,2724,L2,"1,0,0,0",1,0.25,mixed,0.75,0.061253104358911514,0.058349609375,retain_all_mixed_signal
mapwise_india_map91_1C_t18_src1536,869,india,map91_1C,18,1536,L3,"0,1,0,0",1,0.25,mixed,0.0,0.3804279863834381,0.046142578125,retain_all_mixed_signal
mapwise_usa_map_4270_t32_src2356,872,usa,map_4270,32,2356,L2,"0,0,0,1",1,0.25,mixed,0.75,0.04077787697315216,0.04833984375,retain_all_mixed_signal
mapwise_india_map170_8C_t24_src1972,873,india,map170_8C,24,1972,L2,"0,0,0,1",1,0.25,mixed,0.75,0.0867689847946167,0.048095703125,retain_all_mixed_signal
mapwise_china_map9_0D_t42_src0344,874,china,map9_0D,42,344,L2,"0,1,1,1",3,0.75,mixed,0.25,0.17118759080767632,0.0220947265625,retain_all_mixed_signal
mapwise_india_map134_3C_t31_src1775,876,india,map134_3C,31,1775,L2,"0,1,0,0",1,0.25,mixed,0.75,0.09777217358350754,0.052734375,retain_all_mixed_signal
mapwise_china_map17_0D_t2_src0563,877,china,map17_0D,2,563,L0,"1,1,1,1",4,1.0,all_correct,0.0,0.18780803307890892,0.0,balance_L0_easy_all_correct
mapwise_usa_map_689_t42_src2968,878,usa,map_689,42,2968,L2,"1,1,1,1",4,1.0,all_correct,0.0,0.18051192536950111,0.0,balance_L2_easy_all_correct
mapwise_usa_map_1220_t19_src2432,879,usa,map_1220,19,2432,L1,"1,1,0,1",3,0.75,mixed,0.0,0.19447660818696022,0.056884765625,retain_all_mixed_signal
mapwise_china_map3_6D_t13_src0273,881,china,map3_6D,13,273,L2,"0,0,0,0",0,0.0,all_wrong_nonfullclip,0.75,0.08474655449390411,0.0,balance_L2_hard_nonfullclip
mapwise_usa_map_7729_t2_src2944,882,usa,map_7729,2,2944,L0,"0,0,0,1",1,0.25,mixed,0.0,0.284142155200243,0.0159912109375,retain_all_mixed_signal
mapwise_usa_map_957_t39_src2438,884,usa,map_957,39,2438,L2,"1,1,0,0",2,0.5,mixed,0.5,0.172496497631073,0.03759765625,retain_all_mixed_signal
mapwise_usa_map_1950_t18_src2406,885,usa,map_1950,18,2406,L3,"1,1,1,1",4,1.0,all_correct,0.0,0.11734145507216454,0.0,balance_L3_easy_all_correct
mapwise_usa_map_7432_t19_src2730,888,usa,map_7432,19,2730,L1,"0,0,1,0",1,0.25,mixed,0.5,0.1789768785238266,0.05859375,retain_all_mixed_signal
mapwise_india_map5_8C_t9_src1047,891,india,map5_8C,9,1047,L1,"1,1,1,1",4,1.0,all_correct,0.0,0.2983989864587784,0.0,balance_L1_easy_all_correct
mapwise_china_map19_4D_t16_src0784,892,china,map19_4D,16,784,L1,"0,1,0,0",1,0.25,mixed,0.0,0.18250519782304764,0.12060546875,retain_all_mixed_signal
mapwise_usa_map_8391_t3_src2573,894,usa,map_8391,3,2573,L0,"1,1,1,1",4,1.0,all_correct,0.0,0.12823338620364666,0.0,balance_L0_easy_all_correct
mapwise_usa_map_910_t30_src2307,896,usa,map_910,30,2307,L2,"1,1,1,1",4,1.0,all_correct,0.0,0.34274259209632874,0.0,balance_L2_easy_all_correct
mapwise_india_map10_8C_t21_src1118,900,india,map10_8C,21,1118,L2,"1,1,1,0",3,0.75,mixed,0.25,0.3196413218975067,0.1416015625,retain_all_mixed_signal
mapwise_china_map2_4D_t6_src0875,903,china,map2_4D,6,875,L0,"1,1,1,1",4,1.0,all_correct,0.0,0.23344697430729866,0.0,balance_L0_easy_all_correct
mapwise_india_map158_0D_t19_src1854,904,india,map158_0D,19,1854,L1,"1,1,1,1",4,1.0,all_correct,0.0,0.23451533541083336,0.0,balance_L1_easy_all_correct
mapwise_usa_map_15950_t34_src2243,906,usa,map_15950,34,2243,L3,"1,0,1,0",2,0.5,mixed,0.5,0.12953023985028267,0.0211181640625,retain_all_mixed_signal
mapwise_usa_map_584_t39_src2466,907,usa,map_584,39,2466,L2,"1,0,0,1",2,0.5,mixed,0.5,0.072144890204072,0.01239013671875,retain_all_mixed_signal
mapwise_china_map9_7C_t5_src0616,910,china,map9_7C,5,616,L0,"0,0,0,0",0,0.0,all_wrong_nonfullclip,0.0,0.34424588084220886,0.0,balance_L0_hard_nonfullclip
mapwise_usa_map_6616_t3_src2379,914,usa,map_6616,3,2379,L0,"0,0,0,0",0,0.0,all_wrong_nonfullclip,0.0,0.09384886082261801,0.0,balance_L0_hard_nonfullclip
mapwise_china_map23_5C_t3_src0214,917,china,map23_5C,3,214,L0,"0,0,0,0",0,0.0,all_wrong_nonfullclip,0.0,0.13744615763425827,0.0,balance_L0_hard_nonfullclip
mapwise_india_map89_4D_t41_src1502,918,india,map89_4D,41,1502,L0,"0,0,0,0",0,0.0,all_wrong_nonfullclip,0.0,0.21432730555534363,0.0,balance_L0_hard_nonfullclip
mapwise_china_map2_3C_t30_src0014,919,china,map2_3C,30,14,L2,"0,0,0,1",1,0.25,mixed,0.25,0.29179880768060684,0.049072265625,retain_all_mixed_signal
mapwise_usa_map_12319_t33_src3028,921,usa,map_12319,33,3028,L3,"0,0,1,0",1,0.25,mixed,0.75,0.07546685636043549,0.0262451171875,retain_all_mixed_signal
mapwise_usa_map_30_t18_src2382,922,usa,map_30,18,2382,L3,"1,1,0,0",2,0.5,mixed,0.5,0.15615537017583847,0.031982421875,retain_all_mixed_signal
mapwise_china_map3_6C_t17_src0026,923,china,map3_6C,17,26,L2,"0,0,1,1",2,0.5,mixed,0.5,0.18816539645195007,0.037841796875,retain_all_mixed_signal
mapwise_usa_map_7444_t2_src2720,924,usa,map_7444,2,2720,L0,"1,1,0,1",3,0.75,mixed,0.0,0.18182122334837914,0.1220703125,retain_all_mixed_signal
mapwise_usa_map_5931_t7_src2800,928,usa,map_5931,7,2800,L0,"1,1,1,1",4,1.0,all_correct,0.0,0.28558947518467903,0.0,balance_L0_easy_all_correct
mapwise_usa_map_5000_t37_src2807,931,usa,map_5000,37,2807,L3,"0,0,0,0",0,0.0,all_wrong_nonfullclip,0.0,0.37898069620132446,0.0,balance_L3_hard_nonfullclip
mapwise_usa_map_8391_t20_src2579,934,usa,map_8391,20,2579,L3,"0,1,0,0",1,0.25,mixed,0.75,0.09558292478322983,0.043701171875,retain_all_mixed_signal
mapwise_china_map21_1C_t35_src0761,935,china,map21_1C,35,761,L2,"0,0,0,0",0,0.0,all_wrong_nonfullclip,0.5,0.20021885633468628,0.0,balance_L2_hard_nonfullclip
mapwise_china_map6_1C_t42_src0981,938,china,map6_1C,42,981,L2,"1,0,1,1",3,0.75,mixed,0.0,0.4115816503763199,0.10009765625,retain_all_mixed_signal
mapwise_usa_map_200_t18_src2072,939,usa,map_200,18,2072,L3,"1,1,1,1",4,1.0,all_correct,0.0,0.2844303622841835,0.0,balance_L3_easy_all_correct
mapwise_china_map17_0D_t20_src0564,943,china,map17_0D,20,564,L3,"1,0,1,0",2,0.5,mixed,0.5,0.151191845536232,0.03271484375,retain_all_mixed_signal
mapwise_usa_map_20774_t4_src2984,946,usa,map_20774,4,2984,L0,"0,0,0,0",0,0.0,all_wrong_nonfullclip,0.0,0.1312138680368662,0.0,balance_L0_hard_nonfullclip
mapwise_china_map3_6C_t35_src0028,948,china,map3_6C,35,28,L2,"0,0,0,1",1,0.25,mixed,0.75,0.09197374433279037,0.02978515625,retain_all_mixed_signal
mapwise_usa_map_8808_t5_src2009,950,usa,map_8808,5,2009,L0,"1,1,1,0",3,0.75,mixed,0.0,0.12285889871418476,0.036865234375,retain_all_mixed_signal
mapwise_usa_map_12175_t18_src2613,952,usa,map_12175,18,2613,L3,"1,1,1,1",4,1.0,all_correct,0.0,0.14747114293277264,0.0,balance_L3_easy_all_correct
mapwise_india_map1_0C_t10_src1006,954,india,map1_0C,10,1006,L1,"1,0,0,0",1,0.25,mixed,0.5,0.19814640283584595,0.05029296875,retain_all_mixed_signal
mapwise_china_map3_1C_t32_src0231,956,china,map3_1C,32,231,L2,"1,1,1,1",4,1.0,all_correct,0.0,0.3815701976418495,0.0,balance_L2_easy_all_correct
mapwise_china_map17_2D_t18_src0806,957,china,map17_2D,18,806,L3,"1,1,1,1",4,1.0,all_correct,0.0,0.2513992562890053,0.0,balance_L3_easy_all_correct
mapwise_usa_map_17383_t30_src2885,961,usa,map_17383,30,2885,L2,"1,0,0,1",2,0.5,mixed,0.25,0.274760901927948,0.0294189453125,retain_all_mixed_signal
mapwise_china_map16_5C_t9_src0633,963,china,map16_5C,9,633,L1,"1,1,0,1",3,0.75,mixed,0.25,0.24782992899417877,0.0172119140625,retain_all_mixed_signal
mapwise_india_map1_0C_t18_src1008,964,india,map1_0C,18,1008,L3,"1,1,1,0",3,0.75,mixed,0.0,0.42061930149793625,0.05859375,retain_all_mixed_signal
mapwise_usa_map_13_t9_src2279,965,usa,map_13,9,2279,L1,"0,1,0,1",2,0.5,mixed,0.25,0.23436226695775986,0.058837890625,retain_all_mixed_signal
mapwise_usa_map_5327_t9_src2771,967,usa,map_5327,9,2771,L1,"1,1,1,1",4,1.0,all_correct,0.0,0.15667181089520454,0.0,balance_L1_easy_all_correct
mapwise_india_map67_7D_t20_src1411,968,india,map67_7D,20,1411,L3,"0,0,0,0",0,0.0,all_wrong_nonfullclip,0.75,0.09591731429100037,0.0,balance_L3_hard_nonfullclip
mapwise_usa_map_7299_t39_src2758,971,usa,map_7299,39,2758,L2,"0,0,0,0",0,0.0,all_wrong_nonfullclip,0.25,0.12854589149355888,0.0,balance_L2_hard_nonfullclip
mapwise_usa_map_7_t19_src2135,972,usa,map_7,19,2135,L1,"0,0,0,0",0,0.0,all_wrong_nonfullclip,0.25,0.1703193411231041,0.0,balance_L1_hard_nonfullclip
mapwise_india_map50_8D_t41_src1290,973,india,map50_8D,41,1290,L0,"0,0,0,0",0,0.0,all_wrong_nonfullclip,0.0,0.2996835894882679,0.0,balance_L0_hard_nonfullclip
mapwise_india_map6_8C_t39_src1054,974,india,map6_8C,39,1054,L2,"0,1,0,0",1,0.25,mixed,0.75,0.09434480220079422,0.052734375,retain_all_mixed_signal
mapwise_usa_map_14414_t16_src2250,976,usa,map_14414,16,2250,L1,"1,1,1,1",4,1.0,all_correct,0.0,0.10840467922389507,0.0,balance_L1_easy_all_correct
mapwise_usa_map_1136_t39_src2496,977,usa,map_1136,39,2496,L2,"0,0,0,1",1,0.25,mixed,0.0,0.2520331032574177,0.03662109375,retain_all_mixed_signal
mapwise_usa_map_6616_t19_src2378,979,usa,map_6616,19,2378,L1,"1,1,1,1",4,1.0,all_correct,0.0,0.17077095434069633,0.0,balance_L1_easy_all_correct
mapwise_china_map13_4C_t3_src0671,981,china,map13_4C,3,671,L0,"0,0,0,0",0,0.0,all_wrong_nonfullclip,0.0,0.1365219559520483,0.0,balance_L0_hard_nonfullclip
mapwise_india_map79_2D_t31_src1463,982,india,map79_2D,31,1463,L2,"0,0,1,0",1,0.25,mixed,0.75,0.03713127598166466,0.054931640625,retain_all_mixed_signal
mapwise_usa_map_20556_t37_src2128,983,usa,map_20556,37,2128,L3,"0,0,0,0",0,0.0,all_wrong_nonfullclip,0.25,0.21299393847584724,0.0,balance_L3_hard_nonfullclip
mapwise_india_map93_1C_t16_src1554,985,india,map93_1C,16,1554,L1,"0,0,0,0",0,0.0,all_wrong_nonfullclip,0.0,0.4052639380097389,0.0,balance_L1_hard_nonfullclip
mapwise_china_map2_3C_t6_src0012,987,china,map2_3C,6,12,L0,"0,0,0,0",0,0.0,all_wrong_nonfullclip,0.0,0.28770770877599716,0.0,balance_L0_hard_nonfullclip
mapwise_usa_map_14598_t18_src2642,989,usa,map_14598,18,2642,L3,"1,1,1,1",4,1.0,all_correct,0.0,0.18629904836416245,0.0,balance_L3_easy_all_correct
mapwise_china_map13_1C_t39_src0121,991,china,map13_1C,39,121,L2,"1,0,1,0",2,0.5,mixed,0.5,0.1832735389471054,0.029296875,retain_all_mixed_signal
mapwise_china_map3_2D_t5_src0508,992,china,map3_2D,5,508,L0,"1,1,1,0",3,0.75,mixed,0.0,0.22469354793429375,0.0303955078125,retain_all_mixed_signal
mapwise_usa_map_2453_t12_src2416,993,usa,map_2453,12,2416,L2,"0,0,0,0",0,0.0,all_wrong_nonfullclip,0.75,0.06305325776338577,0.0,balance_L2_hard_nonfullclip
mapwise_india_map6_8C_t16_src1051,994,india,map6_8C,16,1051,L1,"0,0,0,0",0,0.0,all_wrong_nonfullclip,0.5,0.156733438372612,0.0,balance_L1_hard_nonfullclip
mapwise_usa_map_4270_t39_src2351,996,usa,map_4270,39,2351,L2,"1,1,1,0",3,0.75,mixed,0.25,0.15120095759630203,0.01397705078125,retain_all_mixed_signal
mapwise_china_map23_8C_t20_src0649,997,china,map23_8C,20,649,L3,"1,0,0,0",1,0.25,mixed,0.75,0.09415461868047714,0.04296875,retain_all_mixed_signal
mapwise_china_map2_3C_t34_src0017,998,china,map2_3C,34,17,L3,"1,1,1,1",4,1.0,all_correct,0.0,0.37282902747392654,0.0,balance_L3_easy_all_correct
mapwise_china_map4_4C_t33_src0595,999,china,map4_4C,33,595,L3,"0,0,0,0",0,0.0,all_wrong_nonfullclip,0.75,0.0954047217965126,0.0,balance_L3_hard_nonfullclip
mapwise_india_map9_2C_t16_src1090,1001,india,map9_2C,16,1090,L1,"0,0,0,0",0,0.0,all_wrong_nonfullclip,0.5,0.15567076951265335,0.0,balance_L1_hard_nonfullclip
mapwise_usa_map_9_t20_src2291,1002,usa,map_9,20,2291,L3,"1,0,1,0",2,0.5,mixed,0.5,0.18917059153318405,0.0264892578125,retain_all_mixed_signal
mapwise_china_map19_0C_t5_src0825,1004,china,map19_0C,5,825,L0,"0,0,1,0",1,0.25,mixed,0.0,0.297266386449337,0.0223388671875,retain_all_mixed_signal
mapwise_india_map168_4C_t10_src1952,1006,india,map168_4C,10,1952,L1,"0,1,0,0",1,0.25,mixed,0.5,0.20984026044607162,0.0625,retain_all_mixed_signal
mapwise_china_map6_3D_t6_src0305,1007,china,map6_3D,6,305,L0,"0,0,0,0",0,0.0,all_wrong_nonfullclip,0.0,0.36324968934059143,0.0,balance_L0_hard_nonfullclip
mapwise_india_map9_7D_t41_src1103,1008,india,map9_7D,41,1103,L0,"0,0,0,0",0,0.0,all_wrong_nonfullclip,0.0,0.23572735860943794,0.0,balance_L0_hard_nonfullclip
mapwise_india_map59_2D_t18_src1350,1009,india,map59_2D,18,1350,L3,"1,0,1,1",3,0.75,mixed,0.0,0.20397558063268661,0.051025390625,retain_all_mixed_signal
mapwise_india_map170_5C_t2_src1969,1010,india,map170_5C,2,1969,L0,"1,1,1,1",4,1.0,all_correct,0.0,0.2344009391963482,0.0,balance_L0_easy_all_correct
mapwise_india_map139_1C_t30_src1811,1014,india,map139_1C,30,1811,L2,"0,0,1,1",2,0.5,mixed,0.5,0.2031533569097519,0.042236328125,retain_all_mixed_signal
mapwise_usa_map_12319_t42_src3027,1015,usa,map_12319,42,3027,L2,"1,1,1,1",4,1.0,all_correct,0.0,0.18473589792847633,0.0,balance_L2_easy_all_correct
mapwise_usa_map_2769_t19_src2527,1017,usa,map_2769,19,2527,L1,"1,1,1,1",4,1.0,all_correct,0.0,0.1997438706457615,0.0,balance_L1_easy_all_correct
mapwise_india_map166_3C_t24_src1914,1019,india,map166_3C,24,1914,L2,"0,1,0,0",1,0.25,mixed,0.75,0.07970099151134491,0.06982421875,retain_all_mixed_signal
mapwise_usa_map_2632_t3_src3000,1021,usa,map_2632,3,3000,L0,"0,0,0,0",0,0.0,all_wrong_nonfullclip,0.0,0.12761707045137882,0.0,balance_L0_hard_nonfullclip
mapwise_china_map14_0D_t19_src0976,1023,china,map14_0D,19,976,L1,"1,1,1,1",4,1.0,all_correct,0.0,0.1864413507282734,0.0,balance_L1_easy_all_correct
mapwise_usa_map_18501_t41_src2178,1025,usa,map_18501,41,2178,L0,"0,0,0,0",0,0.0,all_wrong_nonfullclip,0.0,0.2930254377424717,0.0,balance_L0_hard_nonfullclip
mapwise_india_map158_3C_t18_src1876,1027,india,map158_3C,18,1876,L3,"0,0,0,0",0,0.0,all_wrong_nonfullclip,0.0,0.2722894549369812,0.0,balance_L3_hard_nonfullclip
mapwise_china_map14_0D_t36_src0972,1028,china,map14_0D,36,972,L3,"0,1,1,0",2,0.5,mixed,0.5,0.17072199285030365,0.07275390625,retain_all_mixed_signal
mapwise_usa_map_8576_t12_src2933,1029,usa,map_8576,12,2933,L2,"0,0,0,0",0,0.0,all_wrong_nonfullclip,0.25,0.18417732045054436,0.0,balance_L2_hard_nonfullclip
mapwise_china_map23_8C_t17_src0653,1030,china,map23_8C,17,653,L2,"1,0,1,1",3,0.75,mixed,0.25,0.2736094519495964,0.050048828125,retain_all_mixed_signal
mapwise_usa_map_5931_t36_src2804,1031,usa,map_5931,36,2804,L3,"0,0,0,0",0,0.0,all_wrong_nonfullclip,0.0,0.3358507975935936,0.0,balance_L3_hard_nonfullclip
mapwise_china_map5_1C_t20_src0226,1032,china,map5_1C,20,226,L3,"0,1,0,0",1,0.25,mixed,0.75,0.09983287006616592,0.146484375,retain_all_mixed_signal
mapwise_india_map170_8C_t3_src1978,1033,india,map170_8C,3,1978,L0,"0,0,0,0",0,0.0,all_wrong_nonfullclip,0.0,0.13894257508218288,0.0,balance_L0_hard_nonfullclip
mapwise_usa_map_12788_t31_src2623,1034,usa,map_12788,31,2623,L2,"1,1,1,1",4,1.0,all_correct,0.0,0.22546735778450966,0.0,balance_L2_easy_all_correct
mapwise_china_map22_0D_t4_src0466,1040,china,map22_0D,4,466,L0,"1,1,1,1",4,1.0,all_correct,0.0,0.1698988452553749,0.0,balance_L0_easy_all_correct
mapwise_usa_map_104_t36_src2261,1043,usa,map_104,36,2261,L3,"1,0,1,0",2,0.5,mixed,0.25,0.24287011101841927,0.051025390625,retain_all_mixed_signal
mapwise_usa_map_20781_t21_src2782,1044,usa,map_20781,21,2782,L2,"0,1,0,0",1,0.25,mixed,0.0,0.2961699888110161,0.0712890625,retain_all_mixed_signal
mapwise_india_map91_1C_t9_src1534,1045,india,map91_1C,9,1534,L1,"0,0,1,0",1,0.25,mixed,0.0,0.39999376237392426,0.0439453125,retain_all_mixed_signal
mapwise_usa_map_14414_t19_src2248,1046,usa,map_14414,19,2248,L1,"1,1,1,1",4,1.0,all_correct,0.0,0.16340350545942783,0.0,balance_L1_easy_all_correct
mapwise_usa_map_9685_t16_src2707,1048,usa,map_9685,16,2707,L1,"0,0,0,0",0,0.0,all_wrong_nonfullclip,0.0,0.07613286189734936,0.0,balance_L1_hard_nonfullclip
mapwise_india_map164_4C_t32_src1891,1049,india,map164_4C,32,1891,L2,"1,1,0,0",2,0.5,mixed,0.5,0.19544420391321182,0.033447265625,retain_all_mixed_signal
mapwise_usa_map_16686_t36_src2210,1050,usa,map_16686,36,2210,L3,"1,1,1,0",3,0.75,mixed,0.25,0.2275262326002121,0.0322265625,retain_all_mixed_signal
mapwise_usa_map_488_t42_src2475,1053,usa,map_488,42,2475,L2,"1,1,1,1",4,1.0,all_correct,0.0,0.14886903390288353,0.0,balance_L2_easy_all_correct
mapwise_usa_map_8616_t22_src2990,1054,usa,map_8616,22,2990,L2,"1,1,1,0",3,0.75,mixed,0.25,0.3047189563512802,0.046142578125,retain_all_mixed_signal
mapwise_usa_map_15061_t35_src2648,1055,usa,map_15061,35,2648,L2,"0,0,0,0",0,0.0,all_wrong_nonfullclip,0.25,0.1609620451927185,0.0,balance_L2_hard_nonfullclip
mapwise_china_map21_1D_t2_src0456,1056,china,map21_1D,2,456,L0,"0,0,0,0",0,0.0,all_wrong_nonfullclip,0.0,0.24823743849992752,0.0,balance_L0_hard_nonfullclip
mapwise_usa_map_17382_t39_src2589,1057,usa,map_17382,39,2589,L2,"1,0,1,1",3,0.75,mixed,0.25,0.217356838285923,0.033203125,retain_all_mixed_signal
mapwise_china_map4_3C_t21_src0923,1059,china,map4_3C,21,923,L2,"0,0,0,0",0,0.0,all_wrong_nonfullclip,0.0,0.3857105001807213,0.0,balance_L2_hard_nonfullclip
mapwise_usa_map_11274_t9_src2563,1060,usa,map_11274,9,2563,L1,"1,0,0,1",2,0.5,mixed,0.25,0.1522836871445179,0.0419921875,retain_all_mixed_signal
mapwise_india_map61_4D_t19_src1373,1061,india,map61_4D,19,1373,L1,"0,0,0,0",0,0.0,all_wrong_nonfullclip,0.0,0.21117189899086952,0.0,balance_L1_hard_nonfullclip
mapwise_usa_map_1950_t8_src2411,1062,usa,map_1950,8,2411,L0,"1,1,1,1",4,1.0,all_correct,0.0,0.19733064249157906,0.0,balance_L0_easy_all_correct
mapwise_india_map91_1C_t22_src1530,1063,india,map91_1C,22,1530,L2,"0,0,1,1",2,0.5,mixed,0.5,0.19264601916074753,0.0390625,retain_all_mixed_signal
mapwise_china_map18_0D_t5_src0694,1064,china,map18_0D,5,694,L0,"0,0,0,0",0,0.0,all_wrong_nonfullclip,0.0,0.21642300486564636,0.0,balance_L0_hard_nonfullclip
mapwise_india_map137_7C_t3_src1799,1068,india,map137_7C,3,1799,L0,"1,1,1,1",4,1.0,all_correct,0.0,0.127401290461421,0.0,balance_L0_easy_all_correct
mapwise_india_map112_7D_t22_src1700,1070,india,map112_7D,22,1700,L2,"0,0,1,0",1,0.25,mixed,0.5,0.15016932785511017,0.1396484375,retain_all_mixed_signal
mapwise_china_map18_0D_t1_src0695,1072,china,map18_0D,1,695,L0,"1,1,1,1",4,1.0,all_correct,0.0,0.12942249700427055,0.0,balance_L0_easy_all_correct
mapwise_usa_map_18348_t36_src2367,1075,usa,map_18348,36,2367,L3,"0,0,1,0",1,0.25,mixed,0.5,0.14909576624631882,0.042724609375,retain_all_mixed_signal
mapwise_india_map101_2D_t17_src1632,1078,india,map101_2D,17,1632,L2,"0,1,1,1",3,0.75,mixed,0.25,0.17075949534773827,0.01953125,retain_all_mixed_signal
mapwise_usa_map_14414_t12_src2247,1079,usa,map_14414,12,2247,L2,"1,0,0,0",1,0.25,mixed,0.75,0.07379816472530365,0.0296630859375,retain_all_mixed_signal
mapwise_india_map79_2D_t6_src1461,1080,india,map79_2D,6,1461,L0,"0,0,0,0",0,0.0,all_wrong_nonfullclip,0.0,0.17393914051353931,0.0,balance_L0_hard_nonfullclip
mapwise_usa_map_14598_t19_src2641,1084,usa,map_14598,19,2641,L1,"1,1,1,1",4,1.0,all_correct,0.0,0.13252593576908112,0.0,balance_L1_easy_all_correct
mapwise_usa_map_15912_t9_src2927,1085,usa,map_15912,9,2927,L1,"1,1,0,0",2,0.5,mixed,0.25,0.3080127164721489,0.040283203125,retain_all_mixed_signal
mapwise_usa_map_584_t41_src2461,1086,usa,map_584,41,2461,L0,"0,0,0,0",0,0.0,all_wrong_nonfullclip,0.0,0.2922566272318363,0.0,balance_L0_hard_nonfullclip
mapwise_usa_map_1136_t2_src2489,1087,usa,map_1136,2,2489,L0,"1,0,1,1",3,0.75,mixed,0.0,0.18824245780706406,0.0155029296875,retain_all_mixed_signal
mapwise_india_map168_3C_t39_src1948,1088,india,map168_3C,39,1948,L2,"0,0,1,0",1,0.25,mixed,0.5,0.18516720086336136,0.055419921875,retain_all_mixed_signal
mapwise_usa_map_957_t41_src2443,1089,usa,map_957,41,2443,L0,"1,1,1,1",4,1.0,all_correct,0.0,0.293142344802618,0.0,balance_L0_easy_all_correct
mapwise_usa_map_11175_t12_src2869,1091,usa,map_11175,12,2869,L2,"1,1,1,1",4,1.0,all_correct,0.0,0.16693317145109177,0.0,balance_L2_easy_all_correct
mapwise_usa_map_1220_t9_src2434,1096,usa,map_1220,9,2434,L1,"1,1,1,1",4,1.0,all_correct,0.0,0.22966743633151054,0.0,balance_L1_easy_all_correct
mapwise_usa_map_14598_t39_src2640,1099,usa,map_14598,39,2640,L2,"1,1,0,0",2,0.5,mixed,0.0,0.24088666588068008,0.0179443359375,retain_all_mixed_signal
mapwise_usa_map_1347_t29_src2905,1100,usa,map_1347,29,2905,L2,"0,0,1,0",1,0.25,mixed,0.75,0.046279873698949814,0.09228515625,retain_all_mixed_signal
mapwise_usa_map_19332_t20_src2169,1101,usa,map_19332,20,2169,L3,"0,0,1,0",1,0.25,mixed,0.75,0.0735742524266243,0.041259765625,retain_all_mixed_signal
mapwise_usa_map_1220_t41_src2428,1103,usa,map_1220,41,2428,L0,"0,0,0,0",0,0.0,all_wrong_nonfullclip,0.0,0.2961770072579384,0.0,balance_L0_hard_nonfullclip
mapwise_china_map19_0C_t31_src0826,1104,china,map19_0C,31,826,L2,"1,1,1,0",3,0.75,mixed,0.25,0.259905569255352,0.054931640625,retain_all_mixed_signal
mapwise_china_map11_5C_t7_src0100,1105,china,map11_5C,7,100,L0,"1,1,1,1",4,1.0,all_correct,0.0,0.2970951795578003,0.0,balance_L0_easy_all_correct
mapwise_china_map22_8D_t3_src0477,1107,china,map22_8D,3,477,L0,"1,1,1,1",4,1.0,all_correct,0.0,0.08612633869051933,0.0,balance_L0_easy_all_correct
mapwise_china_map21_0C_t20_src0641,1109,china,map21_0C,20,641,L3,"0,0,0,0",0,0.0,all_wrong_nonfullclip,0.5,0.19409698992967606,0.0,balance_L3_hard_nonfullclip
mapwise_india_map8_6C_t18_src1083,1110,india,map8_6C,18,1083,L3,"1,1,1,1",4,1.0,all_correct,0.0,0.2601426877081394,0.0,balance_L3_easy_all_correct
mapwise_usa_map_2632_t29_src3005,1111,usa,map_2632,29,3005,L2,"0,0,0,0",0,0.0,all_wrong_nonfullclip,0.75,0.0949864313006401,0.0,balance_L2_hard_nonfullclip
mapwise_india_map97_6D_t21_src1607,1113,india,map97_6D,21,1607,L2,"0,0,1,1",2,0.5,mixed,0.5,0.12432875856757164,0.06591796875,retain_all_mixed_signal
mapwise_china_map13_0D_t41_src0550,1114,china,map13_0D,41,550,L0,"0,0,0,0",0,0.0,all_wrong_nonfullclip,0.0,0.353732630610466,0.0,balance_L0_hard_nonfullclip
mapwise_usa_map_4270_t2_src2353,1116,usa,map_4270,2,2353,L0,"1,1,1,1",4,1.0,all_correct,0.0,0.14590768329799175,0.0,balance_L0_easy_all_correct
mapwise_india_map7_5C_t3_src1063,1117,india,map7_5C,3,1063,L0,"1,1,1,1",4,1.0,all_correct,0.0,0.12419959530234337,0.0,balance_L0_easy_all_correct
mapwise_china_map23_4D_t19_src0705,1121,china,map23_4D,19,705,L1,"1,1,1,1",4,1.0,all_correct,0.0,0.14285746589303017,0.0,balance_L1_easy_all_correct
mapwise_usa_map_488_t19_src2470,1124,usa,map_488,19,2470,L1,"1,1,1,1",4,1.0,all_correct,0.0,0.1648702546954155,0.0,balance_L1_easy_all_correct
mapwise_india_map55_6D_t16_src1334,1125,india,map55_6D,16,1334,L1,"0,1,1,1",3,0.75,mixed,0.0,0.21266721934080124,0.1328125,retain_all_mixed_signal
mapwise_india_map53_6D_t3_src1326,1127,india,map53_6D,3,1326,L0,"1,1,1,1",4,1.0,all_correct,0.0,0.08564689755439758,0.0,balance_L0_easy_all_correct
mapwise_usa_map_11274_t3_src2566,1128,usa,map_11274,3,2566,L0,"1,1,1,1",4,1.0,all_correct,0.0,0.10207680985331535,0.0,balance_L0_easy_all_correct
mapwise_india_map158_0D_t30_src1855,1130,india,map158_0D,30,1855,L2,"1,1,0,1",3,0.75,mixed,0.25,0.17981073260307312,0.039306640625,retain_all_mixed_signal
mapwise_china_map23_5C_t20_src0219,1133,china,map23_5C,20,219,L3,"0,0,0,1",1,0.25,mixed,0.5,0.21251900494098663,0.050537109375,retain_all_mixed_signal
mapwise_usa_map_19_t36_src2398,1136,usa,map_19,36,2398,L3,"1,1,1,1",4,1.0,all_correct,0.0,0.30396968871355057,0.0,balance_L3_easy_all_correct
mapwise_india_map67_7D_t30_src1414,1138,india,map67_7D,30,1414,L2,"0,0,1,1",2,0.5,mixed,0.5,0.1066933423280716,0.03173828125,retain_all_mixed_signal
mapwise_india_map33_5D_t32_src1250,1139,india,map33_5D,32,1250,L2,"1,1,0,1",3,0.75,mixed,0.0,0.2759329341351986,0.11376953125,retain_all_mixed_signal
mapwise_india_map170_8C_t6_src1976,1142,india,map170_8C,6,1976,L0,"1,1,1,1",4,1.0,all_correct,0.0,0.1136847659945488,0.0,balance_L0_easy_all_correct
mapwise_china_map23_5C_t9_src0213,1143,china,map23_5C,9,213,L1,"0,0,0,0",0,0.0,all_wrong_nonfullclip,0.0,0.26618966087698936,0.0,balance_L1_hard_nonfullclip
mapwise_usa_map_7299_t34_src2757,1144,usa,map_7299,34,2757,L3,"0,0,0,0",0,0.0,all_wrong_nonfullclip,0.5,0.13835527747869492,0.0,balance_L3_hard_nonfullclip
mapwise_india_map171_4C_t36_src1994,1147,india,map171_4C,36,1994,L3,"0,0,0,0",0,0.0,all_wrong_nonfullclip,0.75,0.10262513905763626,0.0,balance_L3_hard_nonfullclip
mapwise_china_map23_8D_t36_src0490,1149,china,map23_8D,36,490,L3,"0,1,0,0",1,0.25,mixed,0.75,0.08770501613616943,0.07421875,retain_all_mixed_signal
mapwise_usa_map_15912_t18_src2918,1153,usa,map_15912,18,2918,L3,"1,1,1,1",4,1.0,all_correct,0.0,0.22757264226675034,0.0,balance_L3_easy_all_correct
mapwise_china_map14_7D_t31_src0390,1155,china,map14_7D,31,390,L2,"0,0,1,1",2,0.5,mixed,0.5,0.14507615566253662,0.042236328125,retain_all_mixed_signal
mapwise_india_map56_3D_t3_src1340,1156,india,map56_3D,3,1340,L0,"1,1,1,0",3,0.75,mixed,0.0,0.12830095179378986,0.02685546875,retain_all_mixed_signal
mapwise_india_map102_1D_t31_src1640,1157,india,map102_1D,31,1640,L2,"0,1,1,0",2,0.5,mixed,0.25,0.18708427250385284,0.0419921875,retain_all_mixed_signal
mapwise_usa_map_2632_t41_src3003,1159,usa,map_2632,41,3003,L0,"1,1,1,1",4,1.0,all_correct,0.0,0.30784016475081444,0.0,balance_L0_easy_all_correct
mapwise_usa_map_20774_t33_src2981,1162,usa,map_20774,33,2981,L3,"0,1,0,0",1,0.25,mixed,0.75,0.09736686944961548,0.0712890625,retain_all_mixed_signal
mapwise_china_map1_2D_t41_src0862,1163,china,map1_2D,41,862,L0,"0,0,0,0",0,0.0,all_wrong_nonfullclip,0.25,0.1477225162088871,0.0,balance_L0_hard_nonfullclip
mapwise_china_map8_6C_t20_src0995,1170,china,map8_6C,20,995,L3,"0,1,0,0",1,0.25,mixed,0.75,0.10198855400085449,0.039794921875,retain_all_mixed_signal
mapwise_china_map7_6C_t6_src0068,1171,china,map7_6C,6,68,L0,"1,1,0,0",2,0.5,mixed,0.0,0.31246234476566315,0.01953125,retain_all_mixed_signal
mapwise_china_map6_3C_t10_src0055,1172,china,map6_3C,10,55,L1,"1,0,0,1",2,0.5,mixed,0.5,0.19715696573257446,0.039794921875,retain_all_mixed_signal
mapwise_china_map2_0C_t18_src0579,1173,china,map2_0C,18,579,L3,"1,1,1,1",4,1.0,all_correct,0.0,0.23455063998699188,0.0,balance_L3_easy_all_correct
mapwise_usa_map_11274_t33_src2568,1176,usa,map_11274,33,2568,L3,"1,1,0,0",2,0.5,mixed,0.5,0.1540607586503029,0.0478515625,retain_all_mixed_signal
mapwise_usa_map_12788_t34_src2624,1177,usa,map_12788,34,2624,L3,"0,0,0,1",1,0.25,mixed,0.75,0.0744139701128006,0.1484375,retain_all_mixed_signal
mapwise_china_map17_4C_t16_src0156,1180,china,map17_4C,16,156,L1,"0,0,0,0",0,0.0,all_wrong_nonfullclip,0.0,0.3246489092707634,0.0,balance_L1_hard_nonfullclip
mapwise_usa_map_20584_t16_src2663,1182,usa,map_20584,16,2663,L1,"0,0,0,0",0,0.0,all_wrong_nonfullclip,0.5,0.16692186892032623,0.0,balance_L1_hard_nonfullclip
mapwise_india_map68_0C_t21_src1421,1183,india,map68_0C,21,1421,L2,"0,1,1,0",2,0.5,mixed,0.5,0.18930944055318832,0.0966796875,retain_all_mixed_signal
mapwise_india_map138_0D_t31_src1806,1184,india,map138_0D,31,1806,L2,"1,1,0,0",2,0.5,mixed,0.5,0.13020553067326546,0.040771484375,retain_all_mixed_signal
mapwise_india_map22_6C_t6_src1210,1187,india,map22_6C,6,1210,L0,"1,1,1,1",4,1.0,all_correct,0.0,0.3085141032934189,0.0,balance_L0_easy_all_correct
mapwise_usa_map_8391_t19_src2575,1189,usa,map_8391,19,2575,L1,"1,0,0,1",2,0.5,mixed,0.5,0.1979423239827156,0.046142578125,retain_all_mixed_signal
mapwise_china_map1_2D_t9_src0866,1190,china,map1_2D,9,866,L1,"1,1,1,1",4,1.0,all_correct,0.0,0.17045333608984947,0.0,balance_L1_easy_all_correct
mapwise_china_map6_0C_t35_src0663,1191,china,map6_0C,35,663,L2,"0,0,1,0",1,0.25,mixed,0.75,0.09870601445436478,0.033447265625,retain_all_mixed_signal
mapwise_usa_map_910_t4_src2299,1193,usa,map_910,4,2299,L0,"0,0,0,0",0,0.0,all_wrong_nonfullclip,0.0,0.13353749364614487,0.0,balance_L0_hard_nonfullclip
mapwise_india_map97_6D_t18_src1601,1195,india,map97_6D,18,1601,L3,"1,1,1,1",4,1.0,all_correct,0.0,0.1920456886291504,0.0,balance_L3_easy_all_correct
mapwise_china_map14_7D_t19_src0388,1196,china,map14_7D,19,388,L1,"1,1,1,1",4,1.0,all_correct,0.0,0.24154793098568916,0.0,balance_L1_easy_all_correct
mapwise_india_map62_5D_t41_src1382,1199,india,map62_5D,41,1382,L0,"0,0,0,0",0,0.0,all_wrong_nonfullclip,0.0,0.2847715653479099,0.0,balance_L0_hard_nonfullclip
mapwise_china_map21_1D_t34_src0452,1200,china,map21_1D,34,452,L3,"0,0,0,0",0,0.0,all_wrong_nonfullclip,0.0,0.3271676152944565,0.0,balance_L3_hard_nonfullclip
mapwise_india_map166_3C_t19_src1912,1202,india,map166_3C,19,1912,L1,"1,1,1,1",4,1.0,all_correct,0.0,0.3008933737874031,0.0,balance_L1_easy_all_correct
mapwise_india_map138_0D_t19_src1807,1204,india,map138_0D,19,1807,L1,"0,0,1,0",1,0.25,mixed,0.25,0.16204776614904404,0.1337890625,retain_all_mixed_signal
mapwise_china_map10_5C_t31_src0091,1206,china,map10_5C,31,91,L2,"0,1,0,0",1,0.25,mixed,0.75,0.09441220760345459,0.036865234375,retain_all_mixed_signal
mapwise_india_map79_2D_t39_src1462,1208,india,map79_2D,39,1462,L2,"1,1,0,1",3,0.75,mixed,0.25,0.2144385129213333,0.03369140625,retain_all_mixed_signal
mapwise_usa_map_4270_t19_src2354,1210,usa,map_4270,19,2354,L1,"1,1,1,0",3,0.75,mixed,0.0,0.14350251853466034,0.03515625,retain_all_mixed_signal
mapwise_china_map3_0C_t2_src0910,1211,china,map3_0C,2,910,L0,"1,1,1,1",4,1.0,all_correct,0.0,0.2051234431564808,0.0,balance_L0_easy_all_correct
mapwise_usa_map_910_t18_src2304,1212,usa,map_910,18,2304,L3,"1,0,1,1",3,0.75,mixed,0.25,0.2616153508424759,0.030029296875,retain_all_mixed_signal
mapwise_usa_map_12788_t35_src2617,1216,usa,map_12788,35,2617,L2,"0,0,0,0",0,0.0,all_wrong_nonfullclip,0.75,0.05057797208428383,0.0,balance_L2_hard_nonfullclip
mapwise_india_map128_7D_t4_src1759,1217,india,map128_7D,4,1759,L0,"1,1,1,1",4,1.0,all_correct,0.0,0.10352963581681252,0.0,balance_L0_easy_all_correct
mapwise_usa_map_20556_t33_src2119,1218,usa,map_20556,33,2119,L3,"1,1,1,1",4,1.0,all_correct,0.0,0.28283854201436043,0.0,balance_L3_easy_all_correct
mapwise_india_map12_7D_t9_src1130,1221,india,map12_7D,9,1130,L1,"0,1,1,1",3,0.75,mixed,0.0,0.20347945764660835,0.0279541015625,retain_all_mixed_signal
mapwise_india_map121_2C_t10_src1717,1225,india,map121_2C,10,1717,L1,"0,0,0,0",0,0.0,all_wrong_nonfullclip,0.0,0.4150238335132599,0.0,balance_L1_hard_nonfullclip
mapwise_china_map19_0C_t34_src0823,1226,china,map19_0C,34,823,L3,"1,1,1,0",3,0.75,mixed,0.25,0.30131250619888306,0.0361328125,retain_all_mixed_signal
mapwise_india_map166_7D_t39_src1921,1229,india,map166_7D,39,1921,L2,"0,0,0,1",1,0.25,mixed,0.5,0.18672318011522293,0.162109375,retain_all_mixed_signal
mapwise_india_map97_8D_t1_src1610,1230,india,map97_8D,1,1610,L0,"1,1,1,1",4,1.0,all_correct,0.0,0.09428303316235542,0.0,balance_L0_easy_all_correct
mapwise_usa_map_8616_t39_src2995,1234,usa,map_8616,39,2995,L2,"1,1,0,1",3,0.75,mixed,0.25,0.2819603234529495,0.0181884765625,retain_all_mixed_signal
mapwise_usa_map_2769_t30_src2525,1236,usa,map_2769,30,2525,L2,"1,1,1,1",4,1.0,all_correct,0.0,0.18765268102288246,0.0,balance_L2_easy_all_correct
mapwise_usa_map_16686_t30_src2215,1240,usa,map_16686,30,2215,L2,"1,1,1,1",4,1.0,all_correct,0.0,0.21895362809300423,0.0,balance_L2_easy_all_correct
mapwise_india_map102_1D_t21_src1645,1242,india,map102_1D,21,1645,L2,"1,0,1,1",3,0.75,mixed,0.25,0.19010716304183006,0.023193359375,retain_all_mixed_signal
mapwise_usa_map_200_t36_src2065,1243,usa,map_200,36,2065,L3,"0,0,1,0",1,0.25,mixed,0.75,0.10044781863689423,0.047119140625,retain_all_mixed_signal
mapwise_usa_map_584_t5_src2467,1244,usa,map_584,5,2467,L0,"0,0,0,0",0,0.0,all_wrong_nonfullclip,0.0,0.18583424389362335,0.0,balance_L0_hard_nonfullclip
mapwise_china_map10_5C_t3_src0094,1246,china,map10_5C,3,94,L0,"0,0,0,0",0,0.0,all_wrong_nonfullclip,0.0,0.10225020907819271,0.0,balance_L0_hard_nonfullclip
mapwise_usa_map_9685_t4_src2708,1247,usa,map_9685,4,2708,L0,"0,0,0,0",0,0.0,all_wrong_nonfullclip,0.0,0.17418570816516876,0.0,balance_L0_hard_nonfullclip
mapwise_china_map2_3D_t31_src0267,1248,china,map2_3D,31,267,L2,"0,0,0,1",1,0.25,mixed,0.75,0.055712949484586716,0.03564453125,retain_all_mixed_signal
mapwise_usa_map_8808_t20_src2001,1249,usa,map_8808,20,2001,L3,"0,0,0,0",0,0.0,all_wrong_nonfullclip,0.75,0.06936751306056976,0.0,balance_L3_hard_nonfullclip
mapwise_china_map6_3C_t34_src0052,1250,china,map6_3C,34,52,L3,"1,1,1,1",4,1.0,all_correct,0.0,0.3788505420088768,0.0,balance_L3_easy_all_correct
mapwise_usa_map_957_t42_src2439,1252,usa,map_957,42,2439,L2,"1,1,0,0",2,0.5,mixed,0.5,0.16784077882766724,0.06787109375,retain_all_mixed_signal
mapwise_india_map92_2C_t18_src1543,1253,india,map92_2C,18,1543,L3,"1,1,1,1",4,1.0,all_correct,0.0,0.4092334434390068,0.0,balance_L3_easy_all_correct
mapwise_usa_map_8083_t32_src2546,1255,usa,map_8083,32,2546,L2,"0,1,1,0",2,0.5,mixed,0.5,0.1483842208981514,0.04443359375,retain_all_mixed_signal
mapwise_usa_map_8083_t2_src2549,1256,usa,map_8083,2,2549,L0,"1,1,1,1",4,1.0,all_correct,0.0,0.16799240931868553,0.0,balance_L0_easy_all_correct
mapwise_india_map170_5C_t9_src1970,1260,india,map170_5C,9,1970,L1,"1,1,1,1",4,1.0,all_correct,0.0,0.3988320976495743,0.0,balance_L1_easy_all_correct
mapwise_usa_map_584_t34_src2462,1261,usa,map_584,34,2462,L3,"0,0,0,0",0,0.0,all_wrong_nonfullclip,0.75,0.07893875241279602,0.0,balance_L3_hard_nonfullclip
mapwise_india_map59_2D_t42_src1357,1262,india,map59_2D,42,1357,L2,"1,1,1,0",3,0.75,mixed,0.0,0.23002947866916656,0.0869140625,retain_all_mixed_signal
mapwise_usa_map_13283_t16_src2149,1263,usa,map_13283,16,2149,L1,"0,0,0,0",0,0.0,all_wrong_nonfullclip,0.75,0.08633643388748169,0.0,balance_L1_hard_nonfullclip
mapwise_india_map90_0C_t18_src1512,1264,india,map90_0C,18,1512,L3,"1,1,1,1",4,1.0,all_correct,0.0,0.2485172338783741,0.0,balance_L3_easy_all_correct
mapwise_china_map7_8D_t1_src0324,1265,china,map7_8D,1,324,L0,"0,0,0,0",0,0.0,all_wrong_nonfullclip,0.0,0.12861608527600765,0.0,balance_L0_hard_nonfullclip
mapwise_india_map8_6C_t10_src1081,1272,india,map8_6C,10,1081,L1,"1,0,1,0",2,0.5,mixed,0.25,0.329593725502491,0.08251953125,retain_all_mixed_signal
mapwise_usa_map_15912_t3_src2925,1273,usa,map_15912,3,2925,L0,"0,0,1,0",1,0.25,mixed,0.0,0.20911889523267746,0.06103515625,retain_all_mixed_signal
mapwise_usa_map_930_t19_src3019,1274,usa,map_930,19,3019,L1,"1,1,1,1",4,1.0,all_correct,0.0,0.15393239818513393,0.0,balance_L1_easy_all_correct
mapwise_china_map2_0D_t39_src0686,1276,china,map2_0D,39,686,L2,"0,0,1,1",2,0.5,mixed,0.5,0.12821262329816818,0.0303955078125,retain_all_mixed_signal
mapwise_usa_map_689_t16_src2964,1277,usa,map_689,16,2964,L1,"1,1,0,1",3,0.75,mixed,0.0,0.14222346805036068,0.04248046875,retain_all_mixed_signal
mapwise_usa_map_930_t9_src3012,1280,usa,map_930,9,3012,L1,"1,0,0,1",2,0.5,mixed,0.5,0.14436183869838715,0.021484375,retain_all_mixed_signal
mapwise_india_map168_3C_t21_src1946,1281,india,map168_3C,21,1946,L2,"0,0,1,1",2,0.5,mixed,0.5,0.21787426620721817,0.033203125,retain_all_mixed_signal
mapwise_india_map10_8C_t16_src1115,1282,india,map10_8C,16,1115,L1,"0,0,0,0",0,0.0,all_wrong_nonfullclip,0.25,0.2561372295022011,0.0,balance_L1_hard_nonfullclip
mapwise_china_map22_6D_t39_src0715,1285,china,map22_6D,39,715,L2,"0,0,1,0",1,0.25,mixed,0.75,0.0657697394490242,0.1484375,retain_all_mixed_signal
mapwise_usa_map_20774_t31_src2988,1286,usa,map_20774,31,2988,L2,"0,0,0,0",0,0.0,all_wrong_nonfullclip,0.75,0.09133677184581757,0.0,balance_L2_hard_nonfullclip
mapwise_usa_map_17383_t16_src2882,1287,usa,map_17383,16,2882,L1,"0,0,0,1",1,0.25,mixed,0.75,0.11095274239778519,0.0947265625,retain_all_mixed_signal
mapwise_india_map1_0C_t33_src1005,1288,india,map1_0C,33,1005,L3,"1,0,0,0",1,0.25,mixed,0.75,0.11390577256679535,0.05908203125,retain_all_mixed_signal
mapwise_china_map9_0D_t41_src0345,1290,china,map9_0D,41,345,L0,"0,0,0,0",0,0.0,all_wrong_nonfullclip,0.0,0.2878219075500965,0.0,balance_L0_hard_nonfullclip
mapwise_usa_map_8808_t12_src2003,1291,usa,map_8808,12,2003,L2,"1,1,1,1",4,1.0,all_correct,0.0,0.16956468299031258,0.0,balance_L2_easy_all_correct
mapwise_china_map1_1D_t9_src0256,1295,china,map1_1D,9,256,L1,"1,1,1,1",4,1.0,all_correct,0.0,0.16725722327828407,0.0,balance_L1_easy_all_correct
mapwise_china_map2_3D_t8_src0263,1296,china,map2_3D,8,263,L0,"0,0,0,0",0,0.0,all_wrong_nonfullclip,0.0,0.09867810271680355,0.0,balance_L0_hard_nonfullclip
mapwise_china_map6_3D_t30_src0301,1297,china,map6_3D,30,301,L2,"0,1,0,0",1,0.25,mixed,0.25,0.2302643433213234,0.051513671875,retain_all_mixed_signal
mapwise_china_map17_4C_t36_src0153,1299,china,map17_4C,36,153,L3,"0,0,0,0",0,0.0,all_wrong_nonfullclip,0.0,0.4211770072579384,0.0,balance_L3_hard_nonfullclip
mapwise_usa_map_2769_t17_src2524,1300,usa,map_2769,17,2524,L2,"0,0,0,0",0,0.0,all_wrong_nonfullclip,0.75,0.033389486372470856,0.0,balance_L2_hard_nonfullclip
mapwise_china_map21_1C_t39_src0766,1303,china,map21_1C,39,766,L2,"0,0,0,1",1,0.25,mixed,0.75,0.09290005266666412,0.058349609375,retain_all_mixed_signal
mapwise_china_map16_5C_t21_src0636,1304,china,map16_5C,21,636,L2,"1,0,1,0",2,0.5,mixed,0.5,0.19501739740371704,0.0311279296875,retain_all_mixed_signal
mapwise_china_map5_4C_t24_src0935,1305,china,map5_4C,24,935,L2,"1,1,1,1",4,1.0,all_correct,0.0,0.35448671132326126,0.0,balance_L2_easy_all_correct
mapwise_india_map11_1C_t31_src1128,1311,india,map11_1C,31,1128,L2,"1,1,0,1",3,0.75,mixed,0.25,0.2662668824195862,0.040283203125,retain_all_mixed_signal
mapwise_usa_map_9447_t5_src2714,1313,usa,map_9447,5,2714,L0,"0,0,1,1",2,0.5,mixed,0.0,0.2409384585916996,0.0291748046875,retain_all_mixed_signal
mapwise_china_map21_2D_t9_src0727,1314,china,map21_2D,9,727,L1,"1,0,0,1",2,0.5,mixed,0.0,0.19399846717715263,0.0211181640625,retain_all_mixed_signal
mapwise_india_map121_2C_t21_src1715,1315,india,map121_2C,21,1715,L2,"1,0,0,1",2,0.5,mixed,0.5,0.19500334560871124,0.049072265625,retain_all_mixed_signal
mapwise_china_map5_7D_t19_src0294,1317,china,map5_7D,19,294,L1,"1,1,1,1",4,1.0,all_correct,0.0,0.1391073353588581,0.0,balance_L1_easy_all_correct
mapwise_china_map13_4C_t34_src0677,1318,china,map13_4C,34,677,L3,"0,0,0,0",0,0.0,all_wrong_nonfullclip,0.25,0.2782995477318764,0.0,balance_L3_hard_nonfullclip
mapwise_india_map51_0D_t4_src1304,1319,india,map51_0D,4,1304,L0,"1,1,1,1",4,1.0,all_correct,0.0,0.09708479046821594,0.0,balance_L0_easy_all_correct
mapwise_india_map158_0D_t24_src1859,1328,india,map158_0D,24,1859,L2,"0,0,0,1",1,0.25,mixed,0.75,0.053094640374183655,0.154296875,retain_all_mixed_signal
mapwise_china_map23_5C_t22_src0217,1329,china,map23_5C,22,217,L2,"0,0,0,1",1,0.25,mixed,0.5,0.18517844378948212,0.103515625,retain_all_mixed_signal
mapwise_usa_map_12319_t1_src3024,1330,usa,map_12319,1,3024,L0,"1,1,1,1",4,1.0,all_correct,0.0,0.12086176685988903,0.0,balance_L0_easy_all_correct
mapwise_china_map5_1C_t17_src0220,1331,china,map5_1C,17,220,L2,"0,0,0,0",0,0.0,all_wrong_nonfullclip,0.0,0.3112724497914314,0.0,balance_L2_hard_nonfullclip
mapwise_india_map121_2C_t24_src1719,1334,india,map121_2C,24,1719,L2,"0,0,1,0",1,0.25,mixed,0.75,0.07795865833759308,0.06689453125,retain_all_mixed_signal
mapwise_usa_map_1280_t4_src2334,1338,usa,map_1280,4,2334,L0,"0,0,0,0",0,0.0,all_wrong_nonfullclip,0.0,0.20050961524248123,0.0,balance_L0_hard_nonfullclip
mapwise_china_map21_2D_t22_src0723,1340,china,map21_2D,22,723,L2,"0,0,0,0",0,0.0,all_wrong_nonfullclip,0.75,0.075055792927742,0.0,balance_L2_hard_nonfullclip
mapwise_china_map5_4C_t3_src0929,1341,china,map5_4C,3,929,L0,"0,0,0,0",0,0.0,all_wrong_nonfullclip,0.0,0.11282030679285526,0.0,balance_L0_hard_nonfullclip
mapwise_usa_map_11175_t34_src2871,1342,usa,map_11175,34,2871,L3,"0,1,1,1",3,0.75,mixed,0.25,0.18394217267632484,0.021240234375,retain_all_mixed_signal
mapwise_china_map1_1D_t42_src0251,1343,china,map1_1D,42,251,L2,"1,0,1,1",3,0.75,mixed,0.0,0.22318266332149506,0.078125,retain_all_mixed_signal
mapwise_usa_map_488_t1_src2474,1345,usa,map_488,1,2474,L0,"1,1,1,1",4,1.0,all_correct,0.0,0.1075106542557478,0.0,balance_L0_easy_all_correct
mapwise_usa_map_18501_t9_src2183,1346,usa,map_18501,9,2183,L1,"0,0,0,0",0,0.0,all_wrong_nonfullclip,0.0,0.1736710462719202,0.0,balance_L1_hard_nonfullclip
mapwise_india_map158_1C_t18_src1863,1348,india,map158_1C,18,1863,L3,"1,1,1,1",4,1.0,all_correct,0.0,0.2302541621029377,0.0,balance_L3_easy_all_correct
mapwise_china_map8_7D_t18_src0536,1349,china,map8_7D,18,536,L3,"0,0,0,0",0,0.0,all_wrong_nonfullclip,0.0,0.253671083599329,0.0,balance_L3_hard_nonfullclip
mapwise_usa_map_33_t31_src2021,1350,usa,map_33,31,2021,L2,"1,1,1,1",4,1.0,all_correct,0.0,0.2168269343674183,0.0,balance_L2_easy_all_correct
mapwise_china_map5_7D_t21_src0289,1351,china,map5_7D,21,289,L2,"0,1,0,1",2,0.5,mixed,0.5,0.16915590316057205,0.59375,retain_all_mixed_signal
mapwise_usa_map_19_t30_src2394,1352,usa,map_19,30,2394,L2,"1,1,1,1",4,1.0,all_correct,0.0,0.20294547826051712,0.0,balance_L2_easy_all_correct
mapwise_china_map7_6C_t36_src0064,1353,china,map7_6C,36,64,L3,"0,0,0,0",0,0.0,all_wrong_nonfullclip,0.25,0.3078838512301445,0.0,balance_L3_hard_nonfullclip
mapwise_usa_map_9685_t33_src2702,1356,usa,map_9685,33,2702,L3,"1,0,1,1",3,0.75,mixed,0.25,0.21146119385957718,0.017578125,retain_all_mixed_signal
mapwise_china_map8_5C_t33_src0076,1358,china,map8_5C,33,76,L3,"0,0,0,1",1,0.25,mixed,0.75,0.1004689633846283,0.061767578125,retain_all_mixed_signal
mapwise_usa_map_9447_t22_src2718,1359,usa,map_9447,22,2718,L2,"0,1,0,1",2,0.5,mixed,0.25,0.18745125457644463,0.02392578125,retain_all_mixed_signal
mapwise_india_map123_0D_t32_src1727,1360,india,map123_0D,32,1727,L2,"1,1,0,0",2,0.5,mixed,0.0,0.2581104412674904,0.0810546875,retain_all_mixed_signal
mapwise_usa_map_5327_t3_src2777,1362,usa,map_5327,3,2777,L0,"1,1,0,1",3,0.75,mixed,0.0,0.18508337810635567,0.02587890625,retain_all_mixed_signal
mapwise_india_map79_2D_t18_src1468,1363,india,map79_2D,18,1468,L3,"1,1,0,1",3,0.75,mixed,0.25,0.1220916360616684,0.0167236328125,retain_all_mixed_signal
mapwise_china_map18_5C_t3_src0625,1364,china,map18_5C,3,625,L0,"0,0,0,0",0,0.0,all_wrong_nonfullclip,0.0,0.17887002602219582,0.0,balance_L0_hard_nonfullclip
mapwise_usa_map_6616_t20_src2373,1366,usa,map_6616,20,2373,L3,"0,0,1,0",1,0.25,mixed,0.75,0.08432541787624359,0.037109375,retain_all_mixed_signal
mapwise_india_map108_0D_t22_src1660,1368,india,map108_0D,22,1660,L2,"0,1,0,1",2,0.5,mixed,0.5,0.11075271666049957,0.031005859375,retain_all_mixed_signal
mapwise_usa_map_17382_t33_src2587,1369,usa,map_17382,33,2587,L3,"0,0,0,0",0,0.0,all_wrong_nonfullclip,0.5,0.15600433200597763,0.0,balance_L3_hard_nonfullclip
mapwise_usa_map_19332_t35_src2170,1374,usa,map_19332,35,2170,L2,"0,0,0,1",1,0.25,mixed,0.5,0.07551328092813492,0.0380859375,retain_all_mixed_signal
mapwise_usa_map_4270_t21_src2359,1376,usa,map_4270,21,2359,L2,"1,1,0,0",2,0.5,mixed,0.5,0.13410402834415436,0.01513671875,retain_all_mixed_signal
mapwise_china_map6_2D_t12_src0943,1381,china,map6_2D,12,943,L2,"1,0,1,1",3,0.75,mixed,0.25,0.2299947738647461,0.032470703125,retain_all_mixed_signal
mapwise_china_map3_2D_t9_src0515,1382,china,map3_2D,9,515,L1,"0,1,0,0",1,0.25,mixed,0.25,0.1844511590898037,0.06396484375,retain_all_mixed_signal
mapwise_china_map16_5C_t9_src0628,1384,china,map16_5C,9,628,L1,"0,0,0,0",0,0.0,all_wrong_nonfullclip,0.0,0.27407747507095337,0.0,balance_L1_hard_nonfullclip
mapwise_india_map7_5C_t42_src1065,1386,india,map7_5C,42,1065,L2,"0,0,1,1",2,0.5,mixed,0.0,0.33962400257587433,0.04248046875,retain_all_mixed_signal
mapwise_india_map137_7C_t19_src1795,1387,india,map137_7C,19,1795,L1,"1,1,1,1",4,1.0,all_correct,0.0,0.3801228627562523,0.0,balance_L1_easy_all_correct
mapwise_usa_map_8213_t9_src2315,1388,usa,map_8213,9,2315,L1,"0,0,0,0",0,0.0,all_wrong_nonfullclip,0.75,0.10114413499832153,0.0,balance_L1_hard_nonfullclip
mapwise_china_map8_5C_t6_src0072,1390,china,map8_5C,6,72,L0,"1,0,1,1",3,0.75,mixed,0.0,0.3954852297902107,0.033935546875,retain_all_mixed_signal
mapwise_usa_map_13_t41_src2283,1398,usa,map_13,41,2283,L0,"1,1,1,1",4,1.0,all_correct,0.0,0.19948100857436657,0.0,balance_L0_easy_all_correct
mapwise_india_map91_1C_t34_src1533,1399,india,map91_1C,34,1533,L3,"0,0,0,0",0,0.0,all_wrong_nonfullclip,0.5,0.20578531175851822,0.0,balance_L3_hard_nonfullclip
mapwise_usa_map_7444_t35_src2727,1400,usa,map_7444,35,2727,L2,"1,1,0,1",3,0.75,mixed,0.0,0.21194744110107422,0.0274658203125,retain_all_mixed_signal
mapwise_china_map13_4C_t19_src0670,1404,china,map13_4C,19,670,L1,"0,0,0,0",0,0.0,all_wrong_nonfullclip,0.25,0.25700395554304123,0.0,balance_L1_hard_nonfullclip
mapwise_india_map134_7D_t13_src1786,1405,india,map134_7D,13,1786,L2,"0,0,0,1",1,0.25,mixed,0.75,0.09194758534431458,0.1416015625,retain_all_mixed_signal
mapwise_india_map171_4C_t6_src1998,1406,india,map171_4C,6,1998,L0,"1,1,1,1",4,1.0,all_correct,0.0,0.34205789119005203,0.0,balance_L0_easy_all_correct
mapwise_usa_map_4270_t16_src2358,1407,usa,map_4270,16,2358,L1,"0,0,1,1",2,0.5,mixed,0.0,0.16324353590607643,0.0250244140625,retain_all_mixed_signal
mapwise_usa_map_6616_t41_src2380,1412,usa,map_6616,41,2380,L0,"0,0,0,0",0,0.0,all_wrong_nonfullclip,0.0,0.23911743611097336,0.0,balance_L0_hard_nonfullclip
mapwise_china_map14_3C_t30_src0134,1413,china,map14_3C,30,134,L2,"1,1,1,1",4,1.0,all_correct,0.0,0.28322698920965195,0.0,balance_L2_easy_all_correct
mapwise_usa_map_18348_t32_src2363,1414,usa,map_18348,32,2363,L2,"0,1,0,0",1,0.25,mixed,0.75,0.046645063906908035,0.019775390625,retain_all_mixed_signal
mapwise_china_map4_4D_t41_src0281,1415,china,map4_4D,41,281,L0,"0,0,0,0",0,0.0,all_wrong_nonfullclip,0.0,0.3784882128238678,0.0,balance_L0_hard_nonfullclip
mapwise_india_map6_8C_t6_src1059,1416,india,map6_8C,6,1059,L0,"0,1,1,1",3,0.75,mixed,0.0,0.2865390405058861,0.032958984375,retain_all_mixed_signal
mapwise_india_map97_5D_t4_src1594,1417,india,map97_5D,4,1594,L0,"1,1,1,1",4,1.0,all_correct,0.0,0.17285075411200523,0.0,balance_L0_easy_all_correct
mapwise_china_map8_6C_t6_src0998,1418,china,map8_6C,6,998,L0,"0,1,0,0",1,0.25,mixed,0.25,0.2561260759830475,0.0262451171875,retain_all_mixed_signal
mapwise_china_map11_1D_t36_src0359,1419,china,map11_1D,36,359,L3,"0,0,0,0",0,0.0,all_wrong_nonfullclip,0.5,0.14821776747703552,0.0,balance_L3_hard_nonfullclip
mapwise_usa_map_20556_t8_src2122,1420,usa,map_20556,8,2122,L0,"1,1,1,1",4,1.0,all_correct,0.0,0.06145608890801668,0.0,balance_L0_easy_all_correct
mapwise_china_map18_0D_t41_src0690,1421,china,map18_0D,41,690,L0,"0,0,0,0",0,0.0,all_wrong_nonfullclip,0.25,0.23084834218025208,0.0,balance_L0_hard_nonfullclip
mapwise_china_map23_5C_t33_src0215,1422,china,map23_5C,33,215,L3,"1,0,1,0",2,0.5,mixed,0.5,0.21051577478647232,0.044921875,retain_all_mixed_signal
mapwise_usa_map_1347_t19_src2902,1428,usa,map_1347,19,2902,L1,"1,1,1,1",4,1.0,all_correct,0.0,0.18201421946287155,0.0,balance_L1_easy_all_correct
mapwise_india_map69_0D_t8_src1436,1430,india,map69_0D,8,1436,L0,"1,0,1,1",3,0.75,mixed,0.25,0.06041015591472387,0.02001953125,retain_all_mixed_signal
mapwise_china_map17_2C_t24_src0847,1432,china,map17_2C,24,847,L2,"0,1,1,0",2,0.5,mixed,0.5,0.17099078744649887,0.035400390625,retain_all_mixed_signal
mapwise_india_map121_2C_t34_src1714,1433,india,map121_2C,34,1714,L3,"1,1,0,0",2,0.5,mixed,0.5,0.18669694662094116,0.03125,retain_all_mixed_signal
mapwise_india_map85_0C_t36_src1498,1436,india,map85_0C,36,1498,L3,"0,0,0,0",0,0.0,all_wrong_nonfullclip,0.5,0.19640540331602097,0.0,balance_L3_hard_nonfullclip
mapwise_china_map23_8D_t12_src0493,1437,china,map23_8D,12,493,L2,"0,1,1,1",3,0.75,mixed,0.25,0.19635392352938652,0.044677734375,retain_all_mixed_signal
mapwise_china_map6_1C_t13_src0978,1438,china,map6_1C,13,978,L2,"0,1,1,1",3,0.75,mixed,0.25,0.30086708068847656,0.044189453125,retain_all_mixed_signal
mapwise_china_map17_2D_t9_src0801,1439,china,map17_2D,9,801,L1,"0,0,0,0",0,0.0,all_wrong_nonfullclip,0.0,0.20419778302311897,0.0,balance_L1_hard_nonfullclip
mapwise_usa_map_1136_t36_src2497,1440,usa,map_1136,36,2497,L3,"0,0,0,0",0,0.0,all_wrong_nonfullclip,0.75,0.0873815193772316,0.0,balance_L3_hard_nonfullclip
mapwise_usa_map_8391_t36_src2576,1441,usa,map_8391,36,2576,L3,"0,0,1,1",2,0.5,mixed,0.5,0.20003052800893784,0.03662109375,retain_all_mixed_signal
mapwise_china_map1_1D_t22_src0250,1442,china,map1_1D,22,250,L2,"1,1,1,0",3,0.75,mixed,0.25,0.21124130487442017,0.0250244140625,retain_all_mixed_signal
mapwise_china_map9_0D_t19_src0341,1450,china,map9_0D,19,341,L1,"1,1,1,1",4,1.0,all_correct,0.0,0.19378332421183586,0.0,balance_L1_easy_all_correct
mapwise_usa_map_10436_t18_src2273,1453,usa,map_10436,18,2273,L3,"1,1,1,1",4,1.0,all_correct,0.0,0.2051178179681301,0.0,balance_L3_easy_all_correct
mapwise_china_map18_4D_t32_src0420,1454,china,map18_4D,32,420,L2,"0,0,1,0",1,0.25,mixed,0.75,0.07486468553543091,0.12158203125,retain_all_mixed_signal
mapwise_usa_map_2769_t36_src2529,1455,usa,map_2769,36,2529,L3,"1,1,1,0",3,0.75,mixed,0.25,0.2295110896229744,0.0294189453125,retain_all_mixed_signal
mapwise_china_map14_7D_t2_src0394,1459,china,map14_7D,2,394,L0,"0,0,0,0",0,0.0,all_wrong_nonfullclip,0.0,0.15844888985157013,0.0,balance_L0_hard_nonfullclip
mapwise_india_map139_1C_t34_src1810,1461,india,map139_1C,34,1810,L3,"1,1,0,1",3,0.75,mixed,0.25,0.3139207735657692,0.0242919921875,retain_all_mixed_signal
mapwise_china_map6_0D_t22_src0521,1462,china,map6_0D,22,521,L2,"0,0,1,0",1,0.25,mixed,0.75,0.0752636268734932,0.064453125,retain_all_mixed_signal
mapwise_india_map91_1C_t30_src1538,1463,india,map91_1C,30,1538,L2,"0,1,0,0",1,0.25,mixed,0.75,0.08521302789449692,0.07421875,retain_all_mixed_signal
mapwise_usa_map_19332_t2_src2166,1464,usa,map_19332,2,2166,L0,"1,0,1,1",3,0.75,mixed,0.0,0.19709537550807,0.4453125,retain_all_mixed_signal
mapwise_usa_map_11175_t33_src2875,1466,usa,map_11175,33,2875,L3,"0,1,0,1",2,0.5,mixed,0.5,0.1467246413230896,0.0284423828125,retain_all_mixed_signal
mapwise_india_map131_6D_t31_src1768,1468,india,map131_6D,31,1768,L2,"0,0,1,1",2,0.5,mixed,0.5,0.13975189626216888,0.0380859375,retain_all_mixed_signal
mapwise_china_map17_2C_t21_src0844,1469,china,map17_2C,21,844,L2,"1,1,1,0",3,0.75,mixed,0.25,0.23989856243133545,0.0213623046875,retain_all_mixed_signal
mapwise_india_map126_2C_t6_src1748,1473,india,map126_2C,6,1748,L0,"1,1,1,1",4,1.0,all_correct,0.0,0.1815907061100006,0.0,balance_L0_easy_all_correct
mapwise_usa_map_15061_t16_src2653,1474,usa,map_15061,16,2653,L1,"0,0,0,0",0,0.0,all_wrong_nonfullclip,0.0,0.18062198162078857,0.0,balance_L1_hard_nonfullclip
mapwise_india_map167_3C_t36_src1939,1476,india,map167_3C,36,1939,L3,"1,1,1,1",4,1.0,all_correct,0.0,0.43129780143499374,0.0,balance_L3_easy_all_correct
mapwise_usa_map_12175_t33_src2612,1478,usa,map_12175,33,2612,L3,"1,1,1,1",4,1.0,all_correct,0.0,0.2857004553079605,0.0,balance_L3_easy_all_correct
mapwise_india_map9_2C_t7_src1098,1479,india,map9_2C,7,1098,L0,"1,1,1,1",4,1.0,all_correct,0.0,0.2592758797109127,0.0,balance_L0_easy_all_correct
mapwise_usa_map_15641_t33_src2118,1481,usa,map_15641,33,2118,L3,"0,0,1,1",2,0.5,mixed,0.5,0.15186254680156708,0.034912109375,retain_all_mixed_signal
mapwise_china_map2_4D_t33_src0876,1482,china,map2_4D,33,876,L3,"0,0,0,1",1,0.25,mixed,0.75,0.09333255887031555,0.0888671875,retain_all_mixed_signal
mapwise_china_map5_0D_t34_src0891,1483,china,map5_0D,34,891,L3,"0,0,0,0",0,0.0,all_wrong_nonfullclip,0.5,0.1554538533091545,0.0,balance_L3_hard_nonfullclip
mapwise_china_map6_2D_t5_src0945,1484,china,map6_2D,5,945,L0,"1,1,1,1",4,1.0,all_correct,0.0,0.19137559831142426,0.0,balance_L0_easy_all_correct
mapwise_china_map2_0D_t36_src0682,1486,china,map2_0D,36,682,L3,"1,1,0,1",3,0.75,mixed,0.0,0.31992286816239357,0.0517578125,retain_all_mixed_signal
mapwise_china_map11_5C_t21_src0104,1487,china,map11_5C,21,104,L2,"1,1,0,0",2,0.5,mixed,0.5,0.1715679094195366,0.0260009765625,retain_all_mixed_signal
mapwise_india_map131_6D_t7_src1760,1490,india,map131_6D,7,1760,L0,"1,1,1,1",4,1.0,all_correct,0.0,0.19679179601371288,0.0,balance_L0_easy_all_correct
mapwise_china_map10_5C_t19_src0090,1493,china,map10_5C,19,90,L1,"1,1,0,1",3,0.75,mixed,0.0,0.30468199774622917,0.057373046875,retain_all_mixed_signal
mapwise_usa_map_8616_t3_src2991,1497,usa,map_8616,3,2991,L0,"0,0,0,0",0,0.0,all_wrong_nonfullclip,0.5,0.16610730439424515,0.0,balance_L0_hard_nonfullclip
mapwise_india_map89_4D_t18_src1509,1498,india,map89_4D,18,1509,L3,"1,1,1,1",4,1.0,all_correct,0.0,0.15488606691360474,0.0,balance_L3_easy_all_correct
mapwise_china_map21_0C_t32_src0647,1501,china,map21_0C,32,647,L2,"1,0,1,1",3,0.75,mixed,0.25,0.2525011673569679,0.02197265625,retain_all_mixed_signal
mapwise_usa_map_15641_t5_src2116,1502,usa,map_15641,5,2116,L0,"1,1,0,1",3,0.75,mixed,0.0,0.23276859521865845,0.0517578125,retain_all_mixed_signal
mapwise_usa_map_4_t6_src2861,1503,usa,map_4,6,2861,L0,"0,0,0,0",0,0.0,all_wrong_nonfullclip,0.0,0.3391055017709732,0.0,balance_L0_hard_nonfullclip
mapwise_usa_map_200_t20_src2066,1505,usa,map_200,20,2066,L3,"1,0,0,0",1,0.25,mixed,0.75,0.11121871322393417,0.030517578125,retain_all_mixed_signal
mapwise_usa_map_2632_t19_src3008,1506,usa,map_2632,19,3008,L1,"0,1,0,0",1,0.25,mixed,0.5,0.18908366560935974,0.032470703125,retain_all_mixed_signal
mapwise_usa_map_104_t3_src2262,1507,usa,map_104,3,2262,L0,"1,1,1,1",4,1.0,all_correct,0.0,0.13401727005839348,0.0,balance_L0_easy_all_correct
mapwise_india_map108_0D_t8_src1667,1512,india,map108_0D,8,1667,L0,"1,1,1,1",4,1.0,all_correct,0.0,0.10204103775322437,0.0,balance_L0_easy_all_correct
mapwise_usa_map_14414_t4_src2255,1514,usa,map_14414,4,2255,L0,"1,1,1,1",4,1.0,all_correct,0.0,0.15386165119707584,0.0,balance_L0_easy_all_correct
mapwise_china_map10_3D_t18_src0349,1515,china,map10_3D,18,349,L3,"1,1,1,1",4,1.0,all_correct,0.0,0.16339951008558273,0.0,balance_L3_easy_all_correct
mapwise_india_map62_6C_t31_src1396,1517,india,map62_6C,31,1396,L2,"0,0,0,1",1,0.25,mixed,0.75,0.08899419754743576,0.0380859375,retain_all_mixed_signal
mapwise_usa_map_13_t16_src2280,1518,usa,map_13,16,2280,L1,"0,0,0,0",0,0.0,all_wrong_nonfullclip,0.25,0.2709725946187973,0.0,balance_L1_hard_nonfullclip
mapwise_china_map11_5C_t17_src0107,1520,china,map11_5C,17,107,L2,"0,0,0,0",0,0.0,all_wrong_nonfullclip,0.0,0.36219678819179535,0.0,balance_L2_hard_nonfullclip
mapwise_india_map5_8C_t19_src1048,1521,india,map5_8C,19,1048,L1,"0,1,0,0",1,0.25,mixed,0.0,0.3910841718316078,0.039306640625,retain_all_mixed_signal
mapwise_china_map23_8C_t3_src0656,1522,china,map23_8C,3,656,L0,"0,0,0,0",0,0.0,all_wrong_nonfullclip,0.0,0.11748975701630116,0.0,balance_L0_hard_nonfullclip
mapwise_usa_map_13555_t3_src2671,1523,usa,map_13555,3,2671,L0,"0,0,0,0",0,0.0,all_wrong_nonfullclip,0.0,0.12983176112174988,0.0,balance_L0_hard_nonfullclip
mapwise_usa_map_1267_t19_src2630,1526,usa,map_1267,19,2630,L1,"1,1,1,1",4,1.0,all_correct,0.0,0.3058689907193184,0.0,balance_L1_easy_all_correct
mapwise_india_map164_4C_t9_src1897,1529,india,map164_4C,9,1897,L1,"1,1,1,1",4,1.0,all_correct,0.0,0.38836126029491425,0.0,balance_L1_easy_all_correct
mapwise_usa_map_104_t12_src2263,1534,usa,map_104,12,2263,L2,"0,0,0,1",1,0.25,mixed,0.75,0.08496350795030594,0.036376953125,retain_all_mixed_signal
mapwise_usa_map_488_t18_src2476,1536,usa,map_488,18,2476,L3,"1,1,1,1",4,1.0,all_correct,0.0,0.14784973487257957,0.0,balance_L3_easy_all_correct
mapwise_china_map8_5C_t19_src0070,1537,china,map8_5C,19,70,L1,"1,1,1,1",4,1.0,all_correct,0.0,0.28338658437132835,0.0,balance_L1_easy_all_correct
mapwise_china_map11_5D_t31_src0966,1538,china,map11_5D,31,966,L2,"0,0,1,1",2,0.5,mixed,0.5,0.0873074121773243,0.06494140625,retain_all_mixed_signal
mapwise_india_map9_7D_t7_src1100,1539,india,map9_7D,7,1100,L0,"1,1,1,1",4,1.0,all_correct,0.0,0.23453960567712784,0.0,balance_L0_easy_all_correct
mapwise_usa_map_930_t20_src3014,1540,usa,map_930,20,3014,L3,"1,1,1,1",4,1.0,all_correct,0.0,0.3001512214541435,0.0,balance_L3_easy_all_correct
mapwise_china_map16_3C_t22_src0852,1546,china,map16_3C,22,852,L2,"1,1,0,0",2,0.5,mixed,0.5,0.18042642623186111,0.10498046875,retain_all_mixed_signal
mapwise_usa_map_16686_t5_src2208,1547,usa,map_16686,5,2208,L0,"1,1,1,0",3,0.75,mixed,0.0,0.27224403247237206,0.050048828125,retain_all_mixed_signal
mapwise_china_map3_3D_t24_src0886,1549,china,map3_3D,24,886,L2,"0,1,0,0",1,0.25,mixed,0.25,0.2381625771522522,0.053955078125,retain_all_mixed_signal
mapwise_china_map6_1C_t6_src0983,1550,china,map6_1C,6,983,L0,"1,0,0,0",1,0.25,mixed,0.0,0.389001227915287,0.0303955078125,retain_all_mixed_signal
mapwise_china_map6_0D_t7_src0527,1553,china,map6_0D,7,527,L0,"1,1,1,1",4,1.0,all_correct,0.0,0.24532028660178185,0.0,balance_L0_easy_all_correct
mapwise_usa_map_2632_t39_src3004,1554,usa,map_2632,39,3004,L2,"1,1,1,0",3,0.75,mixed,0.25,0.2284185290336609,0.02099609375,retain_all_mixed_signal
mapwise_china_map7_6C_t20_src0063,1562,china,map7_6C,20,63,L3,"0,0,0,0",0,0.0,all_wrong_nonfullclip,0.5,0.1973634511232376,0.0,balance_L3_hard_nonfullclip
mapwise_china_map9_0C_t23_src0748,1564,china,map9_0C,23,748,L2,"1,1,1,1",4,1.0,all_correct,0.0,0.32067857682704926,0.0,balance_L2_easy_all_correct
mapwise_india_map156_2D_t22_src1849,1566,india,map156_2D,22,1849,L2,"1,0,0,0",1,0.25,mixed,0.75,0.06003318727016449,0.06640625,retain_all_mixed_signal
mapwise_china_map3_6C_t22_src0027,1568,china,map3_6C,22,27,L2,"0,1,0,0",1,0.25,mixed,0.75,0.08608799427747726,0.03173828125,retain_all_mixed_signal
mapwise_usa_map_910_t4_src2301,1570,usa,map_910,4,2301,L0,"0,0,0,0",0,0.0,all_wrong_nonfullclip,0.0,0.22334184125065804,0.0,balance_L0_hard_nonfullclip
mapwise_china_map13_4D_t12_src0383,1571,china,map13_4D,12,383,L2,"0,0,0,0",0,0.0,all_wrong_nonfullclip,0.25,0.23664335161447525,0.0,balance_L2_hard_nonfullclip
mapwise_usa_map_20774_t9_src2982,1574,usa,map_20774,9,2982,L1,"0,0,0,0",0,0.0,all_wrong_nonfullclip,0.5,0.18234942853450775,0.0,balance_L1_hard_nonfullclip
mapwise_india_map105_6C_t3_src1650,1577,india,map105_6C,3,1650,L0,"1,1,1,1",4,1.0,all_correct,0.0,0.127659996971488,0.0,balance_L0_easy_all_correct
mapwise_china_map22_8D_t18_src0474,1586,china,map22_8D,18,474,L3,"1,1,1,1",4,1.0,all_correct,0.0,0.2849450185894966,0.0,balance_L3_easy_all_correct
mapwise_usa_map_1220_t1_src2433,1587,usa,map_1220,1,2433,L0,"1,1,1,1",4,1.0,all_correct,0.0,0.10704142227768898,0.0,balance_L0_easy_all_correct
mapwise_china_map16_0D_t9_src0401,1588,china,map16_0D,9,401,L1,"0,0,0,1",1,0.25,mixed,0.25,0.1474887914955616,0.1982421875,retain_all_mixed_signal
mapwise_china_map6_0C_t6_src0658,1589,china,map6_0C,6,658,L0,"1,0,0,0",1,0.25,mixed,0.0,0.39966776967048645,0.026611328125,retain_all_mixed_signal
mapwise_usa_map_7729_t22_src2946,1592,usa,map_7729,22,2946,L2,"1,1,1,0",3,0.75,mixed,0.25,0.2283313348889351,0.0322265625,retain_all_mixed_signal
mapwise_india_map105_6C_t32_src1658,1593,india,map105_6C,32,1658,L2,"1,0,1,1",3,0.75,mixed,0.25,0.3085244596004486,0.01904296875,retain_all_mixed_signal
mapwise_india_map170_8C_t36_src1975,1594,india,map170_8C,36,1975,L3,"1,0,1,1",3,0.75,mixed,0.25,0.30431781709194183,0.02978515625,retain_all_mixed_signal
mapwise_china_map18_4D_t3_src0426,1596,china,map18_4D,3,426,L0,"1,1,1,1",4,1.0,all_correct,0.0,0.08895026333630085,0.0,balance_L0_easy_all_correct
mapwise_india_map62_6C_t9_src1397,1599,india,map62_6C,9,1397,L1,"0,0,1,1",2,0.5,mixed,0.0,0.4470505714416504,0.0517578125,retain_all_mixed_signal
mapwise_usa_map_910_t4_src2300,1600,usa,map_910,4,2300,L0,"0,0,0,0",0,0.0,all_wrong_nonfullclip,0.0,0.10495821200311184,0.0,balance_L0_hard_nonfullclip
mapwise_india_map61_4D_t16_src1375,1601,india,map61_4D,16,1375,L1,"1,1,1,1",4,1.0,all_correct,0.0,0.08554369956254959,0.0,balance_L1_easy_all_correct
mapwise_india_map53_0C_t42_src1318,1605,india,map53_0C,42,1318,L2,"1,1,1,1",4,1.0,all_correct,0.0,0.33064164966344833,0.0,balance_L2_easy_all_correct
mapwise_usa_map_20746_t36_src2218,1606,usa,map_20746,36,2218,L3,"0,0,0,0",0,0.0,all_wrong_nonfullclip,0.25,0.3009629249572754,0.0,balance_L3_hard_nonfullclip
mapwise_india_map110_5C_t32_src1686,1607,india,map110_5C,32,1686,L2,"1,1,0,0",2,0.5,mixed,0.0,0.4120331481099129,0.042236328125,retain_all_mixed_signal
mapwise_china_map5_0D_t19_src0893,1608,china,map5_0D,19,893,L1,"1,1,1,1",4,1.0,all_correct,0.0,0.2658444792032242,0.0,balance_L1_easy_all_correct
mapwise_china_map4_3C_t7_src0925,1612,china,map4_3C,7,925,L0,"1,1,1,1",4,1.0,all_correct,0.0,0.27778973057866096,0.0,balance_L0_easy_all_correct
mapwise_usa_map_20556_t22_src2123,1617,usa,map_20556,22,2123,L2,"1,0,0,0",1,0.25,mixed,0.75,0.04940830543637276,0.052978515625,retain_all_mixed_signal
mapwise_india_map60_2D_t12_src1360,1619,india,map60_2D,12,1360,L2,"0,0,0,1",1,0.25,mixed,0.75,0.07210243493318558,0.04541015625,retain_all_mixed_signal
mapwise_china_map3_3D_t16_src0880,1620,china,map3_3D,16,880,L1,"1,1,1,1",4,1.0,all_correct,0.0,0.16134007275104523,0.0,balance_L1_easy_all_correct
mapwise_india_map158_0D_t9_src1857,1621,india,map158_0D,9,1857,L1,"1,1,1,1",4,1.0,all_correct,0.0,0.1601182483136654,0.0,balance_L1_easy_all_correct
mapwise_china_map2_3D_t1_src0261,1622,china,map2_3D,1,261,L0,"0,0,0,0",0,0.0,all_wrong_nonfullclip,0.0,0.10843075253069401,0.0,balance_L0_hard_nonfullclip
mapwise_china_map7_6C_t13_src0067,1624,china,map7_6C,13,67,L2,"0,1,1,1",3,0.75,mixed,0.25,0.2564918249845505,0.0157470703125,retain_all_mixed_signal
mapwise_usa_map_7502_t30_src2951,1625,usa,map_7502,30,2951,L2,"1,1,1,1",4,1.0,all_correct,0.0,0.24531853944063187,0.0,balance_L2_easy_all_correct
mapwise_india_map90_0C_t19_src1513,1627,india,map90_0C,19,1513,L1,"0,0,1,1",2,0.5,mixed,0.0,0.317906990647316,0.04052734375,retain_all_mixed_signal
mapwise_china_map5_1C_t3_src0229,1635,china,map5_1C,3,229,L0,"0,0,0,0",0,0.0,all_wrong_nonfullclip,0.0,0.17664585262537003,0.0,balance_L0_hard_nonfullclip
mapwise_china_map22_6D_t3_src0708,1636,china,map22_6D,3,708,L0,"1,1,1,1",4,1.0,all_correct,0.0,0.10720470175147057,0.0,balance_L0_easy_all_correct
mapwise_india_map5_8C_t39_src1049,1637,india,map5_8C,39,1049,L2,"0,0,0,1",1,0.25,mixed,0.75,0.0898255705833435,0.043701171875,retain_all_mixed_signal
mapwise_china_map13_1C_t33_src0125,1638,china,map13_1C,33,125,L3,"1,1,1,1",4,1.0,all_correct,0.0,0.360250361263752,0.0,balance_L3_easy_all_correct
mapwise_usa_map_7_t31_src2132,1639,usa,map_7,31,2132,L2,"0,0,1,0",1,0.25,mixed,0.75,0.05106167867779732,0.0228271484375,retain_all_mixed_signal
mapwise_usa_map_20556_t9_src2121,1641,usa,map_20556,9,2121,L1,"1,1,1,1",4,1.0,all_correct,0.0,0.1617044098675251,0.0,balance_L1_easy_all_correct
mapwise_china_map16_3C_t33_src0849,1642,china,map16_3C,33,849,L3,"1,1,0,1",3,0.75,mixed,0.25,0.2931436747312546,0.030029296875,retain_all_mixed_signal
mapwise_india_map50_8D_t9_src1298,1647,india,map50_8D,9,1298,L1,"1,1,1,1",4,1.0,all_correct,0.0,0.2428511641919613,0.0,balance_L1_easy_all_correct
mapwise_india_map53_6D_t19_src1320,1648,india,map53_6D,19,1320,L1,"1,1,1,1",4,1.0,all_correct,0.0,0.2617492377758026,0.0,balance_L1_easy_all_correct
mapwise_usa_map_930_t41_src3013,1654,usa,map_930,41,3013,L0,"0,0,0,0",0,0.0,all_wrong_nonfullclip,0.0,0.23832319304347038,0.0,balance_L0_hard_nonfullclip
mapwise_india_map166_7D_t22_src1927,1661,india,map166_7D,22,1927,L2,"1,1,1,0",3,0.75,mixed,0.25,0.20641237497329712,0.041748046875,retain_all_mixed_signal
mapwise_usa_map_15912_t22_src2926,1664,usa,map_15912,22,2926,L2,"1,1,0,0",2,0.5,mixed,0.5,0.16305475682020187,0.043212890625,retain_all_mixed_signal
mapwise_usa_map_20584_t21_src2664,1665,usa,map_20584,21,2664,L2,"1,1,0,1",3,0.75,mixed,0.25,0.2578616887331009,0.03271484375,retain_all_mixed_signal
mapwise_china_map6_3D_t22_src0304,1666,china,map6_3D,22,304,L2,"0,0,0,1",1,0.25,mixed,0.75,0.07559946179389954,0.06884765625,retain_all_mixed_signal
mapwise_india_map83_1D_t39_src1487,1667,india,map83_1D,39,1487,L2,"1,0,1,1",3,0.75,mixed,0.25,0.17197094857692719,0.034423828125,retain_all_mixed_signal
mapwise_india_map168_3C_t9_src1941,1668,india,map168_3C,9,1941,L1,"0,0,1,1",2,0.5,mixed,0.5,0.18651876598596573,0.030029296875,retain_all_mixed_signal
mapwise_india_map59_2D_t32_src1351,1670,india,map59_2D,32,1351,L2,"0,0,0,1",1,0.25,mixed,0.0,0.256608460098505,0.15234375,retain_all_mixed_signal
mapwise_china_map2_0D_t16_src0685,1673,china,map2_0D,16,685,L1,"0,0,1,0",1,0.25,mixed,0.0,0.22110986337065697,0.0262451171875,retain_all_mixed_signal
mapwise_china_map13_4D_t1_src0380,1674,china,map13_4D,1,380,L0,"1,1,1,1",4,1.0,all_correct,0.0,0.1554829105734825,0.0,balance_L0_easy_all_correct
mapwise_china_map21_2D_t6_src0725,1676,china,map21_2D,6,725,L0,"0,0,0,0",0,0.0,all_wrong_nonfullclip,0.0,0.3405688665807247,0.0,balance_L0_hard_nonfullclip
mapwise_china_map22_8D_t21_src0468,1677,china,map22_8D,21,468,L2,"1,0,0,0",1,0.25,mixed,0.75,0.0650913193821907,0.0654296875,retain_all_mixed_signal
mapwise_usa_map_17383_t6_src2883,1678,usa,map_17383,6,2883,L0,"0,0,0,0",0,0.0,all_wrong_nonfullclip,0.0,0.21679479628801346,0.0,balance_L0_hard_nonfullclip
mapwise_usa_map_8576_t9_src2934,1679,usa,map_8576,9,2934,L1,"1,1,1,1",4,1.0,all_correct,0.0,0.15593690425157547,0.0,balance_L1_easy_all_correct
mapwise_china_map3_1C_t6_src0234,1680,china,map3_1C,6,234,L0,"1,0,1,1",3,0.75,mixed,0.0,0.3784159943461418,0.072265625,retain_all_mixed_signal
mapwise_usa_map_13555_t32_src2676,1681,usa,map_13555,32,2676,L2,"1,1,1,1",4,1.0,all_correct,0.0,0.41517528146505356,0.0,balance_L2_easy_all_correct
mapwise_india_map60_2D_t7_src1362,1682,india,map60_2D,7,1362,L0,"1,1,1,1",4,1.0,all_correct,0.0,0.24214431643486023,0.0,balance_L0_easy_all_correct
mapwise_usa_map_5000_t41_src2814,1688,usa,map_5000,41,2814,L0,"1,1,1,1",4,1.0,all_correct,0.0,0.2348773181438446,0.0,balance_L0_easy_all_correct
mapwise_usa_map_20556_t34_src2125,1690,usa,map_20556,34,2125,L3,"1,1,1,0",3,0.75,mixed,0.25,0.20901024341583252,0.07080078125,retain_all_mixed_signal
mapwise_china_map17_4C_t39_src0158,1691,china,map17_4C,39,158,L2,"1,1,1,0",3,0.75,mixed,0.25,0.29044102132320404,0.022705078125,retain_all_mixed_signal
mapwise_usa_map_1220_t31_src2429,1692,usa,map_1220,31,2429,L2,"0,1,1,1",3,0.75,mixed,0.0,0.2534286417067051,0.0654296875,retain_all_mixed_signal
mapwise_usa_map_17382_t18_src2592,1694,usa,map_17382,18,2592,L3,"1,1,1,1",4,1.0,all_correct,0.0,0.14730483293533325,0.0,balance_L3_easy_all_correct
mapwise_china_map5_7D_t30_src0296,1696,china,map5_7D,30,296,L2,"1,0,1,1",3,0.75,mixed,0.0,0.3012547641992569,0.0693359375,retain_all_mixed_signal
mapwise_china_map5_0D_t1_src0890,1697,china,map5_0D,1,890,L0,"1,1,1,1",4,1.0,all_correct,0.0,0.1442471668124199,0.0,balance_L0_easy_all_correct
mapwise_usa_map_584_t30_src2465,1701,usa,map_584,30,2465,L2,"0,1,1,1",3,0.75,mixed,0.0,0.2129373922944069,0.0169677734375,retain_all_mixed_signal
mapwise_india_map102_1D_t30_src1643,1702,india,map102_1D,30,1643,L2,"1,0,1,1",3,0.75,mixed,0.0,0.2570592872798443,0.05322265625,retain_all_mixed_signal
mapwise_china_map21_1D_t31_src0454,1703,china,map21_1D,31,454,L2,"0,0,0,0",0,0.0,all_wrong_nonfullclip,0.75,0.06776276975870132,0.0,balance_L2_hard_nonfullclip
mapwise_china_map2_4D_t39_src0873,1704,china,map2_4D,39,873,L2,"1,0,0,1",2,0.5,mixed,0.5,0.140495665371418,0.035400390625,retain_all_mixed_signal
mapwise_usa_map_19332_t19_src2167,1705,usa,map_19332,19,2167,L1,"1,1,1,1",4,1.0,all_correct,0.0,0.18696479871869087,0.0,balance_L1_easy_all_correct
mapwise_usa_map_9447_t33_src2717,1706,usa,map_9447,33,2717,L3,"1,0,1,0",2,0.5,mixed,0.5,0.13846640288829803,0.0284423828125,retain_all_mixed_signal
mapwise_usa_map_30_t33_src2385,1708,usa,map_30,33,2385,L3,"0,1,1,1",3,0.75,mixed,0.25,0.17418025434017181,0.0186767578125,retain_all_mixed_signal
mapwise_india_map59_2D_t36_src1354,1709,india,map59_2D,36,1354,L3,"1,1,1,1",4,1.0,all_correct,0.0,0.3735601082444191,0.0,balance_L3_easy_all_correct
mapwise_india_map62_6C_t39_src1394,1710,india,map62_6C,39,1394,L2,"1,0,1,0",2,0.5,mixed,0.5,0.1890966072678566,0.037841796875,retain_all_mixed_signal
mapwise_usa_map_9_t37_src2293,1711,usa,map_9,37,2293,L3,"0,0,0,0",0,0.0,all_wrong_nonfullclip,0.25,0.29370952397584915,0.0,balance_L3_hard_nonfullclip
mapwise_usa_map_15912_t42_src2922,1713,usa,map_15912,42,2922,L2,"0,1,0,0",1,0.25,mixed,0.0,0.37775616347789764,0.06884765625,retain_all_mixed_signal
mapwise_india_map97_8D_t22_src1619,1718,india,map97_8D,22,1619,L2,"1,0,0,1",2,0.5,mixed,0.5,0.11212603747844696,0.046875,retain_all_mixed_signal
mapwise_china_map11_8D_t34_src0547,1721,china,map11_8D,34,547,L3,"0,0,0,0",0,0.0,all_wrong_nonfullclip,0.75,0.09201093763113022,0.0,balance_L3_hard_nonfullclip
mapwise_china_map23_8D_t6_src0497,1723,china,map23_8D,6,497,L0,"1,1,1,1",4,1.0,all_correct,0.0,0.13477563112974167,0.0,balance_L0_easy_all_correct
mapwise_usa_map_17382_t16_src2585,1724,usa,map_17382,16,2585,L1,"1,1,1,1",4,1.0,all_correct,0.0,0.15905087627470493,0.0,balance_L1_easy_all_correct
mapwise_india_map134_3C_t2_src1777,1725,india,map134_3C,2,1777,L0,"1,1,1,1",4,1.0,all_correct,0.0,0.24125468730926514,0.0,balance_L0_easy_all_correct
mapwise_china_map17_2D_t42_src0804,1726,china,map17_2D,42,804,L2,"0,0,0,1",1,0.25,mixed,0.5,0.10939997062087059,0.04833984375,retain_all_mixed_signal
mapwise_china_map23_4D_t1_src0707,1728,china,map23_4D,1,707,L0,"1,1,1,1",4,1.0,all_correct,0.0,0.112370565533638,0.0,balance_L0_easy_all_correct
mapwise_usa_map_1220_t37_src2425,1729,usa,map_1220,37,2425,L3,"1,1,0,1",3,0.75,mixed,0.25,0.26025452464818954,0.0245361328125,retain_all_mixed_signal
mapwise_china_map19_4D_t13_src0787,1730,china,map19_4D,13,787,L2,"0,0,0,0",0,0.0,all_wrong_nonfullclip,0.75,0.07954523712396622,0.0,balance_L2_hard_nonfullclip
mapwise_usa_map_1280_t1_src2335,1732,usa,map_1280,1,2335,L0,"0,0,1,1",2,0.5,mixed,0.0,0.19104106351733208,0.1337890625,retain_all_mixed_signal
mapwise_china_map11_5C_t20_src0105,1733,china,map11_5C,20,105,L3,"0,0,0,0",0,0.0,all_wrong_nonfullclip,0.75,0.10360036045312881,0.0,balance_L3_hard_nonfullclip
mapwise_india_map112_2D_t41_src1698,1734,india,map112_2D,41,1698,L0,"0,0,0,0",0,0.0,all_wrong_nonfullclip,0.0,0.3576655089855194,0.0,balance_L0_hard_nonfullclip
mapwise_usa_map_19332_t18_src2171,1735,usa,map_19332,18,2171,L3,"1,1,1,1",4,1.0,all_correct,0.0,0.15568653121590614,0.0,balance_L3_easy_all_correct
mapwise_india_map165_7C_t42_src1903,1736,india,map165_7C,42,1903,L2,"0,1,1,1",3,0.75,mixed,0.25,0.270219624042511,0.0267333984375,retain_all_mixed_signal
mapwise_india_map158_3C_t32_src1879,1737,india,map158_3C,32,1879,L2,"0,0,1,1",2,0.5,mixed,0.25,0.26162202656269073,0.033203125,retain_all_mixed_signal
mapwise_china_map2_4D_t8_src0868,1739,china,map2_4D,8,868,L0,"0,0,0,0",0,0.0,all_wrong_nonfullclip,0.0,0.1177852526307106,0.0,balance_L0_hard_nonfullclip
mapwise_usa_map_5327_t9_src2773,1746,usa,map_5327,9,2773,L1,"1,1,1,1",4,1.0,all_correct,0.0,0.19409922510385513,0.0,balance_L1_easy_all_correct
mapwise_usa_map_15061_t37_src2651,1747,usa,map_15061,37,2651,L3,"0,0,0,0",0,0.0,all_wrong_nonfullclip,0.75,0.0605449341237545,0.0,balance_L3_hard_nonfullclip
mapwise_china_map19_4D_t19_src0785,1748,china,map19_4D,19,785,L1,"0,0,0,0",0,0.0,all_wrong_nonfullclip,0.5,0.11260330677032471,0.0,balance_L1_hard_nonfullclip
mapwise_india_map128_7D_t30_src1757,1753,india,map128_7D,30,1757,L2,"1,0,0,0",1,0.25,mixed,0.0,0.3023969754576683,0.046875,retain_all_mixed_signal
mapwise_china_map4_1C_t41_src0038,1758,china,map4_1C,41,38,L0,"1,1,1,1",4,1.0,all_correct,0.0,0.2815246544778347,0.0,balance_L0_easy_all_correct
mapwise_usa_map_13792_t30_src2973,1759,usa,map_13792,30,2973,L2,"1,0,1,1",3,0.75,mixed,0.25,0.29260874539613724,0.01373291015625,retain_all_mixed_signal
mapwise_usa_map_11349_t37_src2484,1761,usa,map_11349,37,2484,L3,"1,1,0,0",2,0.5,mixed,0.5,0.12466437369585037,0.042236328125,retain_all_mixed_signal
mapwise_usa_map_18402_t16_src2203,1762,usa,map_18402,16,2203,L1,"0,0,0,0",0,0.0,all_wrong_nonfullclip,0.75,0.08943440765142441,0.0,balance_L1_hard_nonfullclip
mapwise_usa_map_4042_t4_src2827,1764,usa,map_4042,4,2827,L0,"0,0,0,0",0,0.0,all_wrong_nonfullclip,0.0,0.17768804728984833,0.0,balance_L0_hard_nonfullclip
mapwise_usa_map_13396_t12_src2684,1765,usa,map_13396,12,2684,L2,"0,0,0,0",0,0.0,all_wrong_nonfullclip,0.25,0.3072996661067009,0.0,balance_L2_hard_nonfullclip
mapwise_india_map123_0D_t21_src1723,1766,india,map123_0D,21,1723,L2,"1,1,0,0",2,0.5,mixed,0.5,0.16042283922433853,0.04736328125,retain_all_mixed_signal
mapwise_usa_map_7502_t1_src2958,1767,usa,map_7502,1,2958,L0,"1,1,1,1",4,1.0,all_correct,0.0,0.11589650437235832,0.0,balance_L0_easy_all_correct
mapwise_india_map90_0C_t16_src1510,1768,india,map90_0C,16,1510,L1,"0,0,0,0",0,0.0,all_wrong_nonfullclip,0.25,0.2629922777414322,0.0,balance_L1_hard_nonfullclip
mapwise_india_map110_5C_t3_src1682,1770,india,map110_5C,3,1682,L0,"0,0,0,0",0,0.0,all_wrong_nonfullclip,0.0,0.10311727412045002,0.0,balance_L0_hard_nonfullclip
mapwise_usa_map_584_t31_src2463,1772,usa,map_584,31,2463,L2,"1,0,1,1",3,0.75,mixed,0.0,0.21358594298362732,0.021240234375,retain_all_mixed_signal
mapwise_india_map5_8C_t7_src1042,1774,india,map5_8C,7,1042,L0,"1,1,1,1",4,1.0,all_correct,0.0,0.2759646773338318,0.0,balance_L0_easy_all_correct
mapwise_india_map67_7D_t19_src1413,1776,india,map67_7D,19,1413,L1,"1,1,1,1",4,1.0,all_correct,0.0,0.22341115027666092,0.0,balance_L1_easy_all_correct
mapwise_usa_map_12788_t4_src2625,1777,usa,map_12788,4,2625,L0,"0,0,0,0",0,0.0,all_wrong_nonfullclip,0.0,0.16393926367163658,0.0,balance_L0_hard_nonfullclip
mapwise_usa_map_2453_t36_src2422,1778,usa,map_2453,36,2422,L3,"0,0,0,0",0,0.0,all_wrong_nonfullclip,0.25,0.22788561880588531,0.0,balance_L3_hard_nonfullclip
mapwise_usa_map_1267_t13_src2634,1780,usa,map_1267,13,2634,L2,"1,1,1,1",4,1.0,all_correct,0.0,0.2753192111849785,0.0,balance_L2_easy_all_correct
mapwise_china_map14_0D_t1_src0970,1781,china,map14_0D,1,970,L0,"1,0,1,0",2,0.5,mixed,0.25,0.09740104153752327,0.0203857421875,retain_all_mixed_signal
mapwise_india_map158_1C_t10_src1864,1782,india,map158_1C,10,1864,L1,"1,1,1,1",4,1.0,all_correct,0.0,0.3082461878657341,0.0,balance_L1_easy_all_correct
mapwise_china_map17_4D_t4_src0412,1784,china,map17_4D,4,412,L0,"1,1,1,1",4,1.0,all_correct,0.0,0.13614984788000584,0.0,balance_L0_easy_all_correct
mapwise_india_map12_7D_t1_src1131,1788,india,map12_7D,1,1131,L0,"0,0,0,0",0,0.0,all_wrong_nonfullclip,0.0,0.08428655378520489,0.0,balance_L0_hard_nonfullclip
mapwise_usa_map_12175_t20_src2608,1789,usa,map_12175,20,2608,L3,"1,1,1,0",3,0.75,mixed,0.25,0.18507125973701477,0.0283203125,retain_all_mixed_signal
mapwise_china_map6_3C_t18_src0057,1790,china,map6_3C,18,57,L3,"0,0,1,0",1,0.25,mixed,0.0,0.3729427605867386,0.0322265625,retain_all_mixed_signal
mapwise_india_map93_1C_t9_src1552,1791,india,map93_1C,9,1552,L1,"1,1,1,1",4,1.0,all_correct,0.0,0.3852556049823761,0.0,balance_L1_easy_all_correct
mapwise_india_map33_5D_t5_src1253,1793,india,map33_5D,5,1253,L0,"1,0,0,1",2,0.5,mixed,0.0,0.2865896187722683,0.037109375,retain_all_mixed_signal
mapwise_china_map21_2D_t18_src0721,1794,china,map21_2D,18,721,L3,"0,1,1,1",3,0.75,mixed,0.25,0.21726248413324356,0.021728515625,retain_all_mixed_signal
mapwise_india_map11_1C_t6_src1123,1796,india,map11_1C,6,1123,L0,"1,1,1,1",4,1.0,all_correct,0.0,0.13729392923414707,0.0,balance_L0_easy_all_correct
mapwise_usa_map_15117_t23_src2052,1800,usa,map_15117,23,2052,L2,"1,1,0,1",3,0.75,mixed,0.0,0.2328205592930317,0.0478515625,retain_all_mixed_signal
mapwise_china_map4_1C_t10_src0034,1801,china,map4_1C,10,34,L1,"0,0,0,0",0,0.0,all_wrong_nonfullclip,0.75,0.06592918187379837,0.0,balance_L1_hard_nonfullclip
mapwise_usa_map_17383_t41_src2886,1802,usa,map_17383,41,2886,L0,"1,1,1,1",4,1.0,all_correct,0.0,0.2750851474702358,0.0,balance_L0_easy_all_correct
mapwise_usa_map_7432_t32_src2737,1806,usa,map_7432,32,2737,L2,"1,1,1,1",4,1.0,all_correct,0.0,0.29373924061656,0.0,balance_L2_easy_all_correct
mapwise_usa_map_930_t34_src3015,1809,usa,map_930,34,3015,L3,"1,1,0,1",3,0.75,mixed,0.0,0.2691429704427719,0.036376953125,retain_all_mixed_signal
mapwise_india_map134_3C_t39_src1772,1810,india,map134_3C,39,1772,L2,"0,0,1,0",1,0.25,mixed,0.75,0.09060589969158173,0.045654296875,retain_all_mixed_signal
mapwise_india_map44_6D_t34_src1281,1812,india,map44_6D,34,1281,L3,"0,0,1,1",2,0.5,mixed,0.5,0.12401846051216125,0.12451171875,retain_all_mixed_signal
mapwise_india_map6_8C_t36_src1056,1814,india,map6_8C,36,1056,L3,"0,0,0,0",0,0.0,all_wrong_nonfullclip,0.5,0.18013396114110947,0.0,balance_L3_hard_nonfullclip
mapwise_india_map164_4C_t34_src1899,1819,india,map164_4C,34,1899,L3,"1,1,1,1",4,1.0,all_correct,0.0,0.3715097904205322,0.0,balance_L3_easy_all_correct
mapwise_china_map4_3C_t5_src0918,1820,china,map4_3C,5,918,L0,"0,0,0,0",0,0.0,all_wrong_nonfullclip,0.0,0.3012060895562172,0.0,balance_L0_hard_nonfullclip
mapwise_china_map6_0D_t18_src0522,1821,china,map6_0D,18,522,L3,"1,1,1,1",4,1.0,all_correct,0.0,0.14940445870161057,0.0,balance_L3_easy_all_correct
mapwise_china_map11_5D_t9_src0959,1822,china,map11_5D,9,959,L1,"1,1,1,1",4,1.0,all_correct,0.0,0.2868722379207611,0.0,balance_L1_easy_all_correct
mapwise_usa_map_15950_t35_src2238,1827,usa,map_15950,35,2238,L2,"0,1,1,1",3,0.75,mixed,0.25,0.2216530367732048,0.011962890625,retain_all_mixed_signal
mapwise_usa_map_20584_t13_src2666,1828,usa,map_20584,13,2666,L2,"0,0,1,0",1,0.25,mixed,0.0,0.4255686029791832,0.0859375,retain_all_mixed_signal
mapwise_usa_map_1342_t9_src2844,1829,usa,map_1342,9,2844,L1,"1,1,1,1",4,1.0,all_correct,0.0,0.19811687618494034,0.0,balance_L1_easy_all_correct
mapwise_usa_map_11349_t2_src2486,1830,usa,map_11349,2,2486,L0,"1,1,0,1",3,0.75,mixed,0.0,0.1554591953754425,0.0137939453125,retain_all_mixed_signal
mapwise_usa_map_104_t37_src2264,1831,usa,map_104,37,2264,L3,"1,0,0,0",1,0.25,mixed,0.75,0.07503964751958847,0.0771484375,retain_all_mixed_signal
mapwise_usa_map_1280_t4_src2333,1837,usa,map_1280,4,2333,L0,"0,0,0,0",0,0.0,all_wrong_nonfullclip,0.0,0.1558323074132204,0.0,balance_L0_hard_nonfullclip
mapwise_india_map79_2D_t7_src1469,1842,india,map79_2D,7,1469,L0,"1,1,1,1",4,1.0,all_correct,0.0,0.1934630498290062,0.0,balance_L0_easy_all_correct
mapwise_india_map22_6C_t13_src1219,1843,india,map22_6C,13,1219,L2,"1,1,1,1",4,1.0,all_correct,0.0,0.3704742193222046,0.0,balance_L2_easy_all_correct
mapwise_usa_map_8576_t3_src2935,1844,usa,map_8576,3,2935,L0,"1,0,1,1",3,0.75,mixed,0.0,0.13498622365295887,0.041748046875,retain_all_mixed_signal
mapwise_china_map23_8C_t18_src0657,1845,china,map23_8C,18,657,L3,"1,1,1,1",4,1.0,all_correct,0.0,0.19306810200214386,0.0,balance_L3_easy_all_correct
mapwise_usa_map_5327_t18_src2769,1847,usa,map_5327,18,2769,L3,"1,1,1,1",4,1.0,all_correct,0.0,0.233937107026577,0.0,balance_L3_easy_all_correct
mapwise_china_map20_6C_t41_src0186,1848,china,map20_6C,41,186,L0,"1,1,1,1",4,1.0,all_correct,0.0,0.24227968603372574,0.0,balance_L0_easy_all_correct
mapwise_china_map2_0C_t20_src0585,1849,china,map2_0C,20,585,L3,"0,0,0,0",0,0.0,all_wrong_nonfullclip,0.25,0.2789498046040535,0.0,balance_L3_hard_nonfullclip
mapwise_usa_map_10436_t1_src2275,1851,usa,map_10436,1,2275,L0,"1,1,1,1",4,1.0,all_correct,0.0,0.09748446382582188,0.0,balance_L0_easy_all_correct
mapwise_india_map121_2C_t22_src1710,1852,india,map121_2C,22,1710,L2,"1,0,0,1",2,0.5,mixed,0.5,0.15120193362236023,0.337890625,retain_all_mixed_signal
mapwise_china_map8_5C_t3_src0078,1855,china,map8_5C,3,78,L0,"0,0,0,0",0,0.0,all_wrong_nonfullclip,0.0,0.1249462254345417,0.0,balance_L0_hard_nonfullclip
mapwise_china_map3_6C_t3_src0025,1856,china,map3_6C,3,25,L0,"0,0,0,0",0,0.0,all_wrong_nonfullclip,0.0,0.10493934527039528,0.0,balance_L0_hard_nonfullclip
mapwise_usa_map_7299_t19_src2752,1857,usa,map_7299,19,2752,L1,"1,1,1,1",4,1.0,all_correct,0.0,0.10523859411478043,0.0,balance_L1_easy_all_correct
