image_name,question,correct_answer,question_type,answer_type,map_type,image_size_bucket,geographic_level,source_row,screening_id
419.png,Is the city of Darwin located in the Northern Territory?,Yes,['Positional'],Boolean,_divisional,0.5–2MP,_country,4090,3721
420.jpg,How many localities are there in Johnstone Shire according to the zoomed map?,7,['Other'],Counting,_divisional,0.5–2MP,_country,4091,3722
420.jpg,How many localities are there in Cardwell Shire according to the zoomed map?,8,['Other'],Counting,_divisional,0.5–2MP,_country,4092,3723
420.jpg,How many localities in Johnstone Shire bordered to the ocean according to the zoomed map?,4,['Other'],Counting,_divisional,0.5–2MP,_country,4093,3724
420.jpg,How many localities in Cardwell Shire bordered to the ocean according to the zoomed map?,3,['Other'],Counting,_divisional,0.5–2MP,_country,4094,3725
420.jpg,How many localities in Johnstone Shire bordered to Cardwell Shire according to the zoomed map?,2,['Other'],Counting,_divisional,0.5–2MP,_country,4095,3726
420.jpg,Name the localities are border to the Bingil Bay according to the zoomed map.,Mission Beach,['Positional'],Single Entity,_divisional,0.5–2MP,_country,4098,3727
421.png,How many countries in South America are shaded pink on this map?,4,"['Visual', 'Positional']",Counting,_choropleth,0.1–0.5MP,_world,4099,3728
421.png,"According to the map, is the country of India shaded pink?",Yes,['Visual'],Boolean,_choropleth,0.1–0.5MP,_world,4101,3729
421.png,Is the country Cambodia shaded pink?,Yes,['Visual'],Boolean,_choropleth,0.1–0.5MP,_world,4102,3730
421.png,How many countries in Africa are colored pink?,17,['Visual'],Counting,_choropleth,0.1–0.5MP,_world,4103,3731
421.png,Is the country of Laos shaded pink?,Yes,['Visual'],Boolean,_choropleth,0.1–0.5MP,_world,4104,3732
421.png,"Which island country is above Australia, which is shaded pink?",Papua New Guinea,"['Visual', 'Positional']",Single Entity,_choropleth,0.1–0.5MP,_world,4105,3733
421.png,what color represents countries with the highest amount of land sold?,Pink,"['Visual', 'Comparative']",Single Entity,_choropleth,0.1–0.5MP,_world,4106,3734
421.png,What is the color of the grid lines shown on the map?,Black,['Visual'],Single Entity,_choropleth,0.1–0.5MP,_world,4107,3735
421.png,Does the map show any pink shading in the large island of Greenland?,No,"['Visual', 'Comparative']",Boolean,_choropleth,0.1–0.5MP,_world,4108,3736
421.png,What is the color of the text used for the title of the map?,White,['Visual'],Single Entity,_choropleth,0.1–0.5MP,_world,4109,3737
422.jpg,In how many distinct region does the blue boundary divide the map into?,5,['Visual'],Counting,_divisional,0.5–2MP,_region,4110,3738
422.jpg,which region is entirely covered in blue?,6108,['Visual'],Single Entity,_divisional,0.5–2MP,_region,4111,3739
422.jpg,which region is only slightly blue?,6111,['Visual'],Single Entity,_divisional,0.5–2MP,_region,4112,3740
422.jpg,what areas neighboring 6110 are not blue at all?,0,['Visual'],Single Entity,_divisional,0.5–2MP,_region,4114,3741
422.jpg,Is THERE ANY BLUE IN 6111?,YES,['Visual'],Boolean,_divisional,0.5–2MP,_region,4115,3742
422.jpg,WHICH AREA SHARING A BOUNDARY WITH 6147 HAS NO BLUE AREA AT ALL?,none,['Visual'],Single Entity,_divisional,0.5–2MP,_region,4118,3743
423.png,Which region in Africa had countries mostly in the “Over 100” IMR category?,Sub-Saharan Africa,['Comparative'],Single Entity,_choropleth,0.5–2MP,_world,4120,3744
423.png,What IMR category does Australia fall under based on the pattern?,Under 25,"['Visual', 'Comparative']",Single Entity,_choropleth,0.5–2MP,_world,4121,3745
423.png,Which South American country had the highest IMR category (Over 100)?,Bolivia,"['Positional', 'Comparative']",Single Entity,_choropleth,0.5–2MP,_world,4122,3746
423.png,What is the dominant IMR category across Africa?,Over 100,['Positional'],Single Entity,_choropleth,0.5–2MP,_world,4123,3747
423.png,Which Asian country falls under the “51–100” IMR category based on the diagonal line pattern?,India,"['Visual', 'Comparative']",Single Entity,_choropleth,0.5–2MP,_world,4124,3748
423.png,Which countries are excluded from this dataset?,Greenland,['Other'],Single Entity,_choropleth,0.5–2MP,_world,4125,3749
423.png,What is the infant mortality rate category of the United States?,Under 25,['Other'],Single Entity,_choropleth,0.5–2MP,_world,4126,3750
423.png,What is the infant mortality rate category of the Pakistan?,Over 100,['Other'],Single Entity,_choropleth,0.5–2MP,_world,4127,3751
423.png,What IMR range is represented by the close diagonal thick dark lines?,51-100,['Visual'],Single Entity,_choropleth,0.5–2MP,_world,4128,3752
423.png,Most countries in Scandinavia fall under which IMR category?,Under 25,['Comparative'],Single Entity,_choropleth,0.5–2MP,_world,4129,3753
424.jpg,name the postal area south of cockburn,Kwinana,['Positional'],Single Entity,_mixed,0.1–0.5MP,_region,4132,3754
424.jpg,how many franchise are marked?,9,['Visual'],Counting,_mixed,0.1–0.5MP,_region,4133,3755
424.jpg,name the postal area which is same as that of a bird,Swan,['Other'],Single Entity,_mixed,0.1–0.5MP,_region,4134,3756
424.jpg,"from Northam i move south i reach York, turning left and continuing upwards where would i reach?",cunderdin,['Positional'],Single Entity,_mixed,0.1–0.5MP,_region,4135,3757
424.jpg,name the postal area which is a verb in english language,Wandering,['Other'],Single Entity,_mixed,0.1–0.5MP,_region,4136,3758
424.jpg,does Northam fall in a franchise territory?,no,['Other'],Boolean,_mixed,0.1–0.5MP,_region,4137,3759
424.jpg,name the southern most postal area,Serpentine-Jarrahdale,"['Positional', 'Comparative']",Single Entity,_mixed,0.1–0.5MP,_region,4138,3760
424.jpg,name the postal area which is same as that of a university,Cambridge,['Other'],Single Entity,_mixed,0.1–0.5MP,_region,4139,3761
425.png,Which region is located above S29?,Heineken rooftop,['Positional'],Single Entity,_layout,0.5–2MP,_building,4141,3762
425.png,On which direction is video board located?,North,['Positional'],Single Entity,_layout,0.5–2MP,_building,4142,3763
425.png,Above which region exactly is gate b located?,206,['Positional'],Single Entity,_layout,0.5–2MP,_building,4143,3764
425.png,which bench is next to visitor bench?,Home Bench,['Other'],Single Entity,_layout,0.5–2MP,_building,4144,3765
425.png,WHICH GATE IS ON THE NORTHWEST SIDE?,GATE C,['Positional'],Single Entity,_layout,0.5–2MP,_building,4146,3766
425.png,WHICH DIRECTION(NEWS) DOES THE BIRD'S HEAD LOOK INTO IN THE LOGO?,South,"['Visual', 'Positional']",Single Entity,_layout,0.5–2MP,_building,4147,3767
425.png,Which gate is closest to Heineken rooftop according to the image?,Gate A,['Comparative'],Single Entity,_layout,0.5–2MP,_building,4148,3768
425.png,In which direction/Side is the Fanduel Sportsbook located in the image?,North,['Positional'],Single Entity,_layout,0.5–2MP,_building,4149,3769
426.png,Which Australian mainland state borders the most other states or territories?,South Australia,"['Positional', 'Comparative']",Single Entity,_divisional,0.5–2MP,_continent,4150,3770
426.png,What ocean lies to the west of Australia?,Indian Ocean,['Positional'],Single Entity,_divisional,0.5–2MP,_continent,4151,3771
426.png,Which territory is located directly south of mainland Australia in the ocean?,Tasmanien,['Positional'],Single Entity,_divisional,0.5–2MP,_continent,4152,3772
426.png,Which Australian external territory is closest to Indonesia?,Ashmore und Cartierinseln,['Comparative'],Single Entity,_divisional,0.5–2MP,_continent,4153,3773
426.png,Which island group lies farthest northeast from mainland Australia?,Korallenmeerinseln,"['Positional', 'Comparative']",Single Entity,_divisional,0.5–2MP,_continent,4154,3774
426.png,Which external territory lies closest to the French territory in the southern Indian Ocean?,Heard und McDonaldinseln,"['Positional', 'Comparative']",Single Entity,_divisional,0.5–2MP,_continent,4155,3775
426.png,Which external territory is directly labeled near the Australian Antarctic Territory?,Heard und McDonaldinseln,"['Visual', 'Positional']",Single Entity,_divisional,0.5–2MP,_continent,4156,3776
426.png,Which Australian state contains the city of Jervis Bay Territory?,New South Wales,['Positional'],Single Entity,_divisional,0.5–2MP,_continent,4157,3777
426.png,Which is the only Australian territory shown bordering Antarctica?,Australian Antarctic Territory,"['Visual', 'Positional']",Single Entity,_divisional,0.5–2MP,_continent,4158,3778
426.png,Which island territory lies east of New South Wales and north of New Zealand?,Norfolkinsel,['Positional'],Single Entity,_divisional,0.5–2MP,_continent,4159,3779
427.jpg,what number labelled parking can be accessed from 29th street?,3,['Visual'],Single Entity,_layout,2–8MP,_campus,4160,3780
427.jpg,what structure is the k street text right next to?,The AIS Cancer Center & Outpatient Surgery Center,['Positional'],Single Entity,_layout,2–8MP,_campus,4161,3781
427.jpg,what year is this from?,2017,['Other'],Single Entity,_layout,2–8MP,_campus,4167,3782
427.jpg,how many number labels are displayed?,13,['Visual'],Counting,_layout,2–8MP,_campus,4168,3783
427.jpg,what company is the kiosk from?,Starbucks,['Other'],Single Entity,_layout,2–8MP,_campus,4169,3784
428.png,"To reach Hospital Clinic, which metro line shall I take?",L10,['Other'],Single Entity,_network,0.5–2MP,_city,4170,3785
428.png,How many customer service offices are there in this map?,4,['Other'],Counting,_network,0.5–2MP,_city,4171,3786
428.png,"To reach Tarragona, which metro line shall I take?",Green or L3,['Other'],Single Entity,_network,0.5–2MP,_city,4172,3787
428.png,"To reach Congres, which metro line shall I take?",L10,['Other'],Single Entity,_network,0.5–2MP,_city,4173,3788
428.png,Is there a direct metro from Fontana to Horta?,No,['Other'],Boolean,_network,0.5–2MP,_city,4174,3789
428.png,Is there a direct metro from Les Cortes to Horta?,No,['Other'],Boolean,_network,0.5–2MP,_city,4175,3790
428.png,How many metro lines are there?,8,['Other'],Counting,_network,0.5–2MP,_city,4176,3791
428.png,La Mina can be reached using trolley car. True or False?,True,['Other'],Boolean,_network,0.5–2MP,_city,4177,3792
428.png,When is the metro open for 24 hours in a week?,Sundays,['Other'],Single Entity,_network,0.5–2MP,_city,4178,3793
428.png,What times the metro is closed on public holidays?,2 AM to 5 AM,['Other'],Single Entity,_network,0.5–2MP,_city,4179,3794
429.jpg,How many countries are circled in this map?,5,['Other'],Counting,_divisional,0.1–0.5MP,_world,4180,3795
429.jpg,What is the number of dark pink colored locations in the North American map?,2,"['Visual', 'Positional']",Single Entity,_divisional,0.1–0.5MP,_world,4181,3796
429.jpg,South America is divided into how many time zones?,3,['Positional'],Counting,_divisional,0.1–0.5MP,_world,4182,3797
429.jpg,How many numbers are there in the bar below in the map?,25,['Positional'],Counting,_divisional,0.1–0.5MP,_world,4183,3798
429.jpg,Australia is part of how many bars?,3,['Other'],Counting,_divisional,0.1–0.5MP,_world,4184,3799
429.jpg,How many time zones are there in China according to the map?,1,['Other'],Counting,_divisional,0.1–0.5MP,_world,4185,3800
429.jpg,Are all the bars in the map straight or not?,No,['Other'],Boolean,_divisional,0.1–0.5MP,_world,4186,3801
429.jpg,Which color represents the time zone that includes 0 at the top of the map?,Teal,"['Visual', 'Positional', 'Comparative']",Single Entity,_divisional,0.1–0.5MP,_world,4187,3802
429.jpg,How many colors are used in this map,4,['Visual'],Counting,_divisional,0.1–0.5MP,_world,4188,3803
429.jpg,How many continents has all 4 colors,3,['Visual'],Counting,_divisional,0.1–0.5MP,_world,4189,3804
430.jpg,Count the number of must-see landmarks marked on the Berlin map,26,['Visual'],Counting,_mixed,2–8MP,_city,4190,3805
430.jpg,Name the landmark located farthest northeast on the Berlin map.,Berlin Underworlds,"['Positional', 'Comparative']",Single Entity,_mixed,2–8MP,_city,4191,3806
430.jpg,Name the landmark closest to the Brandenburg Gate.,Reichstag Building,['Comparative'],Single Entity,_mixed,2–8MP,_city,4192,3807
430.jpg,Count the number of museums listed in the legend.,6,['Other'],Counting,_mixed,2–8MP,_city,4193,3808
430.jpg,Name the only department store listed in the legend.,KaDeWe Department Store,['Other'],Single Entity,_mixed,2–8MP,_city,4194,3809
430.jpg,Identify the southernmost landmark on the map.,Tempodrom,['Positional'],Single Entity,_mixed,2–8MP,_city,4195,3810
430.jpg,Which landmark is closest to Alexanderplatz Square?,Berlin TV Tower,['Comparative'],Single Entity,_mixed,2–8MP,_city,4197,3811
430.jpg,Count the number of squares listed in the legend.,3,['Other'],Counting,_mixed,2–8MP,_city,4198,3812
430.jpg,Name the landmark associated with Jewish history.,Jewish Museum,['Other'],Single Entity,_mixed,2–8MP,_city,4199,3813
431.png,What is the total number of billionaires shown in the map?,424,['Visual'],Single Entity,_cartogram,0.1–0.5MP,_country,4200,3814
431.png,Which northeastern state has the lowest amount of billionaires?,VT or Vermont,"['Positional', 'Comparative']",Single Entity,_cartogram,0.1–0.5MP,_country,4201,3815
431.png,How many states don't have billionaires?,6,['Other'],Counting,_cartogram,0.1–0.5MP,_country,4202,3816
431.png,Which state has the 6th most billionaires,Michigan or MI,['Comparative'],Single Entity,_cartogram,0.1–0.5MP,_country,4203,3817
431.png,Which state has the same number of billionaires as Illinois?,none,['Other'],Single Entity,_cartogram,0.1–0.5MP,_country,4204,3818
431.png,Which state ranks second in billionaire count?,New York or NY,['Comparative'],Single Entity,_cartogram,0.1–0.5MP,_country,4205,3819
431.png,How many billionaires reside in Texas (TX)?,48,['Other'],Counting,_cartogram,0.1–0.5MP,_country,4207,3820
431.png,How many states are in the 9-18 range of billionaires?,5,['Other'],Counting,_cartogram,0.1–0.5MP,_country,4209,3821
432.png,WHAT IS THE RANGE IN THE STATE OF CALIFORNIA?,87-108,['Other'],Single Entity,_choropleth,2–8MP,_country,4210,3822
432.png,WHAT RANGE IS THE MISSING RANGE HERE IN THE MAP?,109-193,['Other'],Single Entity,_choropleth,2–8MP,_country,4211,3823
432.png,WHAT DOES THE RANGE OF ALASKA LOOK LIKE?,61-81,['Visual'],Single Entity,_choropleth,2–8MP,_country,4212,3824
432.png,Which state has the highest range on the west coast?,California,"['Positional', 'Comparative']",Single Entity,_choropleth,2–8MP,_country,4213,3825
432.png,what is the range in Arizona according to the map?,1-30,['Other'],Single Entity,_choropleth,2–8MP,_country,4214,3826
432.png,What does the range look like for maine?,1-30,['Visual'],Single Entity,_choropleth,2–8MP,_country,4215,3827
432.png,which state bordering arizona has the maximum range according to the image?,california,['Positional'],Single Entity,_choropleth,2–8MP,_country,4216,3828
432.png,which state bordering idaho has the highest range?,Montana,"['Positional', 'Comparative']",Single Entity,_choropleth,2–8MP,_country,4217,3829
432.png,What is the range displayed for montana in the image?,87-108,['Visual'],Single Entity,_choropleth,2–8MP,_country,4218,3830
432.png,what is the range displayed for idaho in the image?,1-30,['Visual'],Single Entity,_choropleth,2–8MP,_country,4219,3831
433.jpg,Does Florida get deep purple in the second map?,No,"['Visual', 'Comparative']",Boolean,_multiple,0.5–2MP,_country,4221,3832
433.jpg,What color is Hawaii,no data,['Visual'],Single Entity,_multiple,0.5–2MP,_country,4222,3833
433.jpg,Can Cuba be seen in this map as an unmarked country pointing towards Florida,no data,['Visual'],Boolean,_multiple,0.5–2MP,_country,4223,3834
433.jpg,How many states are covered in all three maps? Add the totals up,48,['Other'],Counting,_multiple,0.5–2MP,_country,4224,3835
433.jpg,What red map trends can be seen for Alaska?,none,['Visual'],Single Entity,_multiple,0.5–2MP,_country,4225,3836
433.jpg,Is Florida is a deep shade of magenta in the first map or a deepshade of magenta in the second map?,Neither,"['Visual', 'Comparative']",Boolean,_multiple,0.5–2MP,_country,4226,3837
433.jpg,"Analyze the first two maps and study the bible belts. In the first map, is it blue?",No,"['Visual', 'Comparative']",Boolean,_multiple,0.5–2MP,_country,4228,3838
433.jpg,Is California really dark red in the first US map?,Yes,"['Visual', 'Comparative']",Boolean,_multiple,0.5–2MP,_country,4229,3839
434.png,name a sea with respect to the map,English Channel,['Other'],Single Entity,_choropleth,0.5–2MP,_country,4231,3840
434.png,where does ipswich fall according to the furlough uptake rate and IMD index?,mid range,['Positional'],Single Entity,_choropleth,0.5–2MP,_country,4232,3841
434.png,name the place south west of north channel,Belfast,['Positional'],Single Entity,_choropleth,0.5–2MP,_country,4233,3842
434.png,moving east from Preston to Hull what comes in between?,Leeds,['Positional'],Single Entity,_choropleth,0.5–2MP,_country,4234,3843
434.png,which water body separates douglas and Dublin?,Irish Sea,['Other'],Single Entity,_choropleth,0.5–2MP,_country,4235,3844
434.png,where does Reading fall with respect to IMD?,it falls in high range of IMD,['Positional'],Single Entity,_choropleth,0.5–2MP,_country,4236,3845
434.png,"name a place that starts with ""A""",Aberdeen,['Other'],Single Entity,_choropleth,0.5–2MP,_country,4237,3846
434.png,based on the IMD map name a place which is surrounded by water bodies all around,Douglas,['Positional'],Single Entity,_choropleth,0.5–2MP,_country,4238,3847
434.png,name the place situated towards south on the map and has high furlough uptake rate,plymouth,"['Positional', 'Comparative']",Single Entity,_choropleth,0.5–2MP,_country,4239,3848
435.webp,Which large island is the central focus of the map?,Sulawesi,['Comparative'],Single Entity,_divisional,0.1–0.5MP,_region,4240,3849
435.webp,Which country is labeled in the middle of the map?,Indonesia,"['Visual', 'Positional']",Single Entity,_divisional,0.1–0.5MP,_region,4241,3850
435.webp,Which body of water lies between Sulawesi and the landmass to the west?,Makassar Strait,['Positional'],Single Entity,_divisional,0.1–0.5MP,_region,4242,3851
435.webp,Is the region shown on the right part of a single island or an archipelago?,Single island,"['Visual', 'Positional']",Boolean,_divisional,0.1–0.5MP,_region,4243,3852
435.webp,Which direction is the highly fragmented island of Sulawesi located from the main Indonesian landmas,East,['Positional'],Single Entity,_divisional,0.1–0.5MP,_region,4244,3853
435.webp,What geographic feature makes Sulawesi unique on the map?,Irregular shape with multiple peninsulas,['Other'],Single Entity,_divisional,0.1–0.5MP,_region,4245,3854
435.webp,Are the boundaries on the map administrative or physical?,Administrative,['Positional'],Boolean,_divisional,0.1–0.5MP,_region,4246,3855
435.webp,Which region (Sulawesi or western landmass) appears to have more local divisions?,Sulawesi,"['Visual', 'Positional', 'Comparative']",Single Entity,_divisional,0.1–0.5MP,_region,4247,3856
435.webp,What is the overall shape of Sulawesi island on the map?,K-like or star-shaped,['Visual'],Single Entity,_divisional,0.1–0.5MP,_region,4248,3857
435.webp,"Does the map depict urban, rural, or both kinds of administrative units?",Both,['Other'],Boolean,_divisional,0.1–0.5MP,_region,4249,3858
436.jpg,Which African country(s) has lowest number of cases?,Suriname,['Comparative'],Single Entity,_choropleth,0.5–2MP,_world,4250,3859
436.jpg,Which country(s) in the Middle East has the lowest cases?,Yemen,"['Positional', 'Comparative']",Single Entity,_choropleth,0.5–2MP,_world,4255,3860
436.jpg,How many countries on African continent has lowest or no cases?,23,['Comparative'],Counting,_choropleth,0.5–2MP,_world,4258,3861
437.jpg,Boston common falls under which grid?,L5,['Comparative'],Single Entity,_mixed,0.5–2MP,_city,4260,3862
437.jpg,What's the colour of macy's?,pink,['Visual'],Single Entity,_mixed,0.5–2MP,_city,4261,3863
437.jpg,what is the name of station attached to boston garden?,North Station,['Other'],Single Entity,_mixed,0.5–2MP,_city,4262,3864
437.jpg,Which area is directly south of finance dist?,Fort Point,['Positional'],Single Entity,_mixed,0.5–2MP,_city,4263,3865
437.jpg,what grid does tufts medical center falls?,K3,['Positional'],Single Entity,_mixed,0.5–2MP,_city,4264,3866
437.jpg,Which bridge connectes financial dist to fort point which is not in yellow colour?,Northern Ave bridge,['Visual'],Single Entity,_mixed,0.5–2MP,_city,4265,3867
437.jpg,where is city hall?,O5,['Positional'],Single Entity,_mixed,0.5–2MP,_city,4266,3868
437.jpg,Name of the red building which is next to the public gardens?,newbury,['Visual'],Single Entity,_mixed,0.5–2MP,_city,4267,3869
437.jpg,Does fish pier exist in the image?,Yes,['Other'],Boolean,_mixed,0.5–2MP,_city,4268,3870
437.jpg,Is there any red building in financial dist?,No,['Visual'],Boolean,_mixed,0.5–2MP,_city,4269,3871
438.webp,Which city on this map appears to be located furthest northeast?,Enterprise,"['Visual', 'Positional', 'Comparative']",Single Entity,_divisional,0.5–2MP,_state,4270,3872
438.webp,Approximately how many green boundary segments are visible on this map?,24,['Visual'],Counting,_divisional,0.5–2MP,_state,4272,3873
438.webp,What is the approximate shape of the region containing Ochoco National Forest and Prineville?,Irregular polygon,['Visual'],Single Entity,_divisional,0.5–2MP,_state,4273,3874
438.webp,Which city is in the bottom left of the map?,Chiloquin,"['Positional', 'Comparative']",Single Entity,_divisional,0.5–2MP,_state,4274,3875
438.webp,Which forest is near Madras?,Ochoco,['Positional'],Single Entity,_divisional,0.5–2MP,_state,4276,3876
438.webp,In what direction is Burns from Bend according to this map?,Southeast,['Positional'],Single Entity,_divisional,0.5–2MP,_state,4277,3877
438.webp,"Based on this map, which city appears to be located between Madras and Prineville?",Redmond,"['Visual', 'Positional']",Single Entity,_divisional,0.5–2MP,_state,4278,3878
438.webp,What color are the boundary lines shown on this map?,Green,['Visual'],Single Entity,_divisional,0.5–2MP,_state,4279,3879
438.webp,Which national forest is located in the central portion of the map?,Ochoco,['Positional'],Single Entity,_divisional,0.5–2MP,_state,4280,3880
439.jpg,Which highlight is the furthest south on the map?,New York Aquarium,"['Positional', 'Comparative']",Single Entity,_mixed,0.5–2MP,_city,4281,3881
439.jpg,What’s the only point of interest located in Williamsburg?,Williamsburg Art & Historical Center or 1,['Positional'],Single Entity,_mixed,0.5–2MP,_city,4282,3882
439.jpg,What’s closer to the East River: Brooklyn Heights or Prospect Heights?,brooklyn heights,['Positional'],Single Entity,_mixed,0.5–2MP,_city,4284,3883
439.jpg,What neighborhood is the New York Transit Museum (3) located in?,downtown brooklyn,['Positional'],Single Entity,_mixed,0.5–2MP,_city,4286,3884
439.jpg,Which landmark lies between Crown Heights and Prospect Heights?,Brooklyn Botanic Garden or 9,['Positional'],Single Entity,_mixed,0.5–2MP,_city,4287,3885
439.jpg,"Which number on the map is near the word ""Carroll Gardens""?",3,['Positional'],Single Entity,_mixed,0.5–2MP,_city,4288,3886
440.jpg,How many arrows are points somewhere in the Americas?,3,['Other'],Counting,_network,0.1–0.5MP,_world,4291,3887
440.jpg,"Which continent has the fewest inbound arrows, suggesting it was among the last to be settled?",South America,['Comparative'],Single Entity,_network,0.1–0.5MP,_world,4292,3888
440.jpg,Which continent shows the most amount of arrows?,Asia,['Comparative'],Single Entity,_network,0.1–0.5MP,_world,4293,3889
440.jpg,How many arrows are there in total shown in the map?,17,['Visual'],Counting,_network,0.1–0.5MP,_world,4294,3890
440.jpg,Which country shows no arrows pointing to it?,New Zealand,['Other'],Single Entity,_network,0.1–0.5MP,_world,4295,3891
440.jpg,What geographic barrier might have been crossed to enter the Americas from northeastern Asia?,Bering Land Bridge,['Positional'],Single Entity,_network,0.1–0.5MP,_world,4296,3892
440.jpg,"According to the map, which was one of the first countries to be travelled to, through sea?",India,"['Positional', 'Comparative']",Single Entity,_network,0.1–0.5MP,_world,4297,3893
440.jpg,Which ocean did humans likely cross when migrating into Australia?,Indian Ocean,['Positional'],Single Entity,_network,0.1–0.5MP,_world,4298,3894
440.jpg,Which region appears to be the first destination after the initial Out-of-Africa migration?,Middle East,"['Visual', 'Comparative']",Single Entity,_network,0.1–0.5MP,_world,4299,3895
441.png,Which part of Australia has the highest regional population density based on shading?,Southeastern Victoria,['Comparative'],Single Entity,_divisional,0.1–0.5MP,_country,4300,3896
441.png,What color indicates areas with the highest density?,Dark green,"['Visual', 'Comparative']",Single Entity,_divisional,0.1–0.5MP,_country,4301,3897
441.png,Which Australian state has the most densely populated local government areas overall?,Victoria,['Comparative'],Single Entity,_divisional,0.1–0.5MP,_country,4302,3898
441.png,Which Australian island shows local-level subdivisions and moderate population density?,Tasmania,['Other'],Single Entity,_divisional,0.1–0.5MP,_country,4304,3899
441.png,Which coastal region in the northeast shows higher population density?,Southeastern Queensland,"['Positional', 'Comparative']",Single Entity,_divisional,0.1–0.5MP,_country,4305,3900
441.png,Which state shows a visible pattern of highly urbanized southern clusters?,Victoria,"['Visual', 'Positional']",Single Entity,_divisional,0.1–0.5MP,_country,4306,3901
441.png,Are population centers more concentrated along the coast or inland?,Coast,"['Positional', 'Comparative']",Boolean,_divisional,0.1–0.5MP,_country,4307,3902
441.png,Which region in the west shows the least division into local areas?,Western Australia interior,"['Positional', 'Comparative']",Single Entity,_divisional,0.1–0.5MP,_country,4308,3903
441.png,Do areas with darker green shading represent more or fewer people?,More,"['Visual', 'Comparative']",Boolean,_divisional,0.1–0.5MP,_country,4309,3904
442.jpg,Name the beach city shown at the southern tip of the map.,Laguna Beach,"['Visual', 'Positional']",Single Entity,_marker,0.1–0.5MP,_state,4310,3905
442.jpg,Count the number of palm trees shown near Los Angeles.,3,"['Visual', 'Positional']",Counting,_marker,0.1–0.5MP,_state,4311,3906
442.jpg,Name the only national park labeled in the north part of California.,Redwood,"['Visual', 'Positional']",Single Entity,_marker,0.1–0.5MP,_state,4312,3907
442.jpg,Name the valley labeled with a skull symbol.,Death Valley,['Visual'],Single Entity,_marker,0.1–0.5MP,_state,4313,3908
442.jpg,Count the number of pink cars shown along the highway.,2,"['Visual', 'Positional']",Counting,_marker,0.1–0.5MP,_state,4314,3909
442.jpg,Which city is located just below the Golden Gate Bridge on the map?,Monterey,['Positional'],Single Entity,_marker,0.1–0.5MP,_state,4315,3910
442.jpg,Name the lake located at the top center-right of the map.,Lake Tahoe,"['Positional', 'Comparative']",Single Entity,_marker,0.1–0.5MP,_state,4316,3911
442.jpg,Identify the large black animal shown near San Francisco.,Bear,"['Visual', 'Positional', 'Comparative']",Single Entity,_marker,0.1–0.5MP,_state,4317,3912
442.jpg,Name the city where the Hollywood sign is shown.,Hollywood,"['Visual', 'Positional']",Single Entity,_marker,0.1–0.5MP,_state,4318,3913
442.jpg,Count the number of cactus plants shown near the desert area.,4,"['Visual', 'Positional']",Counting,_marker,0.1–0.5MP,_state,4319,3914
443.png,What orange postcode borders both green D24 and grey D22?,D18,"['Visual', 'Positional']",Single Entity,_divisional,2–8MP,_district,4320,3915
443.png,Which blue postcode lies directly east of the yellow-green D9?,D5,"['Visual', 'Positional']",Single Entity,_divisional,2–8MP,_district,4321,3916
443.png,Which postcode is completely surrounded by other postcodes and not touching the sea or any edge?,D10,['Positional'],Single Entity,_divisional,2–8MP,_district,4322,3917
443.png,Which purple postcode is located in the northeast corner of the map?,D8,"['Visual', 'Positional']",Single Entity,_divisional,2–8MP,_district,4323,3918
443.png,Which postcode shares a border with the most other postcodes?,D8,"['Positional', 'Comparative']",Single Entity,_divisional,2–8MP,_district,4324,3919
443.png,Which green postcode lies just north of the yellow D11?,D9,"['Visual', 'Positional']",Single Entity,_divisional,2–8MP,_district,4325,3920
443.png,Which pink postcode lies between blue D3 and red D4?,D1,"['Visual', 'Positional']",Single Entity,_divisional,2–8MP,_district,4326,3921
443.png,What brown postcode lies directly west of light blue D7?,K78,"['Visual', 'Positional']",Single Entity,_divisional,2–8MP,_district,4327,3922
443.png,Which yellow postcode borders both red D12 and green D6?,D6W,"['Visual', 'Positional']",Single Entity,_divisional,2–8MP,_district,4328,3923
443.png,Which dark blue postcode lies southwest of the pink D1?,D8,"['Visual', 'Positional']",Single Entity,_divisional,2–8MP,_district,4329,3924
443.png,"Which postcode is entirely surrounded by green D24, red D12, and yellow D6W?",D14,"['Visual', 'Positional']",Single Entity,_divisional,2–8MP,_district,4330,3925
443.png,Which postcode touches both the sea and the purple D13?,D5,"['Visual', 'Positional']",Single Entity,_divisional,2–8MP,_district,4331,3926
444.jpg,What color outlines the “Rangelands” category in the legend?,White,['Visual'],Single Entity,_isopleth,0.1–0.5MP,_country,4332,3927
444.jpg,Which scale fraction is numerically the largest?,1:250000,['Comparative'],Single Entity,_isopleth,0.1–0.5MP,_country,4333,3928
444.jpg,Which scale fraction is numerically the smallest?,1:5000,['Comparative'],Single Entity,_isopleth,0.1–0.5MP,_country,4334,3929
444.jpg,Which state is filled entirely in greenish‑teal on the eastern side?,New South Wales,['Positional'],Single Entity,_isopleth,0.1–0.5MP,_country,4335,3930
444.jpg,Which color represents the 1:250 000 mapping scale?,Red,['Visual'],Single Entity,_isopleth,0.1–0.5MP,_country,4336,3931
444.jpg,What is the background color of the image canvas?,Light lime green,['Visual'],Single Entity,_isopleth,0.1–0.5MP,_country,4337,3932
444.jpg,Which mapping scale uses a yellow‑green shade in the legend?,1:25000,['Visual'],Single Entity,_isopleth,0.1–0.5MP,_country,4338,3933
444.jpg,Which region is mostly colored red on the map?,Northern Territory,['Visual'],Single Entity,_isopleth,0.1–0.5MP,_country,4339,3934
444.jpg,Which mapping scale covers most of South Australia?,1:250000,"['Positional', 'Comparative']",Single Entity,_isopleth,0.1–0.5MP,_country,4340,3935
444.jpg,Which mapping scale covers Tasmania?,1:100000,['Other'],Single Entity,_isopleth,0.1–0.5MP,_country,4341,3936
445.jpg,How many countries are visible in the map uploaded?,6,['Visual'],Counting,_conflict,0.1–0.5MP,_subcontinent,4342,3937
445.jpg,"According to the image, what colored arrows trace the division's route?",Red,['Visual'],Single Entity,_conflict,0.1–0.5MP,_subcontinent,4343,3938
445.jpg,"According to the image, what symbol represents the 3rd Armored Division?",red yellow and blue triangle with s inside it.,['Other'],Single Entity,_conflict,0.1–0.5MP,_subcontinent,4344,3939
445.jpg,How many diamond shapes are above the text operations in the image?,1,['Positional'],Counting,_conflict,0.1–0.5MP,_subcontinent,4346,3940
445.jpg,which countries visible in the top map are not present in the bottom one?,Great Britain  Luxembourg  Netherlands,"['Visual', 'Positional', 'Comparative']",Single Entity,_conflict,0.1–0.5MP,_subcontinent,4347,3941
445.jpg,where is the red arrow first drawn in the top map?,from southern England toward Normandy France,"['Visual', 'Positional', 'Comparative']",Single Entity,_conflict,0.1–0.5MP,_subcontinent,4348,3942
445.jpg,"According to the image, which region is directly west of Belgium?",France.,['Positional'],Single Entity,_conflict,0.1–0.5MP,_subcontinent,4349,3943
446.jpg,Which continent is the most vertically stretched on this map?,South America,['Comparative'],Single Entity,_choropleth,2–8MP,_world,4352,3944
446.jpg,"Is Greenland shown larger, smaller, or about the same size as Africa?",Larger,"['Visual', 'Comparative']",Boolean,_choropleth,2–8MP,_world,4353,3945
446.jpg,Which two continents are shown closest together across the Atlantic?,South America and Africa,"['Visual', 'Positional', 'Comparative']",Single Entity,_choropleth,2–8MP,_world,4354,3946
446.jpg,Which landmass is directly north of Europe?,Greenland,['Positional'],Single Entity,_choropleth,2–8MP,_world,4355,3947
446.jpg,Which direction would you travel from Australia to reach India?,Northwest,['Positional'],Single Entity,_choropleth,2–8MP,_world,4356,3948
446.jpg,What continent lies entirely south of the equator in this map?,Australia,['Positional'],Single Entity,_choropleth,2–8MP,_world,4357,3949
446.jpg,Which is closer to the equator: Central Africa or northern India?,Central Africa,['Positional'],Single Entity,_choropleth,2–8MP,_world,4358,3950
446.jpg,Is Japan located east or west of Korea on this map?,East,['Positional'],Boolean,_choropleth,2–8MP,_world,4359,3951
446.jpg,Which continent appears most centrally positioned on this map?,Europe,"['Visual', 'Comparative']",Single Entity,_choropleth,2–8MP,_world,4360,3952
446.jpg,Which is larger in visual area: Canada or China?,Canada,"['Visual', 'Comparative']",Single Entity,_choropleth,2–8MP,_world,4361,3953
447.jpg,Which resort is located closest to the Kerala–Tamil Nadu border?,Orchid Trails Resort Wayanad,"['Positional', 'Comparative']",Single Entity,_marker,0.1–0.5MP,_region,4362,3954
447.jpg,Which town is directly south of Pattavayal?,Bitherkad,['Positional'],Single Entity,_marker,0.1–0.5MP,_region,4363,3955
447.jpg,Which store appears near Erumad?,Muthunaadar,"['Visual', 'Positional']",Single Entity,_marker,0.1–0.5MP,_region,4364,3956
447.jpg,Which forest range lies northeast of Thottamoola?,Muthanga,['Positional'],Single Entity,_marker,0.1–0.5MP,_region,4365,3957
447.jpg,Which route number connects Sultan Bathery and Muthanga?,766,['Positional'],Single Entity,_marker,0.1–0.5MP,_region,4366,3958
447.jpg,Which place is located directly west of Cheeral?,Nemmeni,['Positional'],Single Entity,_marker,0.1–0.5MP,_region,4367,3959
447.jpg,What educational institution is located near Chulliyode?,Nilgiri College of Arts and Science,['Positional'],Single Entity,_marker,0.1–0.5MP,_region,4368,3960
447.jpg,Which is the southernmost labeled location on the map?,Mayfield,"['Visual', 'Positional']",Single Entity,_marker,0.1–0.5MP,_region,4369,3961
447.jpg,Which is the easternmost town in the map?,Muthanga,"['Positional', 'Comparative']",Single Entity,_marker,0.1–0.5MP,_region,4370,3962
447.jpg,Which resort is located between Cheeral and Muthanga?,La Thanza resort,['Positional'],Single Entity,_marker,0.1–0.5MP,_region,4371,3963
448.png,How many countries have at least 100 million population?,3,['Comparative'],Counting,_cartogram,0.1–0.5MP,_continent,4372,3964
448.png,"Which country in the Horn of Africa is shown larger than surrounding neighbors, due to high populati",Ethiopia,"['Visual', 'Comparative']",Single Entity,_cartogram,0.1–0.5MP,_continent,4373,3965
448.png,Which North African country appears much smaller on this map than its geographic size would suggest?,Algeria,"['Visual', 'Positional', 'Comparative']",Single Entity,_cartogram,0.1–0.5MP,_continent,4374,3966
448.png,Which country is represented as the largest yellow block on the map?,Nigeria,"['Visual', 'Comparative']",Single Entity,_cartogram,0.1–0.5MP,_continent,4376,3967
448.png,Which southern African country is shown much larger than geographically expected due to its high pop,South Africa,"['Visual', 'Positional', 'Comparative']",Single Entity,_cartogram,0.1–0.5MP,_continent,4377,3968
448.png,"Which island country appears extremely small, nearly invisible, due to very low population?",Seychelles,['Visual'],Single Entity,_cartogram,0.1–0.5MP,_continent,4378,3969
448.png,Which coastal country in West Africa is nearly the same size as some of its landlocked neighbors on,Ghana,"['Visual', 'Positional']",Single Entity,_cartogram,0.1–0.5MP,_continent,4379,3970
448.png,Which country located in the Sahel region appears significantly smaller than its geographic neighbor,Mali,"['Visual', 'Positional', 'Comparative']",Single Entity,_cartogram,0.1–0.5MP,_continent,4380,3971
448.png,"Which country borders Nigeria and is also shown in green, indicating a high population?",Cameroon,"['Visual', 'Positional', 'Comparative']",Single Entity,_cartogram,0.1–0.5MP,_continent,4381,3972
449.jpg,How many divisions can you see,7,['Visual'],Counting,_divisional,0.5–2MP,_region,4382,3973
449.jpg,How many land labels can you see in division 1?,5,['Visual'],Counting,_divisional,0.5–2MP,_region,4383,3974
449.jpg,what is the peak height near Waterloo in this map?,278M,['Positional'],Single Entity,_divisional,0.5–2MP,_region,4385,3975
449.jpg,Monduran State Forest comes in how many divisions?,3,['Other'],Counting,_divisional,0.5–2MP,_region,4386,3976
449.jpg,How many water bodies enter from division 1 to division 3?,1,['Other'],Counting,_divisional,0.5–2MP,_region,4387,3977
449.jpg,How many stand alone water bodies can you see in division 3?,3,['Visual'],Counting,_divisional,0.5–2MP,_region,4388,3978
449.jpg,How many divisions do I need to cross to get from Woodgate to Great Sandy National Park?,1,['Positional'],Counting,_divisional,0.5–2MP,_region,4389,3979
449.jpg,How many water bodies flow from East to West in division 2?,1,['Positional'],Counting,_divisional,0.5–2MP,_region,4390,3980
449.jpg,How many divisions do I need to cross in a shortest path to reach from Deepwater to Howard?,4,"['Positional', 'Comparative']",Counting,_divisional,0.5–2MP,_region,4391,3981
450.png,Which country in Africa has the highest increase in activity?,Sudan,['Comparative'],Single Entity,_choropleth,0.5–2MP,_world,4392,3982
450.png,Which is the country with moderate increase in activity?,Iran,['Comparative'],Single Entity,_choropleth,0.5–2MP,_world,4393,3983
450.png,How many countries in North America have witnessed large increase in activity?,1,"['Positional', 'Comparative']",Counting,_choropleth,0.5–2MP,_world,4394,3984
450.png,Do you have countries in Africa with moderate increase in activity?,No,['Comparative'],Boolean,_choropleth,0.5–2MP,_world,4395,3985
450.png,What type of activity is seen in the world's largest country in terms of area?,Large increase in activity,"['Visual', 'Comparative']",Single Entity,_choropleth,0.5–2MP,_world,4396,3986
450.png,How many countries at the equator have witnessed large decrease in  activity?,7,['Comparative'],Counting,_choropleth,0.5–2MP,_world,4397,3987
450.png,What type of activity is witnessed by Nepal?,Limited change in activity,['Other'],Single Entity,_choropleth,0.5–2MP,_world,4398,3988
450.png,Which neighboring country of Kenya has witnessed limited change in activity?,Tanzania,['Other'],Single Entity,_choropleth,0.5–2MP,_world,4399,3989
450.png,Name the largest country colored in yellow in South America.,Brazil,"['Visual', 'Positional', 'Comparative']",Single Entity,_choropleth,0.5–2MP,_world,4400,3990
450.png,Name the largest country colored in gray in Asia.,Kazakhistan,"['Visual', 'Comparative']",Single Entity,_choropleth,0.5–2MP,_world,4401,3991
451.jpg,How many coloured lines are explictly stated in in this transit map?,7,['Other'],Counting,_mixed,0.5–2MP,_city,4402,3992
451.jpg,What is the letter-number combo representing the Civic Opera House?,A-6,['Other'],Single Entity,_mixed,0.5–2MP,_city,4403,3993
451.jpg,What icon represents the Civic Opera House?,Opera mask with Viking horns,['Other'],Single Entity,_mixed,0.5–2MP,_city,4404,3994
451.jpg,Downtown Attraction D-2 had a former name. What is it?,360 Chicago - Formerly John Hancock Observatory,['Other'],Single Entity,_mixed,0.5–2MP,_city,4406,3995
451.jpg,I want to go shopping. I hear there is a shopping avenue here as a downtown attraction?,none,['Other'],Boolean,_mixed,0.5–2MP,_city,4407,3996
451.jpg,Which bank sponsors the pavilion at Northerly Island Park?,FirstMerit Bank Pavilion,['Other'],Single Entity,_mixed,0.5–2MP,_city,4408,3997
451.jpg,How many meters is one quarter mile according to this map?,400,['Other'],Counting,_mixed,0.5–2MP,_city,4409,3998
451.jpg,What lake is facing this portion of the map?,Lake Michigan,['Positional'],Single Entity,_mixed,0.5–2MP,_city,4410,3999
451.jpg,Look at the top of the map. How many numbered rows are in the map?,11,"['Visual', 'Positional', 'Comparative']",Counting,_mixed,0.5–2MP,_city,4411,4000
452.png,How many water bodies are mentioned in the image,3,['Other'],Counting,_choropleth,0.5–2MP,_country,4412,4001
452.png,"On average, which state of Australia has the most growth",Western Australia,['Comparative'],Single Entity,_choropleth,0.5–2MP,_country,4413,4002
452.png,Which area has the most growth in the Northern territory,Darwin,"['Positional', 'Comparative']",Single Entity,_choropleth,0.5–2MP,_country,4414,4003
452.png,What ocean is the Great Australian Bight in?,Not provided,['Other'],Single Entity,_choropleth,0.5–2MP,_country,4415,4004
452.png,In Which state are there only 2 yellow areas,Queensland,['Visual'],Single Entity,_choropleth,0.5–2MP,_country,4416,4005
452.png,Number of islands in Timor sea shown in the map,1,['Visual'],Counting,_choropleth,0.5–2MP,_country,4418,4006
452.png,State with lowest number of yellow or low growth reigons,Queensland,"['Visual', 'Comparative']",Counting,_choropleth,0.5–2MP,_country,4419,4007
452.png,Name of state with a regional reserve in it?,South Australia,['Other'],Single Entity,_choropleth,0.5–2MP,_country,4420,4008
452.png,Which state is Brisbane located in,Queensland,['Positional'],Single Entity,_choropleth,0.5–2MP,_country,4421,4009
453.png,How many countries have the same color as India?,10,['Visual'],Counting,_cartogram,0.5–2MP,_world,4422,4010
453.png,What is the large white area in the map?,Antartica,"['Visual', 'Comparative']",Single Entity,_cartogram,0.5–2MP,_world,4423,4011
453.png,Which side is America located in the image?,Right side.,['Positional'],Single Entity,_cartogram,0.5–2MP,_world,4424,4012
453.png,Which immediate Neighbour country of India has light yellow color?,Bangladesh,['Visual'],Single Entity,_cartogram,0.5–2MP,_world,4425,4013
453.png,which continent is not skewed in the image?,Antartica,['Other'],Single Entity,_cartogram,0.5–2MP,_world,4426,4014
453.png,Does this map convey anything positive or negative regarding the countries that are skewed?,no,['Other'],Boolean,_cartogram,0.5–2MP,_world,4428,4015
453.png,which country is highly skewed relative to its size and have light green shade?,India,['Visual'],Single Entity,_cartogram,0.5–2MP,_world,4429,4016
453.png,Can you notice United States of America in the map?,No,['Other'],Boolean,_cartogram,0.5–2MP,_world,4430,4017
224.jpg,Which country in South America uses a numeric 8-digit postal code system?,Brazil,['Positional'],Single Entity,_divisional,0.1–0.5MP,_world,4432,4018
224.jpg,What type of postal code system is used in Australia?,4-digit numeric,['Visual'],Single Entity,_divisional,0.1–0.5MP,_world,4433,4019
224.jpg,Which country in Africa has a 5-digit postal code system?,Algeria,['Other'],Single Entity,_divisional,0.1–0.5MP,_world,4434,4020
224.jpg,What is the postal code length for the United States?,9,['Other'],Single Entity,_divisional,0.1–0.5MP,_world,4435,4021
224.jpg,Name one European country that does not use postal codes.,Ireland,['Other'],Single Entity,_divisional,0.1–0.5MP,_world,4436,4022
224.jpg,"Which country is shaded in light green, indicating an alphanumeric 6-digit postal code system?",Canada,['Visual'],Single Entity,_divisional,0.1–0.5MP,_world,4437,4023
224.jpg,Which Middle Eastern country uses a 10-digit numeric postal code system?,Iran,['Positional'],Single Entity,_divisional,0.1–0.5MP,_world,4438,4024
224.jpg,What kind of postal code system is used in India?,6-digit numeric,['Visual'],Single Entity,_divisional,0.1–0.5MP,_world,4439,4025
224.jpg,"Which Central American country is shown in yellow, indicating no postal codes in use?",Peru,['Visual'],Single Entity,_divisional,0.1–0.5MP,_world,4440,4026
224.jpg,Which Asian country has no postal codes in use?,North Korea,['Other'],Single Entity,_divisional,0.1–0.5MP,_world,4441,4027
454.webp,number of districts in this map ?,31,['Other'],Counting,_divisional,0.1–0.5MP,_region,4442,4028
454.webp,number of neighbouring districts for 1070?,8,['Other'],Counting,_divisional,0.1–0.5MP,_region,4443,4029
454.webp,do we have any district without the district number? true or false,true,['Other'],Boolean,_divisional,0.1–0.5MP,_region,4444,4030
454.webp,number of neighbours for district 1080?,7,['Other'],Counting,_divisional,0.1–0.5MP,_region,4445,4031
454.webp,does district 1190 have neighbouring district as 1620?,Yes,['Other'],Boolean,_divisional,0.1–0.5MP,_region,4446,4032
454.webp,does district 1070 have neighbouring district as 1604?,Yes,['Other'],Boolean,_divisional,0.1–0.5MP,_region,4447,4033
454.webp,number of neighbouring districts for 1210?,2,['Other'],Counting,_divisional,0.1–0.5MP,_region,4448,4034
454.webp,does district 1070 have neighbouring district as 1602?,Yes,['Other'],Boolean,_divisional,0.1–0.5MP,_region,4449,4035
455.jpg,Is Mexico categorized as Medium or High?,Medium,['Comparative'],Boolean,_choropleth,0.1–0.5MP,_world,4452,4036
455.jpg,"Which HDI category is Mexico: Low, Medium, or High?",Medium,['Comparative'],Single Entity,_choropleth,0.1–0.5MP,_world,4453,4037
455.jpg,Is Mexico shaded in orange (Medium) or red (High) on the map?,Orange (Medium),"['Visual', 'Comparative']",Boolean,_choropleth,0.1–0.5MP,_world,4454,4038
455.jpg,Does Chile appear as Very High or High?,Very High,"['Visual', 'Comparative']",Boolean,_choropleth,0.1–0.5MP,_world,4455,4039
455.jpg,Is Chile shaded dark red (Very High) or orange (High)?,Dark red (Very High),"['Visual', 'Comparative']",Boolean,_choropleth,0.1–0.5MP,_world,4456,4040
455.jpg,Which matches Chile’s HDI: the same as Australia (Very High) or Argentina (High)?,Australia (Very High),['Comparative'],Single Entity,_choropleth,0.1–0.5MP,_world,4457,4041
455.jpg,Is South Africa colored High or Medium?,High,"['Visual', 'Positional', 'Comparative']",Boolean,_choropleth,0.1–0.5MP,_world,4458,4042
455.jpg,Does South Africa use orange (High) or yellow (Medium) shading?,Orange (High),"['Visual', 'Positional', 'Comparative']",Boolean,_choropleth,0.1–0.5MP,_world,4459,4043
455.jpg,Is South Africa in the High HDI group or the Medium HDI group?,High HDI group,"['Positional', 'Comparative']",Boolean,_choropleth,0.1–0.5MP,_world,4460,4044
455.jpg,Does Russia appear as Very High or High?,Very High,"['Visual', 'Comparative']",Boolean,_choropleth,0.1–0.5MP,_world,4461,4045
455.jpg,Is Russia colored the same dark red as Canada (Very High) or the lighter orange of China (High)?,Dark red (Very High),"['Visual', 'Comparative']",Boolean,_choropleth,0.1–0.5MP,_world,4462,4046
455.jpg,"Which HDI color box matches Russia, the top dark red (Very High) or the next lighter red (High)?",Top dark red,"['Visual', 'Positional', 'Comparative']",Single Entity,_choropleth,0.1–0.5MP,_world,4463,4047
226.jpg,"What ZIP code is in the northeast corner of Tennessee, near Virginia?",37620,['Positional'],Single Entity,_divisional,0.1–0.5MP,_state,4464,4048
226.jpg,Which county in north-central Tennessee has ZIP code 37040?,Montgomery,['Other'],Single Entity,_divisional,0.1–0.5MP,_state,4465,4049
226.jpg,Which eastern Tennessee county borders North Carolina and contains the Great Smoky Mountains?,Sevier County,['Positional'],Single Entity,_divisional,0.1–0.5MP,_state,4466,4050
226.jpg,Which river forms part of Tennessee’s western border with Arkansas?,Mississippi,['Positional'],Single Entity,_divisional,0.1–0.5MP,_state,4467,4051
226.jpg,What major Tennessee city is located in Knox County?,Knoxville,['Positional'],Single Entity,_divisional,0.1–0.5MP,_state,4468,4052
226.jpg,Which bright yellow county in southern Tennessee shares a name with a U.S. President?,Lincoln County,"['Visual', 'Positional']",Single Entity,_divisional,0.1–0.5MP,_state,4469,4053
226.jpg,Which Tennessee county is shaped like a triangle and borders Georgia and Alabama?,Marion,"['Visual', 'Positional']",Single Entity,_divisional,0.1–0.5MP,_state,4470,4054
226.jpg,Which county in the southwest corner of Tennessee borders both Arkansas and Mississippi?,Shelby,['Positional'],Single Entity,_divisional,0.1–0.5MP,_state,4471,4055
226.jpg,Which state borders Tennessee to the northwest?,Missouri,['Positional'],Single Entity,_divisional,0.1–0.5MP,_state,4472,4056
226.jpg,"What is the ZIP code for Davidson County (home of the state capital, Nashville)?",37201 – 37221,['Other'],Single Entity,_divisional,0.1–0.5MP,_state,4473,4057
456.jpg,1. what is the source of this image?,The world Bank,['Other'],Single Entity,_choropleth,0.5–2MP,_world,4474,4058
456.jpg,2. What is the exact life expectancy value for Australia?,83,['Other'],Single Entity,_choropleth,0.5–2MP,_world,4475,4059
456.jpg,3. What is the difference in life expectancy between the United States and Canada?,7,['Positional'],Single Entity,_choropleth,0.5–2MP,_world,4476,4060
456.jpg,4. What does dark gradient represent?,Higher life expectancy.,['Visual'],Single Entity,_choropleth,0.5–2MP,_world,4477,4061
456.jpg,5. how many countries have the life expectancy of 59?,4,['Other'],Counting,_choropleth,0.5–2MP,_world,4478,4062
456.jpg,7. Which continent has the lowest average life expectancy?,Africa,['Comparative'],Single Entity,_choropleth,0.5–2MP,_world,4480,4063
456.jpg,8. How many countries have the life expectancy of 71?,2,['Other'],Counting,_choropleth,0.5–2MP,_world,4481,4064
456.jpg,9. What is the average life expectancy in europe?,81-83,['Other'],Single Entity,_choropleth,0.5–2MP,_world,4482,4065
457.jpg,what year was this map made?,2022,['Other'],Single Entity,_isopleth,0.5–2MP,_country,4483,4066
457.jpg,where is the map from?,www.mapsofindia.com,['Positional'],Single Entity,_isopleth,0.5–2MP,_country,4484,4067
457.jpg,what does lavender represent in the map?,Hills and gats,['Other'],Single Entity,_isopleth,0.5–2MP,_country,4485,4068
457.jpg,what does the red-orange section in the map represent?,Bengal Basin,['Visual'],Single Entity,_isopleth,0.5–2MP,_country,4486,4069
457.jpg,what is shown as orange on map?,Indo-Gangetic Alluvial Plain,['Visual'],Single Entity,_isopleth,0.5–2MP,_country,4488,4070
457.jpg,what color represents coastal plains?,Beige or Sand,['Visual'],Single Entity,_isopleth,0.5–2MP,_country,4489,4071
457.jpg,what color are the deserts denoted with?,yellow,['Visual'],Single Entity,_isopleth,0.5–2MP,_country,4490,4072
457.jpg,what color is the central highlands?,Light pink,['Visual'],Single Entity,_isopleth,0.5–2MP,_country,4491,4073
457.jpg,what does a red line represent?,Country Boundary of India.,['Visual'],Single Entity,_isopleth,0.5–2MP,_country,4492,4074
458.png,Which part of Australia has the highest density of outlined regions?,Southeast,['Comparative'],Single Entity,_divisional,0.1–0.5MP,_country,4493,4075
458.png,Which state has fewer internal divisions: Northern Territory or Tasmania?,Northern Territory,['Positional'],Single Entity,_divisional,0.1–0.5MP,_country,4494,4076
458.png,Is the region density generally higher in coastal or inland areas?,Coastal,['Comparative'],Boolean,_divisional,0.1–0.5MP,_country,4495,4077
458.png,What general shape is formed by the densest region in the southeast?,Triangle,"['Visual', 'Positional']",Single Entity,_divisional,0.1–0.5MP,_country,4496,4078
458.png,Which part of Western Australia has the most subdivided areas?,southwest corner,"['Positional', 'Comparative']",Single Entity,_divisional,0.1–0.5MP,_country,4497,4079
458.png,Does the northern part of Queensland have more or fewer regions than southern Queensland?,fewer,"['Positional', 'Comparative']",Boolean,_divisional,0.1–0.5MP,_country,4498,4080
458.png,Is the center of Australia more sparsely or densely divided?,Sparsely,"['Positional', 'Comparative']",Boolean,_divisional,0.1–0.5MP,_country,4499,4081
458.png,Which state or territory appears to be the largest by area?,western australia,"['Visual', 'Comparative']",Single Entity,_divisional,0.1–0.5MP,_country,4500,4082
458.png,Which part of Australia has the least number of regional divisions overall?,Central/Northern inland,['Comparative'],Single Entity,_divisional,0.1–0.5MP,_country,4501,4083
458.png,Does the southern coastline have more regional divisions than the northern coastline?,yes,"['Positional', 'Comparative']",Boolean,_divisional,0.1–0.5MP,_country,4502,4084
459.jpg,are there more urbanized or rural countries in 2016?,more urbanized,['Comparative'],Boolean,_choropleth,0.1–0.5MP,_world,4507,4085
459.jpg,what color represents the highest urban population percentage?,dark red,"['Visual', 'Comparative']",Single Entity,_choropleth,0.1–0.5MP,_world,4508,4086
459.jpg,what does it mean if a contry is orange?,about 50-75% of its population lives in cities,['Visual'],Single Entity,_choropleth,0.1–0.5MP,_world,4509,4087
459.jpg,do most african countries have high urban populations?,no,['Comparative'],Boolean,_choropleth,0.1–0.5MP,_world,4510,4088
460.jpg,what is the station number of Imbiah Station?,01,['Other'],Single Entity,_mixed,0.5–2MP,_city,4516,4089
460.jpg,what is the station number of cable car Imbiah lookout?,29,['Other'],Single Entity,_mixed,0.5–2MP,_city,4517,4090
460.jpg,number of stations in the map near the water body?,3,['Positional'],Counting,_mixed,0.5–2MP,_city,4518,4091
460.jpg,"From Waterfront Station, which cable car stop goes to Imbiah Lookout?",11,['Other'],Single Entity,_mixed,0.5–2MP,_city,4519,4092
460.jpg,does the `the knolls` connect directly with Gunner Lane ? true or false,false,['Other'],Boolean,_mixed,0.5–2MP,_city,4520,4093
461.jpg,Which beach is labeled near Wada and Jamsande?,Devgad,"['Visual', 'Positional']",Single Entity,_marker,0.1–0.5MP,_region,4523,4094
461.jpg,Which village lies between Dabhole and Pokharbav Temple?,Wareri,['Positional'],Single Entity,_marker,0.1–0.5MP,_region,4524,4095
461.jpg,Which village is north of Baparde?,Mutat,['Positional'],Single Entity,_marker,0.1–0.5MP,_region,4525,4096
461.jpg,Which place is shown closest to Saitavade Waterfall?,Talebazar,"['Visual', 'Comparative']",Single Entity,_marker,0.1–0.5MP,_region,4526,4097
461.jpg,Which village is located farthest south on this map?,Elaye,"['Positional', 'Comparative']",Single Entity,_marker,0.1–0.5MP,_region,4527,4098
461.jpg,Which village lies to the east of Tembavli?,Talavade,['Positional'],Single Entity,_marker,0.1–0.5MP,_region,4528,4099
461.jpg,What is the closest temple to Nadan on the map?,Shri Vimaleshwar,['Comparative'],Single Entity,_marker,0.1–0.5MP,_region,4529,4100
461.jpg,Which beach is closest to Pural?,Padavne,['Comparative'],Single Entity,_marker,0.1–0.5MP,_region,4530,4101
461.jpg,Which village lies between Wada and Katta?,Wadtar,['Positional'],Single Entity,_marker,0.1–0.5MP,_region,4531,4102
461.jpg,Which place is directly west of Virwadi?,Padavne,['Positional'],Single Entity,_marker,0.1–0.5MP,_region,4532,4103
462.png,Which food vendor is closest to Section 133?,Stadium Classics - Hot Dogs Nachos Pretzels Popcorn,"['Visual', 'Comparative']",Single Entity,_layout,0.5–2MP,_building,4533,4104
462.png,Which 100-level section is directly across the field from Section 118?,132,"['Visual', 'Positional']",Single Entity,_layout,0.5–2MP,_building,4534,4105
462.png,How many Flippers Pizza locations are shown on the map?,3,['Visual'],Counting,_layout,0.5–2MP,_building,4535,4106
462.png,Which entrance (A–D) provides the fastest route to get to Chicken Sandwiches and Fries?,D,['Other'],Single Entity,_layout,0.5–2MP,_building,4537,4107
462.png,Which vendor is closest to both Gate C and a Flippers Pizza location?,Terrace Bar,"['Positional', 'Comparative']",Single Entity,_layout,0.5–2MP,_building,4538,4108
462.png,How many Suites are shown in the map?,10,['Visual'],Counting,_layout,0.5–2MP,_building,4539,4109
462.png,How many 100-level sections are there?,138,['Visual'],Counting,_layout,0.5–2MP,_building,4540,4110
463.png,Average farm size is least in which part of country ?,East,"['Visual', 'Comparative']",Single Entity,_choropleth,0.1–0.5MP,_country,4543,4111
463.png,Number of states with average farm size of above 2000 acres?,2,"['Visual', 'Positional']",Counting,_choropleth,0.1–0.5MP,_country,4544,4112
463.png,Latitude marked on map below which all the farms lie ?,50,"['Visual', 'Positional']",Single Entity,_choropleth,0.1–0.5MP,_country,4545,4113
463.png,Which year does this map correspond to ?,2019,['Other'],Single Entity,_choropleth,0.1–0.5MP,_country,4546,4114
463.png,how many states have average farm size between 1500 and 2000 ?,3,"['Visual', 'Positional']",Counting,_choropleth,0.1–0.5MP,_country,4547,4115
463.png,highest average of farmsize lie in which state in map?,Wyoming,['Comparative'],Single Entity,_choropleth,0.1–0.5MP,_country,4548,4116
463.png,how many states west of longitude 105W have average below 500 in map ?,5,['Positional'],Counting,_choropleth,0.1–0.5MP,_country,4549,4117
463.png,how many states lie completely between 105W and 120W ?,4,['Positional'],Counting,_choropleth,0.1–0.5MP,_country,4550,4118
463.png,Count states that lie completely South of 40N and West of 105W ?,1,['Positional'],Counting,_choropleth,0.1–0.5MP,_country,4551,4119
463.png,Count the states through which longitude 120W passes in map?,3,['Positional'],Counting,_choropleth,0.1–0.5MP,_country,4552,4120
464.jpeg,How many points of Clinics can you see?,6,['Visual'],Counting,_marker,2–8MP,_region,4553,4121
464.jpeg,Which hospital is closest to Muller Hill State Forest?,Oneida Healthcare,['Comparative'],Single Entity,_marker,2–8MP,_region,4554,4122
464.jpeg,How many red boundaries do I need to cross to reach Oneida Healthcare from the north-east most hospi,2,"['Visual', 'Positional', 'Comparative']",Counting,_marker,2–8MP,_region,4555,4123
464.jpeg,"In terms of healthcare, which province in this map should I send my children to school in?",Marcy,['Other'],Single Entity,_marker,2–8MP,_region,4558,4124
464.jpeg,Which hospital is closest to a water body?,Extreme North East hospital of this map,['Comparative'],Single Entity,_marker,2–8MP,_region,4559,4125
464.jpeg,Which direction from Johnson Center is the closest hospital in?,North East,"['Positional', 'Comparative']",Single Entity,_marker,2–8MP,_region,4560,4126
464.jpeg,"How many hospitals are there in the cluster, in a 5 mile radius to the center of the cluster?",4,['Positional'],Counting,_marker,2–8MP,_region,4561,4127
464.jpeg,"How many clinics are there in the cluster, in a 5 mile radius to the center of the cluster?",5,['Positional'],Counting,_marker,2–8MP,_region,4562,4128
465.jpg,How many things are there to see in New York city?,17,['Visual'],Counting,_mixed,0.5–2MP,_city,4563,4129
465.jpg,Where is 17th thing in this map?,Beside New York City hall,['Positional'],Single Entity,_mixed,0.5–2MP,_city,4564,4130
465.jpg,What is the 5th bike and roll location?,Governors island,['Positional'],Single Entity,_mixed,0.5–2MP,_city,4565,4131
465.jpg,Which colored bike path is near wall street?,Green,"['Visual', 'Positional']",Single Entity,_mixed,0.5–2MP,_city,4566,4132
465.jpg,Which colored bike path is near Grand Central Station?,Blue,"['Visual', 'Positional']",Single Entity,_mixed,0.5–2MP,_city,4567,4133
465.jpg,How many waterfront dinings are there?,6,['Other'],Counting,_mixed,0.5–2MP,_city,4569,4134
465.jpg,Name the bike and roll location near World Trade Centre Globe.,Battery park,['Positional'],Single Entity,_mixed,0.5–2MP,_city,4570,4135
465.jpg,There are 6 water taxi landings pointed on this map. True or false?,True,['Other'],Boolean,_mixed,0.5–2MP,_city,4571,4136
465.jpg,What is the number assigned to the Museum of Jewish Heritage?,6th,['Other'],Single Entity,_mixed,0.5–2MP,_city,4572,4137
466.png,How many all-gender restrooms are present in the stadium?,1,['Other'],Counting,_layout,2–8MP,_building,4573,4138
466.png,Near which gate is the VIP suite located in the stadium?,2,['Positional'],Single Entity,_layout,2–8MP,_building,4574,4139
466.png,Which stores or stalls are limited to only two in the entire stadium?,Merch,['Other'],Single Entity,_layout,2–8MP,_building,4575,4140
466.png,How many food and drink shops are located in the midfield club lounge of the stadium?,5,['Positional'],Counting,_layout,2–8MP,_building,4576,4141
466.png,Which type of gender restroom is the most common in the entire stadium?,Female,['Comparative'],Single Entity,_layout,2–8MP,_building,4577,4142
466.png,How many women’s restrooms are present in the stadium?,5,['Other'],Counting,_layout,2–8MP,_building,4578,4143
466.png,How many men’s restrooms are present in the stadium?,4,['Other'],Counting,_layout,2–8MP,_building,4579,4144
466.png,Near which gate is the elevator located in the stadium?,Gate 2,['Positional'],Single Entity,_layout,2–8MP,_building,4580,4145
466.png,How many first aid locations are there in the entire stadium?,0,['Comparative'],Counting,_layout,2–8MP,_building,4581,4146
466.png,How many accessible seating areas are available in the stadium?,13,['Other'],Counting,_layout,2–8MP,_building,4582,4147
467.jpg,"On the Demers Cartogram, what is the relative position of area 23 compared to area 15",North-west,['Positional'],Single Entity,_multiple,2–8MP,_country,4584,4148
467.jpg,Do the overlapping squares tend to occur more frequently in areas with  larger squares or smaller,Smaller,['Comparative'],Boolean,_multiple,2–8MP,_country,4587,4149
467.jpg,"In the Dorling cluster by 18, 19, 25, 14, and 12. Which one is the south most?",19,"['Positional', 'Comparative']",Single Entity,_multiple,2–8MP,_country,4588,4150
467.jpg,"On the Demers Cartogram, which numbered area lies directly between area 7 and area 10?",5,['Positional'],Single Entity,_multiple,2–8MP,_country,4590,4151
467.jpg,"On the Demers Cartogram, which numbered area occupies the most northeastern position?",23,"['Positional', 'Comparative']",Single Entity,_multiple,2–8MP,_country,4591,4152
467.jpg,"In Dorling Cartogram, which area (5 or 7) appears to have a larger number of neighbours.",5,"['Visual', 'Comparative']",Single Entity,_multiple,2–8MP,_country,4592,4153
468.jpg,"North of Wyoming is predominantly what color, Magenta or Blue?",Blue,"['Visual', 'Positional']",Single Entity,_choropleth,0.5–2MP,_country,4593,4154
468.jpg,"Four main colours are used in this chart. Magenta, yellow, blue and...?",none,['Visual'],Counting,_choropleth,0.5–2MP,_country,4594,4155
468.jpg,Is Maine Dark Blue-ish right?,no,"['Visual', 'Positional']",Boolean,_choropleth,0.5–2MP,_country,4595,4156
468.jpg,Is Hawaii Magenta?,no,['Other'],Boolean,_choropleth,0.5–2MP,_country,4596,4157
468.jpg,What color is Alameda county?,High pink,['Visual'],Single Entity,_choropleth,0.5–2MP,_country,4597,4158
468.jpg,"King County, WA's colors combined to form a color, what is it",black,['Visual'],Single Entity,_choropleth,0.5–2MP,_country,4598,4159
468.jpg,"Is there any individual county where the color order is blue, yellow, magenta?",no,"['Visual', 'Positional']",Boolean,_choropleth,0.5–2MP,_country,4599,4160
468.jpg,(SUCCESS) Name at least 1 predominantly blue state in this map, California,"['Visual', 'Comparative']",Single Entity,_choropleth,0.5–2MP,_country,4600,4161
468.jpg,(SUCCESS) What is the color for the Dominican Republic,none,['Visual'],Single Entity,_choropleth,0.5–2MP,_country,4601,4162
468.jpg,"(SUCCESS) What colour is California closer to, bright or dark colour",Dark,"['Visual', 'Positional']",Single Entity,_choropleth,0.5–2MP,_country,4602,4163
469.webp,Which time zone includes both Madrid and Lisbon?,Western European Time Zone,['Other'],Single Entity,_divisional,0.1–0.5MP,_continent,4603,4164
469.webp,Which country has regions in both Central and Eastern time zones?,Ukraine,['Positional'],Single Entity,_divisional,0.1–0.5MP,_continent,4604,4165
469.webp,How many time zones are visible on this map (not counting overlaps)?,6,['Visual'],Counting,_divisional,0.1–0.5MP,_continent,4605,4166
469.webp,What is the only island nation included in the Azores Time Zone?,Iceland,['Other'],Single Entity,_divisional,0.1–0.5MP,_continent,4606,4167
469.webp,Which capital city lies on the border between Central and Eastern time zones?,Warsaw,['Positional'],Single Entity,_divisional,0.1–0.5MP,_continent,4607,4168
469.webp,Are Italy and Germany in the same time zone?,yes,['Other'],Boolean,_divisional,0.1–0.5MP,_continent,4608,4169
469.webp,Which time zone covers the largest number of countries?,central european time zone,['Comparative'],Single Entity,_divisional,0.1–0.5MP,_continent,4609,4170
469.webp,What time zone does Greece fall under?,Eastern European Time Zone,['Comparative'],Single Entity,_divisional,0.1–0.5MP,_continent,4610,4171
469.webp,Which time zone does Turkey fall under on this map?,Moscow Time Zone,['Comparative'],Single Entity,_divisional,0.1–0.5MP,_continent,4611,4172
469.webp,Which direction does time progress (later hours) across the zones?,west to east,['Positional'],Single Entity,_divisional,0.1–0.5MP,_continent,4612,4173
470.png,how are countries in green color related ?,same colour used for UTC and UTC+5,['Visual'],Counting,_divisional,0.5–2MP,_continent,4613,4174
470.png,number of countries with orange color?,5,['Visual'],Counting,_divisional,0.5–2MP,_continent,4615,4175
470.png,number of countries in red color?,14,['Visual'],Counting,_divisional,0.5–2MP,_continent,4616,4176
470.png,number of countries in purple color?,18,['Visual'],Counting,_divisional,0.5–2MP,_continent,4617,4177
470.png,number of water bodies present in the map?,7,['Other'],Counting,_divisional,0.5–2MP,_continent,4620,4178
470.png,number of lakes present in the map?,21,['Other'],Counting,_divisional,0.5–2MP,_continent,4621,4179
470.png,Which countries colored in purple share a land border with a green colored country?,Belarus,"['Visual', 'Positional']",Single Entity,_divisional,0.5–2MP,_continent,4622,4180
471.jpg,What color is Poland?,Lavender,['Visual'],Single Entity,_divisional,0.1–0.5MP,_continent,4623,4181
471.jpg,What color is Ukraine?,Pink,['Visual'],Single Entity,_divisional,0.1–0.5MP,_continent,4624,4182
471.jpg,what color is romania?,Pink,['Visual'],Single Entity,_divisional,0.1–0.5MP,_continent,4625,4183
471.jpg,what color is greece?,Pink,['Visual'],Single Entity,_divisional,0.1–0.5MP,_continent,4626,4184
471.jpg,What color is sweden?,Lavender,['Visual'],Single Entity,_divisional,0.1–0.5MP,_continent,4627,4185
471.jpg,what color lines split the time zones?,Dark red or Maroon,['Visual'],Single Entity,_divisional,0.1–0.5MP,_continent,4628,4186
471.jpg,what color is armenia?,Light Green or Army Green,['Visual'],Single Entity,_divisional,0.1–0.5MP,_continent,4629,4187
471.jpg,What time zone are the azores islands?,GMT-1,['Other'],Single Entity,_divisional,0.1–0.5MP,_continent,4630,4188
471.jpg,what color is belarus?,Light Orange,['Visual'],Single Entity,_divisional,0.1–0.5MP,_continent,4631,4189
471.jpg,according to the map what gmt is iceland in?,GMT+0,['Other'],Single Entity,_divisional,0.1–0.5MP,_continent,4632,4190
472.png,Which labeled sea appears visually closest to the city label 'Moscow' on this map,Caspian Sea,"['Visual', 'Comparative']",Single Entity,_divisional,0.5–2MP,_continent,4638,4191
472.png,Is the island located directly south of Greece labeled?,Yes,"['Visual', 'Positional']",Boolean,_divisional,0.5–2MP,_continent,4639,4192
472.png,How many countries depicted on this map are located entirely south of Mediterranean Sea,3,['Positional'],Counting,_divisional,0.5–2MP,_continent,4640,4193
472.png,"Is the body of water directly north of ""GERMANY"" given a specific name on the map",No,['Positional'],Boolean,_divisional,0.5–2MP,_continent,4641,4194
472.png,Which labelled city is closest to Austria,Paris,"['Visual', 'Comparative']",Single Entity,_divisional,0.5–2MP,_continent,4642,4195
473.jpg,"Based on the map, which state(s) has the highest population density?",New Jersey,['Comparative'],Single Entity,_choropleth,0.5–2MP,_country,4643,4196
473.jpg,"Based on the map, which eastern state has the highest population density?",New Jersey,"['Positional', 'Comparative']",Single Entity,_choropleth,0.5–2MP,_country,4645,4197
473.jpg,"Based on the map, which state bordering Canada has highest population density?",New York,"['Positional', 'Comparative']",Single Entity,_choropleth,0.5–2MP,_country,4647,4198
473.jpg,"Based on the map, how many state(s) has population between 0-10?",3,['Positional'],Counting,_choropleth,0.5–2MP,_country,4648,4199
473.jpg,"Based on the map, how many state(s) has population between 10-20?",2,['Positional'],Counting,_choropleth,0.5–2MP,_country,4649,4200
473.jpg,"Based on the map, how many state(s) has population between 20-50?",7,['Positional'],Counting,_choropleth,0.5–2MP,_country,4650,4201
473.jpg,"Based on the map, how many state(s) has population of 1000+?",1,['Other'],Counting,_choropleth,0.5–2MP,_country,4651,4202
473.jpg,"Based on the map, how many state(s) on the west coast has population between 200-500?",1,['Positional'],Counting,_choropleth,0.5–2MP,_country,4652,4203
474.png,How many colours do you see in north America?,4,"['Visual', 'Positional']",Counting,_choropleth,0.5–2MP,_world,4653,4204
474.png,How many different color shades are used on the map?,6,['Visual'],Counting,_choropleth,0.5–2MP,_world,4654,4205
474.png,How many countries are shown in the darkest blue shade?,1,"['Visual', 'Comparative']",Counting,_choropleth,0.5–2MP,_world,4655,4206
474.png,What is the number of users in canada?,602,['Other'],Single Entity,_choropleth,0.5–2MP,_world,4656,4207
474.png,Does the whole south america have same range of user?,Yes,['Positional'],Boolean,_choropleth,0.5–2MP,_world,4657,4208
474.png,which has more user india or china?,Both have same,['Comparative'],Single Entity,_choropleth,0.5–2MP,_world,4658,4209
474.png,How many countries in south africa has no colour?,19,"['Visual', 'Positional']",Counting,_choropleth,0.5–2MP,_world,4659,4210
474.png,Does Australia and New Zealand have same colour?,Yes,['Visual'],Boolean,_choropleth,0.5–2MP,_world,4660,4211
474.png,How many countries in South America have no colour?,2,"['Visual', 'Positional']",Counting,_choropleth,0.5–2MP,_world,4661,4212
474.png,What is the date of the image?,2019-04-22,['Other'],Single Entity,_choropleth,0.5–2MP,_world,4662,4213
475.webp,How many lighthouses are present on the map?,7,['Other'],Counting,_network,0.5–2MP,_region,4663,4214
475.webp,How many ferry routes are listed on the map?,8,['Other'],Counting,_network,0.5–2MP,_region,4664,4215
475.webp,Which number represents the largest ferry route on the map?,4,['Comparative'],Single Entity,_network,0.5–2MP,_region,4665,4216
475.webp,How many future ferry routes are shown on the map?,1,['Visual'],Counting,_network,0.5–2MP,_region,4666,4217
475.webp,How many North Carolina aquariums are present on the map?,2,['Positional'],Counting,_network,0.5–2MP,_region,4667,4218
475.webp,Which number represents the future ferry routes on the map?,2,['Other'],Single Entity,_network,0.5–2MP,_region,4668,4219
475.webp,Knotts Island is connected to North Carolina by which route on the map?,2,['Positional'],Single Entity,_network,0.5–2MP,_region,4669,4220
475.webp,Which aquarium is located near the 8th ferry route on the map?,Fort Fisher,['Positional'],Single Entity,_network,0.5–2MP,_region,4670,4221
475.webp,Which state does this map represent?,North Carolina,['Other'],Single Entity,_network,0.5–2MP,_region,4671,4222
475.webp,Which system's routes are displayed on this map?,North Carolina Ferry System routes,['Visual'],Single Entity,_network,0.5–2MP,_region,4672,4223
476.jpg,How many cruise ship locations are marked on this map?,12,['Visual'],Counting,_network,0.1–0.5MP,_country,4673,4224
476.jpg,Which marked port lies closest to Washington D.C.?,New york,"['Visual', 'Positional', 'Comparative']",Single Entity,_network,0.1–0.5MP,_country,4674,4225
476.jpg,how many ports do you see near the bahamas?,7,"['Visual', 'Positional']",Counting,_network,0.1–0.5MP,_country,4675,4226
476.jpg,How many cruise port icons are located directly along the east coast of the continental U.S.?,3,['Positional'],Counting,_network,0.1–0.5MP,_country,4676,4227
476.jpg,Are more cruise ports located north or south of Cuba?,south,"['Positional', 'Comparative']",Boolean,_network,0.1–0.5MP,_country,4677,4228
476.jpg,How many total marked cruise ports are entirely within island nations?,4,"['Visual', 'Positional']",Counting,_network,0.1–0.5MP,_country,4678,4229
476.jpg,How many ports are clustered within a 1-inch radius on the map near bahamas?,5,['Positional'],Counting,_network,0.1–0.5MP,_country,4679,4230
477.jpg,What is the state Fragility  index of india?,Moderate or 8-11,['Other'],Single Entity,_choropleth,0.1–0.5MP,_world,4682,4231
477.jpg,What is the state Fragility  index of chile?,Little or No or 0-3,['Other'],Single Entity,_choropleth,0.1–0.5MP,_world,4683,4232
477.jpg,Which countries in North America have the lowest State Fragility index?,Canada,"['Positional', 'Comparative']",Single Entity,_choropleth,0.1–0.5MP,_world,4686,4233
477.jpg,How many countries have no data reported?,Greenland,['Other'],Counting,_choropleth,0.1–0.5MP,_world,4688,4234
477.jpg,What is the State Fragility Index of Laos?,Serious or 12-15,['Other'],Single Entity,_choropleth,0.1–0.5MP,_world,4689,4235
477.jpg,What is the State Fragility Index of the Republic of Congo?,Serious or 12-15,['Other'],Single Entity,_choropleth,0.1–0.5MP,_world,4690,4236
477.jpg,What is the State Fragility Index of the Gambia?,Serious or 12-15,['Other'],Single Entity,_choropleth,0.1–0.5MP,_world,4691,4237
478.gif,What do the purple dotted lines indicate in the map above.,US - Canada Border,"['Visual', 'Positional']",Single Entity,_network,0.5–2MP,_city,4692,4238
478.gif,"Name the area that starts with ""Mount"" that is furthest to the left.",Mount Vernon,"['Positional', 'Comparative']",Single Entity,_network,0.5–2MP,_city,4693,4239
478.gif,What do the thick red dotted lines represent on the map above.,British Columbia Ferries,"['Visual', 'Positional']",Single Entity,_network,0.5–2MP,_city,4694,4240
478.gif,What do the thin red dotted lines represent on the map above.,Private Ferry - Passenger Only,"['Visual', 'Positional']",Single Entity,_network,0.5–2MP,_city,4695,4241
478.gif,Name a word on the map above that rhymes with Bill May,Mill Bay,['Positional'],Single Entity,_network,0.5–2MP,_city,4697,4242
478.gif,What's to the left of Parksville on the map above.,Port Alberni,['Positional'],Single Entity,_network,0.5–2MP,_city,4698,4243
478.gif,Name something on the map above that has the word rock in it.,White Rock,['Positional'],Single Entity,_network,0.5–2MP,_city,4699,4244
478.gif,"Name something on the map above that has the word ""hunting"" in it.",Huntingdon,['Positional'],Single Entity,_network,0.5–2MP,_city,4700,4245
478.gif,I'm in the US. I crossed the US - Canada border 1232131231231 times. Which country am I in?,Canada,['Positional'],Single Entity,_network,0.5–2MP,_city,4701,4246
479.png,Which island is connected to Cape Hatteras by ferry?,Ocracoke,['Positional'],Single Entity,_network,2–8MP,_state,4702,4247
479.png,Which lighthouse is furthest north on the map?,Currituck,"['Positional', 'Comparative']",Single Entity,_network,2–8MP,_state,4703,4248
479.png,Which beach is directly west of Cedar Island?,Minnesott,['Positional'],Single Entity,_network,2–8MP,_state,4704,4249
479.png,Which ferry connects to Fort Fisher?,Southport,['Positional'],Single Entity,_network,2–8MP,_state,4705,4250
479.png,Which village is directly connected to Ocracoke by ferry from the west?,Cedar,['Positional'],Single Entity,_network,2–8MP,_state,4706,4251
479.png,Which lighthouse is closest to Bald Head?,Oak,['Comparative'],Single Entity,_network,2–8MP,_state,4707,4252
479.png,Which island lies between Swan Quarter and Cape Lookout?,Ocracoke,['Positional'],Single Entity,_network,2–8MP,_state,4708,4253
479.png,Which town is west of Bayview?,Aurora,['Positional'],Single Entity,_network,2–8MP,_state,4709,4254
479.png,Which location is not directly on the coast?,Aurora,['Positional'],Single Entity,_network,2–8MP,_state,4710,4255
479.png,Which lighthouse is south of Cherry Branch?,Cape Lookout,['Positional'],Single Entity,_network,2–8MP,_state,4711,4256
480.jpg,Which continent is shown as High income in the map?,Australia,"['Visual', 'Comparative']",Single Entity,_choropleth,0.1–0.5MP,_world,4712,4257
480.jpg,What is the trend of income from west to east across the majority of the map?,income decreasing,['Positional'],Single Entity,_choropleth,0.1–0.5MP,_world,4713,4258
480.jpg,Which continent is shown as lowest income?,Africa,"['Visual', 'Comparative']",Single Entity,_choropleth,0.1–0.5MP,_world,4714,4259
480.jpg,India is in which category?,Lower middle income category,['Other'],Single Entity,_choropleth,0.1–0.5MP,_world,4715,4260
480.jpg,Which category is North America in this image?,High income: OECD and upper middle income,['Positional'],Single Entity,_choropleth,0.1–0.5MP,_world,4716,4261
480.jpg,Are Russia and China in the same category?,Yes,['Other'],Boolean,_choropleth,0.1–0.5MP,_world,4717,4262
480.jpg,What is the most prevalent color in the Europe continent?,High income: OECD and Upper middle income,"['Visual', 'Comparative']",Single Entity,_choropleth,0.1–0.5MP,_world,4718,4263
480.jpg,Is there any high-income country in the map with high income in South America?,High income: OECD,"['Positional', 'Comparative']",Boolean,_choropleth,0.1–0.5MP,_world,4719,4264
480.jpg,What is the income trend in Asia?,decrease while moving from north to south,['Other'],Single Entity,_choropleth,0.1–0.5MP,_world,4720,4265
480.jpg,What color represents the Upper middle income group on the map?,teal,"['Visual', 'Positional']",Single Entity,_choropleth,0.1–0.5MP,_world,4721,4266
481.jpg,Which blue state is literally chilling in the middle of the country?,Nebraska,"['Visual', 'Positional']",Single Entity,_choropleth,0.5–2MP,_country,4722,4267
481.jpg,Which coastal state has a cooler average than most of the Midwest?,Oregon,['Comparative'],Single Entity,_choropleth,0.5–2MP,_country,4723,4268
481.jpg,"On this map, is New York cooler or warmer than Colorado?",Cooler,['Other'],Boolean,_choropleth,0.5–2MP,_country,4724,4269
481.jpg,What’s the most northern blue state west of the Mississippi?,North Dakota,"['Visual', 'Positional', 'Comparative']",Single Entity,_choropleth,0.5–2MP,_country,4725,4270
481.jpg,How many states in the blue green range (between 22–24°C) are south of Iowa?,4–5,"['Visual', 'Positional']",Counting,_choropleth,0.5–2MP,_country,4726,4271
481.jpg,Which non coastal state is a solid teal/blue green color?,Kentucky,['Visual'],Single Entity,_choropleth,0.5–2MP,_country,4727,4272
481.jpg,Are any deep South states fully in blue?,no,"['Visual', 'Positional']",Boolean,_choropleth,0.5–2MP,_country,4728,4273
481.jpg,Which part of the country has the most visually consistent blue tone?,Upper Midwest,"['Visual', 'Comparative']",Single Entity,_choropleth,0.5–2MP,_country,4729,4274
482.jpg,how many sections are lavender?,4,['Visual'],Counting,_layout,2–8MP,_building,4731,4275
482.jpg,how many sections are cyan colored?,6,['Visual'],Counting,_layout,2–8MP,_building,4732,4276
482.jpg,how many sections are orange?,6,['Visual'],Counting,_layout,2–8MP,_building,4733,4277
482.jpg,how many sections are part of the regions bank club?,5,['Visual'],Counting,_layout,2–8MP,_building,4734,4278
482.jpg,how many dark blue sections are present?,4,['Visual'],Counting,_layout,2–8MP,_building,4735,4279
482.jpg,what team is mentioned on the other side of the visitors section?,Sugar Land Space Cowboys,"['Visual', 'Positional']",Single Entity,_layout,2–8MP,_building,4736,4280
482.jpg,how many luxury suites are there?,21,['Other'],Counting,_layout,2–8MP,_building,4737,4281
482.jpg,how many times in the photo does a bud light logo show up?,1,['Visual'],Counting,_layout,2–8MP,_building,4738,4282
482.jpg,what company is part of the cantina section?,Karbach Brewing Company,['Visual'],Single Entity,_layout,2–8MP,_building,4739,4283
482.jpg,how many times does the H-E-B logo show up in the image?,2,['Other'],Counting,_layout,2–8MP,_building,4740,4284
483.png,"On this map, which state looks largest: Rajasthan, Maharashtra or Uttar Pradesh?",Rajasthan,['Comparative'],Single Entity,_cartogram,0.1–0.5MP,_country,4741,4285
483.png,"Which of the five labeled cities has the lowest population density Delhi, Mumbai, Kolkata, Hyderabad",Delhi,"['Visual', 'Comparative']",Single Entity,_cartogram,0.1–0.5MP,_country,4742,4286
483.png,Which is bigger Kolkata or Delhi?,Delhi,['Comparative'],Single Entity,_cartogram,0.1–0.5MP,_country,4743,4287
483.png,Compare the size of Gujarat and Punjab on this map. Which border with Pakistan appears less populate,Gujarat,"['Visual', 'Positional', 'Comparative']",Single Entity,_cartogram,0.1–0.5MP,_country,4744,4288
483.png,Is Rajasthan more Dense or Goa?,Goa,['Comparative'],Boolean,_cartogram,0.1–0.5MP,_country,4745,4289
483.png,Which labeled city sits closest to the Thar Desert according to this map?,Delhi,"['Visual', 'Comparative']",Single Entity,_cartogram,0.1–0.5MP,_country,4746,4290
483.png,Which region of Northeast India is shown as most populous on this Map?,Assam,"['Visual', 'Positional', 'Comparative']",Single Entity,_cartogram,0.1–0.5MP,_country,4747,4291
483.png,"Which of the 2 states is more dense, assam or sikkim?",Sikkim,['Comparative'],Single Entity,_cartogram,0.1–0.5MP,_country,4748,4292
483.png,How many island regions does india have,2,['Other'],Counting,_cartogram,0.1–0.5MP,_country,4749,4293
483.png,Which is the most populated city from the map?,Delhi or Mumbai,['Comparative'],Single Entity,_cartogram,0.1–0.5MP,_country,4750,4294
484.png,Which western state is blue but surrounded by a sea of red?,New Mexico,"['Visual', 'Positional']",Single Entity,_choropleth,0.5–2MP,_country,4751,4295
484.png,Which color shows up in every mainland US time zone?,Red,['Visual'],Single Entity,_choropleth,0.5–2MP,_country,4752,4296
484.png,Name a state that borders exactly three blue states.,Pennsylvania,"['Visual', 'Positional']",Single Entity,_choropleth,0.5–2MP,_country,4753,4297
484.png,Is Alaska red or blue here?,Red,['Visual'],Boolean,_choropleth,0.5–2MP,_country,4755,4298
484.png,Which district in Nebraska is not the same color as the rest?,NE2,['Visual'],Single Entity,_choropleth,0.5–2MP,_country,4756,4299
484.png,What’s the only red state that touches Mexico and is fully landlocked?,Arizona,"['Visual', 'Positional']",Single Entity,_choropleth,0.5–2MP,_country,4757,4300
484.png,"Which northeastern state is a political lone wolf, red surrounded by blue?",Pennsylvania,"['Visual', 'Positional']",Single Entity,_choropleth,0.5–2MP,_country,4759,4301
484.png,How many states on this map are entirely colored blue (not split)?,20,['Visual'],Counting,_choropleth,0.5–2MP,_country,4760,4302
485.jpg,what labelled structure is 55 next to?,Place de La Republique,['Visual'],Single Entity,_mixed,2–8MP,_city,4761,4303
485.jpg,what cafe is next to 57?,Hard Rock Cafe,['Other'],Single Entity,_mixed,2–8MP,_city,4762,4304
485.jpg,what structure is 38 next to?,Thermes De Cluny,['Other'],Single Entity,_mixed,2–8MP,_city,4763,4305
485.jpg,what structure is 35 next to?,Tour Montparnasse,['Other'],Single Entity,_mixed,2–8MP,_city,4764,4306
485.jpg,what structure is 15 next to?,Tour Eiffel,['Other'],Single Entity,_mixed,2–8MP,_city,4765,4307
485.jpg,what structure is 70 next to?,St-Nicholas Du Chardonnet,['Other'],Single Entity,_mixed,2–8MP,_city,4766,4308
485.jpg,what place is at 77?,place de la bastille,['Other'],Single Entity,_mixed,2–8MP,_city,4767,4309
485.jpg,what color is the route that gets you to 32?,Orange,['Visual'],Single Entity,_mixed,2–8MP,_city,4768,4310
485.jpg,what labelled structure is 53 next to?,Gare du Nord,['Visual'],Single Entity,_mixed,2–8MP,_city,4769,4311
485.jpg,what arc does the green path loop around?,Arc de Triomphe,['Visual'],Single Entity,_mixed,2–8MP,_city,4770,4312
486.png,Can you go from women's center 1st floor to the Medical Plaza 1st floor without exiting building?,Yes,['Positional'],Boolean,_layout,>8MP,_campus,4774,4313
486.png,what structure is right outside main entrance 1?,fountain,['Positional'],Single Entity,_layout,>8MP,_campus,4775,4314
486.png,what is the first thing you encounter after entering through main entrance 1?,East Lobby,"['Positional', 'Comparative']",Single Entity,_layout,>8MP,_campus,4776,4315
486.png,how many labelled areas are in the hospital?,34,['Visual'],Counting,_layout,>8MP,_campus,4777,4316
486.png,what is labelled as 26 on the map?,SSOU,['Visual'],Single Entity,_layout,>8MP,_campus,4778,4317
486.png,what is labelled as 4 on the hospital 1st floor map?,Emergency Department Overflow,['Visual'],Single Entity,_layout,>8MP,_campus,4779,4318
486.png,what floor of what building is under renovation?,2nd floor of the Patient Tower,['Comparative'],Single Entity,_layout,>8MP,_campus,4780,4319
487.jpg,number of states in color green ?,4,['Visual'],Counting,_divisional,2–8MP,_country,4781,4320
487.jpg,number of states in following mountain time ?,7,['Other'],Counting,_divisional,2–8MP,_country,4782,4321
487.jpg,total number of timezones in this map,6,['Other'],Counting,_divisional,2–8MP,_country,4783,4322
487.jpg,number of states with pacific and central and mountain timezone altogether separately?,26,['Other'],Counting,_divisional,2–8MP,_country,4784,4323
487.jpg,number of states with two timezones ( pacific and mountain)?,2,['Other'],Counting,_divisional,2–8MP,_country,4785,4324
487.jpg,number of states with two timezones ( central and mountain)?,3,['Other'],Counting,_divisional,2–8MP,_country,4786,4325
487.jpg,what percentage of texas state follow mountain timezone ?,no data,['Other'],Single Entity,_divisional,2–8MP,_country,4787,4326
487.jpg,what percentage of tennessee state follow eastern timezone ?,no data,['Positional'],Single Entity,_divisional,2–8MP,_country,4788,4327
487.jpg,total unique colors in the map?,6,['Visual'],Counting,_divisional,2–8MP,_country,4789,4328
487.jpg,what percentage of Kansas state follow mountain timezone ?,no data,['Other'],Single Entity,_divisional,2–8MP,_country,4790,4329
488.png,what color is the path that sultan-ahmet is on?,Dark Blue,['Visual'],Single Entity,_network,>8MP,_city,4791,4330
488.png,what color is the path that Mahmutbey is on?,blue,['Visual'],Single Entity,_network,>8MP,_city,4792,4331
488.png,What color is m6 line?,Beige,['Visual'],Single Entity,_network,>8MP,_city,4793,4332
488.png,what does the path that Hasdal is on look like?,Purple dashed line,['Visual'],Single Entity,_network,>8MP,_city,4794,4333
488.png,what color is M7?,Light Pink,['Visual'],Single Entity,_network,>8MP,_city,4795,4334
488.png,can you directly get from Gunestepe to sultan-ahmet?,Yes,['Other'],Boolean,_network,>8MP,_city,4796,4335
488.png,what color is the path that Yenibosna is on?,Red,['Visual'],Single Entity,_network,>8MP,_city,4797,4336
488.png,what color is the path that Florya is on?,Yellow,['Visual'],Single Entity,_network,>8MP,_city,4798,4337
488.png,what color is the path that Kartal is on?,Pink,['Visual'],Single Entity,_network,>8MP,_city,4799,4338
488.png,what color is the path that Cebeci is on?,Orange,['Visual'],Single Entity,_network,>8MP,_city,4800,4339
489.jpg,Which color garage is located directly east of the Diagnostic Treatment Center?,yellow ,"['Visual', 'Positional']",Single Entity,_layout,2–8MP,_campus,4801,4340
489.jpg,What is the closest hospital wing to the ACC Building?,emergency care center,['Comparative'],Single Entity,_layout,2–8MP,_campus,4802,4341
489.jpg,"How many buildings are labeled with ""Institute"" in their names?",3,['Visual'],Counting,_layout,2–8MP,_campus,4803,4342
489.jpg,Which garage is closest to the Lois Pope LIFE Center?,green or P6,"['Positional', 'Comparative']",Single Entity,_layout,2–8MP,_campus,4804,4343
489.jpg,Which ChipCoin station is nearest to the Park Plaza East garage?,C,"['Positional', 'Comparative']",Single Entity,_layout,2–8MP,_campus,4805,4344
489.jpg,What is directly north of the Sylvester Comprehensive Cancer Center?,hope lodge,['Positional'],Single Entity,_layout,2–8MP,_campus,4806,4345
489.jpg,Which research building is located closest to the Batchelor Building?,gautier building,"['Positional', 'Comparative']",Single Entity,_layout,2–8MP,_campus,4807,4346
489.jpg,Which parking area is closest to the Jackson Medical Towers?,orange or P5,['Comparative'],Single Entity,_layout,2–8MP,_campus,4808,4347
489.jpg,Name the building situated between the Rehabilitation Hospital and the South Wing.,alamo,['Positional'],Single Entity,_layout,2–8MP,_campus,4809,4348
489.jpg,Which direction would you walk from the Debbie School to reach the McKnight Building?,northeast,['Positional'],Single Entity,_layout,2–8MP,_campus,4810,4349
490.png,Which color represents countries that have taken no action?,Red,['Visual'],Single Entity,_choropleth,0.1–0.5MP,_world,4811,4350
490.png,Which region has the most countries shown in blue (state party)?,Europe,"['Visual', 'Comparative']",Single Entity,_choropleth,0.1–0.5MP,_world,4812,4351
490.png,Is the United States a party to the convention?,No,['Other'],Boolean,_choropleth,0.1–0.5MP,_world,4813,4352
490.png,What is the status of Brazil regarding the convention?,No action,['Other'],Single Entity,_choropleth,0.1–0.5MP,_world,4814,4353
490.png,Which continent has the highest number of yellow-colored countries (signatory states)?,Africa,['Comparative'],Single Entity,_choropleth,0.1–0.5MP,_world,4815,4354
490.png,What is the ratification status of China?,No action,['Other'],Single Entity,_choropleth,0.1–0.5MP,_world,4816,4355
490.png,Is Australia a state party to the convention?,Yes,['Other'],Boolean,_choropleth,0.1–0.5MP,_world,4817,4356
490.png,What is the status of India on the map?,No action,['Other'],Single Entity,_choropleth,0.1–0.5MP,_world,4818,4357
490.png,"Are most countries in Southeast Asia shown as blue, red, or yellow?",Yellow,"['Visual', 'Positional', 'Comparative']",Boolean,_choropleth,0.1–0.5MP,_world,4819,4358
490.png,What is the color representing countries that are “state parties”?,Blue,['Visual'],Single Entity,_choropleth,0.1–0.5MP,_world,4820,4359
491.jpg,"On the map, does up indicate North, South, East or West?",East,['Positional'],Boolean,_layout,0.1–0.5MP,_building,4821,4360
491.jpg,"On the map, does left indicate North, South, East or West?",North,['Positional'],Boolean,_layout,0.1–0.5MP,_building,4822,4361
491.jpg,"On the map, does right indicate North, South, East or West?",South,['Positional'],Boolean,_layout,0.1–0.5MP,_building,4823,4362
491.jpg,"On the map, does down indicate North, South, East or West?",West,['Positional'],Boolean,_layout,0.1–0.5MP,_building,4824,4363
491.jpg,What is West of cafe & vending?,Women's Clinic,['Positional'],Single Entity,_layout,0.1–0.5MP,_building,4825,4364
491.jpg,What is North of Lab?,Pharmacy,['Positional'],Single Entity,_layout,0.1–0.5MP,_building,4826,4365
491.jpg,What is South of Lab?,EKG,['Positional'],Single Entity,_layout,0.1–0.5MP,_building,4827,4366
491.jpg,What color are the stairs?,Brown,['Visual'],Single Entity,_layout,0.1–0.5MP,_building,4828,4367
491.jpg,What color is nuclear medicine?,Yellow,['Visual'],Single Entity,_layout,0.1–0.5MP,_building,4829,4368
491.jpg,What color is the ER?,Green,['Visual'],Single Entity,_layout,0.1–0.5MP,_building,4830,4369
492.png,How many major crosswalks are marked on this map?,4,['Visual'],Counting,_network,>8MP,_neighborhood,4831,4370
492.png,Juniper elementary is closest to which street on the given map,NE 12th St,['Comparative'],Single Entity,_network,>8MP,_neighborhood,4832,4371
492.png,Which intersection has a crosswalk and is also shown with a photo on the map?,NE Norton Ave & NE 8th St,"['Visual', 'Positional']",Single Entity,_network,>8MP,_neighborhood,4833,4372
492.png,Which labeled location is furthest south on the map?,NE 12th St & Franklin Ave,"['Visual', 'Positional', 'Comparative']",Single Entity,_network,>8MP,_neighborhood,4834,4373
492.png,What color is used to show the suggested walking/biking routes?,pink,['Visual'],Single Entity,_network,>8MP,_neighborhood,4835,4374
492.png,How many different parks are labeled on the map?,3,['Visual'],Counting,_network,>8MP,_neighborhood,4836,4375
492.png,Which direction is Hollinshead Park from Juniper Elementary?,North,['Positional'],Single Entity,_network,>8MP,_neighborhood,4837,4376
492.png,How many parks on the map are connected to suggested walking or biking routes?,3,['Positional'],Counting,_network,>8MP,_neighborhood,4838,4377
492.png,Which road marks the southernmost boundary of the pink walking/biking route loop?,NE Franklin Ave,"['Visual', 'Positional']",Single Entity,_network,>8MP,_neighborhood,4839,4378
492.png,Which image on the map shows a road with no sidewalk?,NE 18th St and NE Butler Market Rd,['Other'],Single Entity,_network,>8MP,_neighborhood,4840,4379
493.jpg,How many stops does it take to get from Juanacatian to Centro Medico?,4,['Other'],Counting,_network,0.5–2MP,_city,4841,4380
493.jpg,Which station connects Auditorio's line to Insurgentes Sur?,Mizcoac,['Positional'],Single Entity,_network,0.5–2MP,_city,4842,4381
493.jpg,What line number is the dark green line?,8,['Visual'],Single Entity,_network,0.5–2MP,_city,4843,4382
493.jpg,What line number is the purple line?,A,['Visual'],Single Entity,_network,0.5–2MP,_city,4844,4383
493.jpg,How many stations away is Olimpica to Consulado?,12,['Other'],Counting,_network,0.5–2MP,_city,4845,4384
493.jpg,Which line number should a person take to get from Polanco to Viveros?,12,['Other'],Single Entity,_network,0.5–2MP,_city,4846,4385
493.jpg,Which station connects the green line with the bright yellow line?,No station,"['Visual', 'Positional']",Single Entity,_network,0.5–2MP,_city,4847,4386
493.jpg,Which station connects the orange line with the dark brown line?,Tacubaya,"['Visual', 'Positional']",Single Entity,_network,0.5–2MP,_city,4848,4387
493.jpg,How many connecting stations are there?,28,['Other'],Counting,_network,0.5–2MP,_city,4849,4388
493.jpg,How many connecting stations are on line 1?,7,['Other'],Counting,_network,0.5–2MP,_city,4850,4389
494.jpg,How many stairs are there in the north side?,30,['Positional'],Counting,_layout,2–8MP,_building,4851,4390
494.jpg,Which area has most seats?,East,['Comparative'],Single Entity,_layout,2–8MP,_building,4852,4391
494.jpg,Which zone can occupy most seats,Between 9 and 11,['Comparative'],Single Entity,_layout,2–8MP,_building,4853,4392
494.jpg,Which level section is directly opposite (across the field from) section 503,H,"['Visual', 'Positional']",Single Entity,_layout,2–8MP,_building,4855,4393
494.jpg,Which section number occupies the northwest corner of the stadium,A or 2,"['Visual', 'Positional']",Single Entity,_layout,2–8MP,_building,4856,4394
494.jpg,which seating is closest to number 40 on field,12,['Comparative'],Single Entity,_layout,2–8MP,_building,4857,4395
494.jpg,How many colors are in this image?,4,['Visual'],Counting,_layout,2–8MP,_building,4858,4396
494.jpg,Which seating area has closest ease to the north exit?,A or J,"['Positional', 'Comparative']",Single Entity,_layout,2–8MP,_building,4859,4397
494.jpg,Is there any missing sections sequencially?,I,['Visual'],Boolean,_layout,2–8MP,_building,4860,4398
495.jpg,what uptown attraction is located on 82nd street?,Children's Museum of Manhattan,['Positional'],Single Entity,_multiple,2–8MP,_city,4861,4399
495.jpg,Which of the bridges in downtown is labelled?,Brooklyn Bridge,['Visual'],Single Entity,_multiple,2–8MP,_city,4862,4400
495.jpg,how many labelled attractions are in central park?,5,['Visual'],Counting,_multiple,2–8MP,_city,4863,4401
495.jpg,what attraction is right next to times square?,Top of The Rock,['Positional'],Single Entity,_multiple,2–8MP,_city,4864,4402
495.jpg,what park is right next to 4th street?,Washington State Park,['Positional'],Single Entity,_multiple,2–8MP,_city,4865,4403
495.jpg,what number is the chrysler building on the map?,23,['Other'],Single Entity,_multiple,2–8MP,_city,4866,4404
495.jpg,what number is the new york skyride?,19,['Other'],Single Entity,_multiple,2–8MP,_city,4867,4405
495.jpg,What number is the Reuben-Museum of Art?,13,['Other'],Single Entity,_multiple,2–8MP,_city,4868,4406
495.jpg,what is labelled as 1 on the downtown map?,Center for Jewish History,['Visual'],Single Entity,_multiple,2–8MP,_city,4870,4407
496.jpg,"USA to Brazil to Egypt, what icon is between Golden Gate Bridge and The Pyramids of Egypt",Christ the Redeemer,['Positional'],Single Entity,_marker,0.5–2MP,_world,4871,4408
496.jpg,"How many individual icons are there in North America, stop at the Green Crocodile?",14,"['Visual', 'Positional']",Counting,_marker,0.5–2MP,_world,4872,4409
496.jpg,"Look at the dotted arrow in Sydney Harbour, what does it lead to?",China or golden buddha statue or great wall of china or Forbidden City,['Visual'],Single Entity,_marker,0.5–2MP,_world,4873,4410
496.jpg,How many plane icons are there?,5,['Other'],Counting,_marker,0.5–2MP,_world,4874,4411
496.jpg,How many animals are next to the statue of liberty,3,['Other'],Counting,_marker,0.5–2MP,_world,4875,4412
496.jpg,What icon is being used to represent Saudi Arabia?,Camel,['Visual'],Single Entity,_marker,0.5–2MP,_world,4876,4413
496.jpg,What is the hexcode representing the vast oceans in this map?,#b6dccf,['Other'],Single Entity,_marker,0.5–2MP,_world,4877,4414
496.jpg,Is there a watermark in this image?,Yes,['Other'],Boolean,_marker,0.5–2MP,_world,4879,4415
496.jpg,What icon is being used to represent the United Arab Emirates?,Burj Al Arab,['Visual'],Single Entity,_marker,0.5–2MP,_world,4880,4416
497.jpg,How many distinct airplane icons are shown actively flying on the map?,1,['Visual'],Counting,_marker,0.5–2MP,_city,4881,4417
497.jpg,"According to the ""ATTRACTIONS"" legend, what specific place corresponds to number 5?",La Brea Tar Pits & Museum,['Visual'],Single Entity,_marker,0.5–2MP,_city,4882,4418
497.jpg,"Based on the placement of the numbered pink icons, which hotel number is located furthest north?",11,"['Visual', 'Positional', 'Comparative']",Single Entity,_marker,0.5–2MP,_city,4883,4419
497.jpg,Exactly how many pink shopping bag icons are placed on the map,5,['Visual'],Counting,_marker,0.5–2MP,_city,4884,4420
497.jpg,"In the ""SHOPPING"" section of the legend, which number corresponds to the Beverly Center?",3,"['Visual', 'Positional']",Single Entity,_marker,0.5–2MP,_city,4885,4421
497.jpg,"Excluding the title how many times is the text ""Los Angeles"" on the map",12,['Other'],Counting,_marker,0.5–2MP,_city,4886,4422
497.jpg,How many tree symbols are there on the map How many tree symbols are there on the map,12,['Other'],Counting,_marker,0.5–2MP,_city,4887,4423
497.jpg,"Which attraction number is the ""Malibu Wines and Safaris""",8,['Other'],Single Entity,_marker,0.5–2MP,_city,4888,4424
497.jpg,how many distinct boat/ship illustrations are shown in the water,2,['Visual'],Counting,_marker,0.5–2MP,_city,4889,4425
497.jpg,What is the name of the dining location listed in the legend,Rusty's Surf Ranch,['Positional'],Single Entity,_marker,0.5–2MP,_city,4890,4426
498.jpg,how many routes are there mentioned?,17,['Other'],Counting,_network,0.5–2MP,_city,4891,4427
498.jpg,which route goes to cumberland?,14,['Other'],Single Entity,_network,0.5–2MP,_city,4892,4428
498.jpg,"which routes dont go to downtown lansing , based on this image",6,['Other'],Single Entity,_network,0.5–2MP,_city,4893,4429
498.jpg,what is nearby to route 6 ?,gardner and kendon.,['Other'],Single Entity,_network,0.5–2MP,_city,4894,4430
498.jpg,is Multimodal Gateway inside the lansing school district boundary or outside ?,No,['Positional'],Boolean,_network,0.5–2MP,_city,4896,4431
498.jpg,which line encloses Gier park ?,10 or green,['Other'],Single Entity,_network,0.5–2MP,_city,4897,4432
498.jpg,does Forest view and north have access to any common route?,yes,['Positional'],Boolean,_network,0.5–2MP,_city,4898,4433
498.jpg,which line goes out to cidar?,8,['Other'],Single Entity,_network,0.5–2MP,_city,4899,4434
498.jpg,"Do route 16,13 and 15 converge at any location?",Yes,['Positional'],Boolean,_network,0.5–2MP,_city,4900,4435
499.jpg,Which marker represent Guggenheim Museum in the map?,X,['Other'],Single Entity,_mixed,2–8MP,_city,4901,4436
499.jpg,Which marker represent Guggenheim Museum in the map?,K,['Other'],Single Entity,_mixed,2–8MP,_city,4902,4437
499.jpg,Which marker represent Central Park in the map?,V,['Other'],Single Entity,_mixed,2–8MP,_city,4903,4438
499.jpg,How many orange lines are crossing the river in the map?,8,['Visual'],Counting,_mixed,2–8MP,_city,4904,4439
499.jpg,How many yellow lines are crossing the river in the map?,1,['Visual'],Counting,_mixed,2–8MP,_city,4905,4440
499.jpg,How many places does the map recommend to visit?,26,['Other'],Counting,_mixed,2–8MP,_city,4906,4441
499.jpg,Which direction does the United Nations Headquarters located in the map?,East,['Positional'],Single Entity,_mixed,2–8MP,_city,4907,4442
499.jpg,Which direction does the Central Park located in the map?,North-east,['Positional'],Single Entity,_mixed,2–8MP,_city,4908,4443
499.jpg,Which direction does the Battery Park located in the map?,South-west,['Positional'],Single Entity,_mixed,2–8MP,_city,4909,4444
500.jpg,"Based on the map, Which central state(s) has the lowest number of male population?",Missouri,['Comparative'],Single Entity,_choropleth,0.1–0.5MP,_country,4914,4445
500.jpg,"Based on the map, Which state(s) has the least number of males compared to other western state(s)?",Oregon,"['Positional', 'Comparative']",Single Entity,_choropleth,0.1–0.5MP,_country,4918,4446
501.jpg,Which entrance is closest to the Emergency Department?,north or 4,['Comparative'],Single Entity,_layout,0.5–2MP,_campus,4920,4447
501.jpg,Which numbered location is nearest to West Cowles Street?,4 or north,"['Positional', 'Comparative']",Single Entity,_layout,0.5–2MP,_campus,4921,4448
501.jpg,What number is assigned to the Main Entrance?,1,['Other'],Single Entity,_layout,0.5–2MP,_campus,4922,4449
501.jpg,Which facility is located directly west of Fairbanks Imaging & Breast Center?,William H. Doolittle Medical Building or 7,['Positional'],Single Entity,_layout,0.5–2MP,_campus,4923,4450
501.jpg,What numbered location is just south of the Main Entrance?,5,['Positional'],Single Entity,_layout,0.5–2MP,_campus,4924,4451
501.jpg,Which center is positioned west of the hospital’s Main Entrance?,denali center,['Positional'],Single Entity,_layout,0.5–2MP,_campus,4926,4452
501.jpg,Which building is furthest south on the map?,fairbanks imaging & breast center or 6,"['Positional', 'Comparative']",Single Entity,_layout,0.5–2MP,_campus,4927,4453
501.jpg,Which numbered location connects most directly to 19th Avenue?,2 (emergency department),"['Positional', 'Comparative']",Single Entity,_layout,0.5–2MP,_campus,4928,4454
501.jpg,Which entrance (numbered) is between the Main and Imaging Center entrances?,5,['Positional'],Single Entity,_layout,0.5–2MP,_campus,4929,4455
502.png,1 .Which income category is represented by the color purple on the map?,High income-OECD,['Visual'],Single Entity,_choropleth,0.5–2MP,_world,4930,4456
502.png,2. What is the income category of most countries in Africa?,Low-Middle Income,['Comparative'],Single Entity,_choropleth,0.5–2MP,_world,4931,4457
502.png,3. What is the income category of Australia?,High income-OECD,['Other'],Single Entity,_choropleth,0.5–2MP,_world,4932,4458
502.png,4. Which continent shows the most diversity of income categories?,Asia,['Comparative'],Single Entity,_choropleth,0.5–2MP,_world,4933,4459
502.png,5. Which income category appears in both the eastern most and western most parts of the map?,High and upper middle,"['Visual', 'Positional', 'Comparative']",Single Entity,_choropleth,0.5–2MP,_world,4934,4460
502.png,6. How many High income-OECD are there in America?,3,['Comparative'],Counting,_choropleth,0.5–2MP,_world,4935,4461
502.png,7. What is the income category of the largest country on the map?,upper middle,['Comparative'],Single Entity,_choropleth,0.5–2MP,_world,4936,4462
502.png,8.  What income category is assigned to the island nations in the Caribbean?,Upper middle income,['Other'],Single Entity,_choropleth,0.5–2MP,_world,4937,4463
503.png,How many total number of gates are there for the match?,6,['Other'],Counting,_layout,2–8MP,_building,4938,4464
503.png,From your marked position which is the closest gate?,D,"['Visual', 'Positional', 'Comparative']",Single Entity,_layout,2–8MP,_building,4939,4465
503.png,On which level is space for media arranged?,Level 3,['Other'],Single Entity,_layout,2–8MP,_building,4940,4466
503.png,Where is ticket office located?,near Gate A,['Positional'],Single Entity,_layout,2–8MP,_building,4941,4467
503.png,In which section is your position indicator marked in the diagram?,West club and seating,"['Visual', 'Positional']",Single Entity,_layout,2–8MP,_building,4942,4468
503.png,how many merch kiosk are present in the stadium?,5,['Other'],Counting,_layout,2–8MP,_building,4944,4469
504.jpg,How many exits are mentioned in the image?,3,['Other'],Counting,_layout,0.1–0.5MP,_campus,4945,4470
504.jpg,Red arrows are showing the way to which place?,Cancer Center,['Visual'],Single Entity,_layout,0.1–0.5MP,_campus,4946,4471
504.jpg,Which street is in the east of the map?,Beechwood Street,['Positional'],Single Entity,_layout,0.1–0.5MP,_campus,4947,4472
504.jpg,Where is reserved parking located on this map?,West,['Positional'],Single Entity,_layout,0.1–0.5MP,_campus,4948,4473
504.jpg,One way is in which side of the map?,South Side,['Positional'],Single Entity,_layout,0.1–0.5MP,_campus,4949,4474
504.jpg,How many connectors are there in the map?,2,['Other'],Counting,_layout,0.1–0.5MP,_campus,4950,4475
504.jpg,This map is of what?,hospital campus,['Other'],Single Entity,_layout,0.1–0.5MP,_campus,4951,4476
504.jpg,Where is the ramp entrance available in the map?,Main Entrance,['Positional'],Single Entity,_layout,0.1–0.5MP,_campus,4953,4477
504.jpg,What building is located between the Cardiology Surgical Center and the Physical Medicine & Rehab Pa,between Cardiology Surgical Center and the Physical Medicine,['Positional'],Single Entity,_layout,0.1–0.5MP,_campus,4954,4478
505.jpg,1. How many parking spots are there?,5,['Other'],Counting,_layout,0.5–2MP,_campus,4955,4479
505.jpg,2. which direction is the university campus?,right,['Positional'],Single Entity,_layout,0.5–2MP,_campus,4956,4480
505.jpg,3. How many total entrances are shown on the map?,7,['Visual'],Counting,_layout,0.5–2MP,_campus,4957,4481
505.jpg,4. Which street has the heaviest traffic flow according to the map?,No data,['Other'],Single Entity,_layout,0.5–2MP,_campus,4958,4482
505.jpg,5. which building has most accessible parking?,Peter Levine Building,['Comparative'],Single Entity,_layout,0.5–2MP,_campus,4959,4483
505.jpg,6. What is the total square footage of the Memorial Campus grounds?,No data,['Other'],Single Entity,_layout,0.5–2MP,_campus,4960,4484
505.jpg,7. From which entrance would an ambulance approach the Emergency area?,Belmont Street or Route 9,['Other'],Single Entity,_layout,0.5–2MP,_campus,4961,4485
505.jpg,"8. How many ""streets"" are there?",3,['Other'],Counting,_layout,0.5–2MP,_campus,4962,4486
506.jpg,"To reach Aliquam from Elementus, what is the maximum number of lines that you will have to change?",1,['Other'],Single Entity,_network,0.1–0.5MP,_city,4968,4487
506.jpg,Which Line 04 station lies geographically furthest east?,Praesent,"['Positional', 'Comparative']",Single Entity,_network,0.1–0.5MP,_city,4969,4488
506.jpg,Which direction do I travel to reach Donec from Sit?,South East,['Positional'],Single Entity,_network,0.1–0.5MP,_city,4970,4489
506.jpg,what is the shortest number of stations to reach Pulvinar from Ipsum?,11,['Comparative'],Single Entity,_network,0.1–0.5MP,_city,4971,4490
506.jpg,Which station name appears more than once on the map?,Aliquam,"['Visual', 'Comparative']",Single Entity,_network,0.1–0.5MP,_city,4972,4491
506.jpg,Which station name on the map contains the most letters?,Sollicitudin,"['Positional', 'Comparative']",Single Entity,_network,0.1–0.5MP,_city,4973,4492
506.jpg,Which station that is not on the line 01 or 03 is closest to Nunc?,Lectus or Rutrum,['Comparative'],Single Entity,_network,0.1–0.5MP,_city,4974,4493
507.jpg,"Of the four states that border Mexico, which one has the fewest blue counties touching the border?",California,"['Visual', 'Positional', 'Comparative']",Single Entity,_choropleth,0.1–0.5MP,_country,4975,4494
507.jpg,Which labelled southeastern city is located within a green county?,Memphis,"['Visual', 'Positional']",Single Entity,_choropleth,0.1–0.5MP,_country,4976,4495
507.jpg,Which labelled city in Texas lies inside a dark blue county?,El Paso,"['Visual', 'Positional']",Single Entity,_choropleth,0.1–0.5MP,_country,4977,4496
507.jpg,"From the image, which labelled city might have the highest concentration of Not Hispanic_Black popul",Memphis,"['Visual', 'Comparative']",Single Entity,_choropleth,0.1–0.5MP,_country,4978,4497
507.jpg,"From this map, which of Jacksonville and Chicago has higher Not Hispanic_White population?",Jacksonville,['Comparative'],Single Entity,_choropleth,0.1–0.5MP,_country,4979,4498
507.jpg,"From this map, which of Dallas and Fort Worth has higher Hispanic Origin population?",Dallas,['Comparative'],Single Entity,_choropleth,0.1–0.5MP,_country,4980,4499
507.jpg,"On the map, do any of the counties that border Chicago have a blue shade representing Hispanic popu",No,"['Visual', 'Positional']",Boolean,_choropleth,0.1–0.5MP,_country,4981,4500
507.jpg,Which labelled city is closest to the largest contiguous block of dark green counties (75–100% Not,Memphis,"['Visual', 'Comparative']",Single Entity,_choropleth,0.1–0.5MP,_country,4982,4501
507.jpg,How many of the labelled cities on the map lie in any shade of green (Not Hispanic Black ≥ 25%)?,1,['Visual'],Counting,_choropleth,0.1–0.5MP,_country,4983,4502
507.jpg,"Among the counties adjacent to Tucson, how many different blue intensity categories appear?",1,"['Visual', 'Positional']",Counting,_choropleth,0.1–0.5MP,_country,4984,4503
508.jpg,Which animated mutant team is based at Canal Subway Station?,Teenage Mutant Ninja Turtles,['Other'],Single Entity,_marker,0.5–2MP,_city,4985,4504
508.jpg,Where was Robert Neville’s home in I Am Legend?,11 Washington Square Park,['Positional'],Single Entity,_marker,0.5–2MP,_city,4986,4505
508.jpg,Which movie had its final showdown at the Unisphere in Queens?,Men in Black,['Other'],Single Entity,_marker,0.5–2MP,_city,4987,4506
508.jpg,Which video game character’s workplace is near Coney Island?,Mario,['Positional'],Single Entity,_marker,0.5–2MP,_city,4988,4507
508.jpg,Where is the Baxter Building (Fantastic Four HQ) located?,Madison Ave & 42nd St,['Positional'],Single Entity,_marker,0.5–2MP,_city,4989,4508
508.jpg,What’s the name of the headquarters at 23rd & 8th Ave in Fringe?,Massive Dynamic,['Other'],Single Entity,_marker,0.5–2MP,_city,4990,4509
508.jpg,Where is Peter Parker’s apartment shown on the map?,187 Chrystie St,"['Visual', 'Positional']",Single Entity,_marker,0.5–2MP,_city,4991,4510
508.jpg,Which building serves as the home of the Avengers?,890 5th Ave,['Other'],Single Entity,_marker,0.5–2MP,_city,4992,4511
508.jpg,Which superhero works at the Daily Bugle on 39th and 2nd Ave?,Spider-Man,['Other'],Single Entity,_marker,0.5–2MP,_city,4993,4512
508.jpg,Where is the Ghostbusters headquarters located?,14 N Moore St,['Positional'],Single Entity,_marker,0.5–2MP,_city,4994,4513
509.png,Name the ferry that connects Midtown East East 34st St to Brooklyn Navy Yard.,Wall Street to the Bronx Queens and Brooklyn via the East River,['Positional'],Single Entity,_network,>8MP,_city,4995,4514
509.png,Name the ferry that connects IDEA to Pier 11 Wall Street,Midtown West to IKEA via Wall Street,['Positional'],Single Entity,_network,>8MP,_city,4996,4515
509.png,How many places does the Manhattan to Staten Island ferry go to?,4,['Other'],Counting,_network,>8MP,_city,4997,4516
509.png,How many places does the Wall Street to New Jersey ferry go to?,9,['Other'],Counting,_network,>8MP,_city,4998,4517
509.png,How many ferries stop at Sunset Park?,2,['Other'],Counting,_network,>8MP,_city,4999,4518
509.png,How many ferries stop at Midtown West West 39th St?,4,['Positional'],Counting,_network,>8MP,_city,5000,4519
509.png,How many Full time service ferries are there?,8,['Other'],Counting,_network,>8MP,_city,5002,4520
509.png,How many peak service only ferries are there?,9,['Other'],Counting,_network,>8MP,_city,5003,4521
509.png,Name the ferry service that only goes to 2 places.,Manhattan to Governors Island,['Other'],Single Entity,_network,>8MP,_city,5004,4522
510.jpg,Which Avenue is Marcus Garvey Park on?,5th Ave and Madison Ave,['Other'],Single Entity,_mixed,0.1–0.5MP,_city,5006,4523
510.jpg,Count number of streets starting with East (E. ),41,['Positional'],Counting,_mixed,0.1–0.5MP,_city,5010,4524
510.jpg,Count the total number of labelled streets/avenues/roads,110,['Visual'],Counting,_mixed,0.1–0.5MP,_city,5011,4525
511.jpg,How many categories are there in the legends?,6,['Other'],Counting,_layout,0.5–2MP,_building,5012,4526
511.jpg,How many options are there in the Field Level category?,7,['Other'],Counting,_layout,0.5–2MP,_building,5013,4527
511.jpg,How many gates are there in the stadium?,5,['Other'],Counting,_layout,0.5–2MP,_building,5014,4528
511.jpg,Which seat category has the most number of seats depicted?,View reserved,['Comparative'],Single Entity,_layout,0.5–2MP,_building,5017,4529
511.jpg,Does Inner Field Plaza have disabled seats allocated?,No,['Other'],Boolean,_layout,0.5–2MP,_building,5018,4530
511.jpg,Which gate should Home Run Plaza people use to enter?,Gate E,['Other'],Single Entity,_layout,0.5–2MP,_building,5019,4531
511.jpg,Premium seats are located on which side?,South Side,['Positional'],Single Entity,_layout,0.5–2MP,_building,5020,4532
511.jpg,Which category seats to book to be closer to the Frank White Lounge?,Loge Outfield,"['Visual', 'Positional']",Single Entity,_layout,0.5–2MP,_building,5021,4533
512.jpg,how many cross-border ferry ports have been identified?,20,['Other'],Counting,_network,>8MP,_subcontinent,5022,4534
512.jpg,which part of the map has been highlighted into focus?,Greater Copenhagen Region,['Other'],Single Entity,_network,>8MP,_subcontinent,5023,4535
513.png,how many red regions are there with unique hour differences of UTC?,4,['Visual'],Counting,_divisional,0.5–2MP,_world,5033,4536
513.png,Which color on the map represents the UTC time zone?,Orange,['Visual'],Single Entity,_divisional,0.5–2MP,_world,5034,4537
513.png,Which region on the map is striped red and orange?,India,['Visual'],Single Entity,_divisional,0.5–2MP,_world,5035,4538
513.png,What time zone is used in Iran based on the map?,UTC +3:30,['Visual'],Single Entity,_divisional,0.5–2MP,_world,5036,4539
513.png,What time zone color band is used for UTC -3?,Blue,['Visual'],Single Entity,_divisional,0.5–2MP,_world,5037,4540
513.png,Which country on the map uses a single time zone despite spanning multiple time zones longitudinally,China,['Other'],Single Entity,_divisional,0.5–2MP,_world,5038,4541
513.png,What is the time zone for India based on the color-coded map?,UTC +5:30,['Other'],Single Entity,_divisional,0.5–2MP,_world,5039,4542
513.png,How many special offset timezones are represented?,11,['Other'],Counting,_divisional,0.5–2MP,_world,5040,4543
513.png,How many total colors are used in the map to represent the time zones?,6,['Visual'],Counting,_divisional,0.5–2MP,_world,5041,4544
514.png,What color is the path between Wall St./Pier 11 & Governor's island,Light Gray,"['Visual', 'Positional']",Single Entity,_network,2–8MP,_city,5042,4545
514.png,what color is the rockaway route?,Magenta,['Visual'],Single Entity,_network,2–8MP,_city,5043,4546
514.png,what year is this map effective for?,2021,['Other'],Single Entity,_network,2–8MP,_city,5044,4547
514.png,"According to the map, what month did the image go into effect?",October,['Other'],Single Entity,_network,2–8MP,_city,5045,4548
514.png,what color is the soundview path?,purple,['Visual'],Single Entity,_network,2–8MP,_city,5049,4549
514.png,what color is the East River path?,Teal,"['Visual', 'Positional']",Single Entity,_network,2–8MP,_city,5050,4550
514.png,is Long Island City a stop on the orange path?,Yes,['Visual'],Boolean,_network,2–8MP,_city,5051,4551
515.jpg,number of places to visit in downtown area ?,8,['Other'],Counting,_divisional,0.5–2MP,_city,5052,4552
515.jpg,Clinton is present between which two streets?,59th and 42nd street,['Positional'],Single Entity,_divisional,0.5–2MP,_city,5053,4553
515.jpg,Hell's Kitchen is present between which two streets?,34th Street and 42nd Street.,['Positional'],Single Entity,_divisional,0.5–2MP,_city,5054,4554
515.jpg,beekman is present between which two streets?,59th and 42nd street,['Positional'],Single Entity,_divisional,0.5–2MP,_city,5055,4555
515.jpg,Number of streets labels present in this map?,11,['Visual'],Counting,_divisional,0.5–2MP,_city,5056,4556
515.jpg,total number of places to visit?,28,['Other'],Counting,_divisional,0.5–2MP,_city,5057,4557
515.jpg,what is the starting place in this map?,Inwood,['Other'],Single Entity,_divisional,0.5–2MP,_city,5061,4558
516.jpg,what is the starting point for the loop stops for green line?,times square,['Visual'],Single Entity,_mixed,2–8MP,_city,5062,4559
516.jpg,which is the loop stop with lowest value near central park?,23,"['Positional', 'Comparative']",Single Entity,_mixed,2–8MP,_city,5064,4560
516.jpg,at which loop stop to get down to reach george washington bridge ?,30,['Other'],Single Entity,_mixed,2–8MP,_city,5065,4561
516.jpg,number of loop stops on green line ?,21,['Visual'],Counting,_mixed,2–8MP,_city,5066,4562
516.jpg,purple loop stop 39 is for which place?,Port Authority Bus terminal,['Visual'],Single Entity,_mixed,2–8MP,_city,5067,4563
516.jpg,I am at times square and then at which loop stop I should get down to reach statue of liberty ferry?,12,['Other'],Single Entity,_mixed,2–8MP,_city,5068,4564
516.jpg,world trade center site is near which green loop stop ?,10 or 11,"['Visual', 'Positional']",Single Entity,_mixed,2–8MP,_city,5070,4565
516.jpg,does the yellow line go through manhattan bridge ? true or false,true,"['Visual', 'Positional']",Boolean,_mixed,2–8MP,_city,5071,4566
517.png,how many colour is there total?,15,['Visual'],Counting,_cartogram,0.1–0.5MP,_world,5073,4567
517.png,Which regions appear largest on this map?,Europe,"['Visual', 'Comparative']",Single Entity,_cartogram,0.1–0.5MP,_world,5074,4568
517.png,Does Greenland looks the most “squished” or “stretched?,squished,['Comparative'],Boolean,_cartogram,0.1–0.5MP,_world,5075,4569
517.png,which region has the brightest colour in term of lightness?,Africa,['Visual'],Single Entity,_cartogram,0.1–0.5MP,_world,5076,4570
517.png,Number of shades in north america?,3,['Positional'],Counting,_cartogram,0.1–0.5MP,_world,5077,4571
517.png,How many colours are there in europe?,5,['Other'],Counting,_cartogram,0.1–0.5MP,_world,5078,4572
517.png,How many colours are there in Asia?,6,['Other'],Counting,_cartogram,0.1–0.5MP,_world,5079,4573
517.png,Which color is used for the largest landmass?,Cream,"['Visual', 'Comparative']",Single Entity,_cartogram,0.1–0.5MP,_world,5080,4574
517.png,Which region has the most shades of the same color?,Europe,"['Visual', 'Comparative']",Single Entity,_cartogram,0.1–0.5MP,_world,5081,4575
517.png,number of places colored in red?,50,['Visual'],Counting,_cartogram,0.1–0.5MP,_world,5082,4576
517.png,number of places colored in orange?,21,['Visual'],Counting,_cartogram,0.1–0.5MP,_world,5083,4577
517.png,number of places colored in purple?,9,['Visual'],Counting,_cartogram,0.1–0.5MP,_world,5084,4578
517.png,how many water bodies are present?,4,['Other'],Counting,_cartogram,0.1–0.5MP,_world,5085,4579
517.png,Tour Eiffel has which number written near to it ?,16,['Positional'],Single Entity,_cartogram,0.1–0.5MP,_world,5086,4580
517.png,number of numbers which lie on a street in this map?,15,['Other'],Single Entity,_cartogram,0.1–0.5MP,_world,5088,4581
517.png,number of cemeteries in this map?,4,['Other'],Counting,_cartogram,0.1–0.5MP,_world,5089,4582
517.png,number of red circles present in the map?,2,['Visual'],Counting,_cartogram,0.1–0.5MP,_world,5091,4583
518.png,What is the name of the street on the south side of the stadium?,16,['Positional'],Single Entity,_layout,0.5–2MP,_building,5092,4584
518.png,What is the name of the street on the west side of the stadium?,3,['Positional'],Single Entity,_layout,0.5–2MP,_building,5093,4585
518.png,How many entrances does the stadium have?,2,['Other'],Counting,_layout,0.5–2MP,_building,5094,4586
518.png,How many tunnels are present in the stadium?,4,['Other'],Counting,_layout,0.5–2MP,_building,5095,4587
518.png,In which direction of the stadium is the Chase Club located?,South-west,['Positional'],Single Entity,_layout,0.5–2MP,_building,5096,4588
518.png,How many seating sections does Oracle have in the stadium?,44,['Visual'],Counting,_layout,0.5–2MP,_building,5097,4589
518.png,In which direction is the Pepsi Club located in the stadium?,North-east,['Positional'],Single Entity,_layout,0.5–2MP,_building,5098,4590
518.png,How many theater boxes does Acrisure have in the stadium?,60,['Other'],Counting,_layout,0.5–2MP,_building,5099,4591
518.png,Which seating section represents media seating in the stadium?,125,['Visual'],Single Entity,_layout,0.5–2MP,_building,5100,4592
518.png,Which company has two clubs under different names in the stadium?,J.P. Morgan,['Comparative'],Single Entity,_layout,0.5–2MP,_building,5101,4593
519.png,What marked place is located in central park?,Amy Ruth's (Chicken and Waffles),"['Visual', 'Positional']",Single Entity,_mixed,0.5–2MP,_city,5102,4594
519.png,What place is across the brooklyn bridge?,Brooklyn Ice Cream Factory,['Positional'],Single Entity,_mixed,0.5–2MP,_city,5103,4595
519.png,what place is on flatbush ave?,6 or Nathan's Famous (hot dogs),['Other'],Single Entity,_mixed,0.5–2MP,_city,5104,4596
519.png,What place is right next to grand central station?,Grand Central Oyster Bar,['Positional'],Single Entity,_mixed,0.5–2MP,_city,5105,4597
519.png,"according to the map, what place is close to greenwich village?",Joe's Pizza,['Other'],Single Entity,_mixed,0.5–2MP,_city,5106,4598
519.png,how many marked places are in the map?,8,['Visual'],Counting,_mixed,0.5–2MP,_city,5107,4599
519.png,what is place 7 on map?,Peter Luger (steaks),['Other'],Single Entity,_mixed,0.5–2MP,_city,5108,4600
519.png,what side is located next to E. 72nd St.?,Upper east side,['Positional'],Single Entity,_mixed,0.5–2MP,_city,5111,4601
520.jpg,which nearest subway station should i depart so that its easiest to walk to american folk art museum,Fifth Ave. 53 St.,"['Positional', 'Comparative']",Single Entity,_mixed,0.5–2MP,_city,5112,4602
520.jpg,Number of subway stations on the whole E. 23rd st.,5,['Other'],Counting,_mixed,0.5–2MP,_city,5114,4603
520.jpg,"i want to go from Morgan library to New york skyride so what would be better , by walk or by subway",walk,['Other'],Single Entity,_mixed,0.5–2MP,_city,5115,4604
520.jpg,what is the nearest attraction to morgan library,The nordic center in america,"['Positional', 'Comparative']",Single Entity,_mixed,0.5–2MP,_city,5116,4605
520.jpg,is there any attraction inside central park ?,yes,['Positional'],Boolean,_mixed,0.5–2MP,_city,5117,4606
520.jpg,is there any connecting subway station on green and purple line subway?,grand central 42 St.,['Visual'],Boolean,_mixed,0.5–2MP,_city,5118,4607
520.jpg,how many total attractions are there ?,44,['Other'],Counting,_mixed,0.5–2MP,_city,5119,4608
521.jpg,what color is zurich?,beige,['Visual'],Single Entity,_divisional,2–8MP,_country,5122,4609
521.jpg,what type of region is Lützen?,Lutheran,['Other'],Single Entity,_divisional,2–8MP,_country,5123,4610
521.jpg,what do the purple lines represent?,Boundary of the Holy Roman Empire,['Visual'],Single Entity,_divisional,2–8MP,_country,5124,4611
521.jpg,what color is kassel?,Yellow,['Visual'],Single Entity,_divisional,2–8MP,_country,5125,4612
521.jpg,what color is munich?,Green,['Visual'],Single Entity,_divisional,2–8MP,_country,5126,4613
521.jpg,What color is Bremen?,Orange,['Visual'],Single Entity,_divisional,2–8MP,_country,5127,4614
521.jpg,what is the designation of magdeburg?,Lutheran with calvinist or roman catholic minorities,['Other'],Single Entity,_divisional,2–8MP,_country,5128,4615
521.jpg,what does the bright green represent?,Roman Catholic,['Visual'],Single Entity,_divisional,2–8MP,_country,5129,4616
521.jpg,what designation is metz?,Roman Catholic,['Other'],Single Entity,_divisional,2–8MP,_country,5130,4617
521.jpg,what color is verdun?,Purple,['Visual'],Single Entity,_divisional,2–8MP,_country,5131,4618
522.png,"Based on the country map, which south western state has least number of beds?",Nevada,"['Positional', 'Comparative']",Single Entity,_marker,0.5–2MP,_country,5134,4619
522.png,"Based on the map, which eastern state has least number of beds?",New Jersey,"['Positional', 'Comparative']",Single Entity,_marker,0.5–2MP,_country,5135,4620
522.png,"Based on the table map, which state has the second least number of beds?",Oklahoma,['Comparative'],Single Entity,_marker,0.5–2MP,_country,5136,4621
522.png,"Based on the table map, which state has the fourth highest number of beds?",Indianapolis,['Comparative'],Single Entity,_marker,0.5–2MP,_country,5137,4622
522.png,"Base on the map table, how many CMS Certification number starts with a 1?",11,['Other'],Counting,_marker,0.5–2MP,_country,5138,4623
522.png,"Base on the map table, how many CMS Certification number starts with a 9?",1,['Other'],Counting,_marker,0.5–2MP,_country,5139,4624
522.png,"Base on the map table, how many CMS Certification number starts with a 4?",2,['Other'],Counting,_marker,0.5–2MP,_country,5140,4625
522.png,"Based on the map table, which state has more that 2000 beds?",New York,['Comparative'],Single Entity,_marker,0.5–2MP,_country,5142,4626
522.png,"Based on the map table, how many states has between 900-1000 beds?",3,['Positional'],Counting,_marker,0.5–2MP,_country,5143,4627
523.png,How many countries border the war affected zones?,4,['Positional'],Counting,_conflict,2–8MP,_country,5144,4628
523.png,Which Ukranian provinces are marked in war zones?,2,['Visual'],Single Entity,_conflict,2–8MP,_country,5145,4629
523.png,"Which river flows through both war zones, and russian controlled area?",Dnieper,['Positional'],Single Entity,_conflict,2–8MP,_country,5147,4630
523.png,How many water bodies from Belarus flow into the Russian controlled area?,2,['Other'],Counting,_conflict,2–8MP,_country,5148,4631
523.png,How many continuous areas of land under Russian control border Belarus?,2,"['Positional', 'Comparative']",Counting,_conflict,2–8MP,_country,5150,4632
523.png,Which East or North Eastern province of Moldova borders a war zone?,Transnistria,['Positional'],Single Entity,_conflict,2–8MP,_country,5151,4633
523.png,How many water bodies flow cross borders between Romania and Ukraine in this map?,3,['Positional'],Counting,_conflict,2–8MP,_country,5153,4634
524.png,Count the number of taxi stand in the figure,15,['Other'],Counting,_mixed,0.5–2MP,_city,5154,4635
524.png,Count the number of metro station in the figure.,9,['Other'],Counting,_mixed,0.5–2MP,_city,5155,4636
524.png,Count the number of unique colors used to mark different regions in the figure.,6,['Visual'],Counting,_mixed,0.5–2MP,_city,5156,4637
524.png,Count the number of bridges that cross the river.,10,['Positional'],Counting,_mixed,0.5–2MP,_city,5163,4638
525.png,tell me number of unique colors used to depict the routes in this map?,4,['Visual'],Counting,_network,0.1–0.5MP,_city,5164,4639
525.png,tell me number of unique routes in color green in this map?,4,['Visual'],Counting,_network,0.1–0.5MP,_city,5165,4640
525.png,tell me number of unique routes in color blue in this map?,3,['Visual'],Counting,_network,0.1–0.5MP,_city,5166,4641
525.png,do we have have highway with name SR 823 ? true or false,true,['Other'],Boolean,_network,0.1–0.5MP,_city,5167,4642
525.png,do we have have highway with name SR 93 ? true or false,true,['Other'],Boolean,_network,0.1–0.5MP,_city,5168,4643
525.png,do we have have highway with name SR 589 ? true or false,true,['Other'],Boolean,_network,0.1–0.5MP,_city,5169,4644
525.png,is route Turnpike present?,Yes,['Other'],Boolean,_network,0.1–0.5MP,_city,5171,4645
525.png,does route SR 589 connect with route SR 91 ?,Yes,['Other'],Boolean,_network,0.1–0.5MP,_city,5172,4646
525.png,does route SR 821 connect with route SR 852 ?,Yes,['Other'],Boolean,_network,0.1–0.5MP,_city,5173,4647
526.jpg,what is the next station from china town on the right of the person standing in china town area?,Davis,['Positional'],Single Entity,_mixed,0.1–0.5MP,_city,5174,4648
526.jpg,what is the start and end of the ferry route?,No data,['Other'],Single Entity,_mixed,0.1–0.5MP,_city,5175,4649
526.jpg,what is the next place we visit if we travel from oakland bay bridge ?,No data,['Other'],Single Entity,_mixed,0.1–0.5MP,_city,5176,4650
526.jpg,adjacent place which is near to pier 47?,Jefferson,['Positional'],Single Entity,_mixed,0.1–0.5MP,_city,5179,4651
526.jpg,adjacent place which is near to pier 42?,AT & T Park,['Positional'],Single Entity,_mixed,0.1–0.5MP,_city,5180,4652
526.jpg,caltrain depot is near which pier ?,24,['Positional'],Single Entity,_mixed,0.1–0.5MP,_city,5181,4653
526.jpg,pier which is nearest to any cable car route station ?,47,"['Positional', 'Comparative']",Single Entity,_mixed,0.1–0.5MP,_city,5183,4654
527.jpg,What structure is closest to osprey avenue?,Black building with P logo,['Comparative'],Single Entity,_layout,2–8MP,_campus,5184,4655
527.jpg,How many colored buildings are in this image?,2,['Visual'],Counting,_layout,2–8MP,_campus,5186,4656
527.jpg,What is waldemere parking garage across the street from?,North Parking Garage,['Positional'],Single Entity,_layout,2–8MP,_campus,5187,4657
527.jpg,What structure is closest to hillview street?,South Parking Garage,['Comparative'],Single Entity,_layout,2–8MP,_campus,5188,4658
527.jpg,How many garages are there?,4,['Other'],Counting,_layout,2–8MP,_campus,5189,4659
527.jpg,Which center is closest to the waldemere parking garage?,Energy Center,"['Positional', 'Comparative']",Single Entity,_layout,2–8MP,_campus,5190,4660
527.jpg,How many pavillions are there?,2,['Other'],Counting,_layout,2–8MP,_campus,5191,4661
527.jpg,How many centers are in the photo?,1,['Other'],Counting,_layout,2–8MP,_campus,5192,4662
528.png,is there any country colored red touching india's border?,Yes,"['Visual', 'Positional']",Boolean,_choropleth,2–8MP,_world,5194,4663
528.png,are india and china same color?,no,['Visual'],Boolean,_choropleth,2–8MP,_world,5196,4664
528.png,largest red country in the image?,Brazil,"['Visual', 'Comparative']",Single Entity,_choropleth,2–8MP,_world,5197,4665
528.png,is iran and pakistan same color?,No,['Visual'],Boolean,_choropleth,2–8MP,_world,5198,4666
528.png,is india adjecent to afganistan?,No,['Other'],Boolean,_choropleth,2–8MP,_world,5199,4667
528.png,Color of Libya?,no,['Visual'],Boolean,_choropleth,2–8MP,_world,5200,4668
528.png,count of yellow countries in the picture?,18.,['Visual'],Counting,_choropleth,2–8MP,_world,5201,4669
528.png,Country which shares border with both Kenya and Sudan?,Ethiopia,['Positional'],Single Entity,_choropleth,2–8MP,_world,5202,4670
529.jpg,where does Eastern Mediterranean route originate?,Cyprus,['Positional'],Single Entity,_network,0.1–0.5MP,_continent,5204,4671
529.jpg,End point of Central Mediterranean route?,LONDON,['Other'],Single Entity,_network,0.1–0.5MP,_continent,5205,4672
529.jpg,which route go through black sea?,Eastern,"['Visual', 'Positional']",Single Entity,_network,0.1–0.5MP,_continent,5206,4673
529.jpg,Italy is part of how many routes?,3,['Other'],Counting,_network,0.1–0.5MP,_continent,5207,4674
529.jpg,are tripoli and calais on same route?,Yes,['Other'],Boolean,_network,0.1–0.5MP,_continent,5208,4675
529.jpg,Which country has both a departure and arrival for the purple route?,Morroco.,['Visual'],Single Entity,_network,0.1–0.5MP,_continent,5209,4676
529.jpg,what is the color of east african route?,blue.,"['Visual', 'Positional']",Single Entity,_network,0.1–0.5MP,_continent,5210,4677
529.jpg,how many does algeria have routes ?,2,['Other'],Counting,_network,0.1–0.5MP,_continent,5211,4678
529.jpg,Is cairo part of any route?,yes,['Other'],Boolean,_network,0.1–0.5MP,_continent,5213,4679
530.jpg,"The color box that represents ""Various Locations"" in the legend is orange.",Black,['Visual'],Boolean,_mixed,>8MP,_city,5214,4680
530.jpg,What attraction number is placed at Pier 55 on the waterfront?,1 or Argosy Cruises and Tillicum Village Excursion,['Other'],Single Entity,_mixed,>8MP,_city,5215,4681
530.jpg,"In the Seattle Landmarks key, what letter corresponds to Smith Tower?",H,['Visual'],Single Entity,_mixed,>8MP,_city,5216,4682
530.jpg,"According to the legend, the blue dashed line stands for which transit line or facility?",Light Rail Tunnel & Stops,['Visual'],Single Entity,_mixed,>8MP,_city,5217,4683
530.jpg,What is the only blue background attraction number that appears out in Elliott Bay?,29,['Visual'],Single Entity,_mixed,>8MP,_city,5218,4684
530.jpg,"On the map, is attraction #2 located north or south of attraction #25?",North,['Positional'],Boolean,_mixed,>8MP,_city,5219,4685
530.jpg,Which number lies closest to the words “Pioneer Square” on the map?,10,"['Positional', 'Comparative']",Single Entity,_mixed,>8MP,_city,5220,4686
530.jpg,"In the landmark list, what letter is assigned to Paramount Theater?",A,['Other'],Single Entity,_mixed,>8MP,_city,5221,4687
530.jpg,Which numbered attraction label marks the Seattle Aquarium at Pier 59 on the waterfront?,21,['Visual'],Single Entity,_mixed,>8MP,_city,5222,4688
530.jpg,What numbered attraction lies directly north of “Pike Place Market” on the map?,20,['Positional'],Single Entity,_mixed,>8MP,_city,5223,4689
531.jpg,How many turnstile letters are present on the stadium map?,12,['Other'],Counting,_layout,2–8MP,_building,5224,4690
531.jpg,How many screens are there in the stadium?,3,['Other'],Counting,_layout,2–8MP,_building,5225,4691
531.jpg,How many places offer food in the stadium?,3,['Other'],Counting,_layout,2–8MP,_building,5226,4692
531.jpg,How many places offer drinks in the stadium?,5,['Other'],Counting,_layout,2–8MP,_building,5227,4693
531.jpg,How many retail stores are present in the stadium?,2,['Other'],Counting,_layout,2–8MP,_building,5228,4694
531.jpg,Which direction has the most toilets in the stadium?,South,"['Positional', 'Comparative']",Single Entity,_layout,2–8MP,_building,5230,4695
531.jpg,How many activity areas are present in the stadium?,1,['Other'],Counting,_layout,2–8MP,_building,5231,4696
531.jpg,Which fan zones have sheltered seating in the stadium?,Kingsland,['Other'],Single Entity,_layout,2–8MP,_building,5232,4697
531.jpg,How many block numbers are repeated in this stadium?,7,['Other'],Counting,_layout,2–8MP,_building,5233,4698
532.jpg,How many total entry points are there?,4,['Other'],Counting,_layout,>8MP,_building,5235,4699
532.jpg,Which club seating space is in field level section?,Cox business,['Visual'],Single Entity,_layout,>8MP,_building,5236,4700
532.jpg,which club has maximum seating area?,West,['Other'],Single Entity,_layout,>8MP,_building,5237,4701
532.jpg,Sycaun Piers is in which direction of the stadium?,Southwest,['Positional'],Single Entity,_layout,>8MP,_building,5238,4702
532.jpg,Quidel Ortho Gate is the farthest to which club?,West,['Comparative'],Single Entity,_layout,>8MP,_building,5239,4703
532.jpg,which level has the most number of premium seating spaces demarcated in diagram,Main Concourse,['Comparative'],Single Entity,_layout,>8MP,_building,5240,4704
533.jpg,Is there a route in the map from Whan Chai Star Ferry Pier to Central Perry Pier?,No,['Other'],Boolean,_network,0.1–0.5MP,_city,5241,4705
533.jpg,Which entity in the image has higher amount of tree cover?,Hong Kong Island,['Comparative'],Single Entity,_network,0.1–0.5MP,_city,5243,4706
533.jpg,How many boats are there in the picture?,3,['Other'],Counting,_network,0.1–0.5MP,_city,5244,4707
533.jpg,Which entity looks more urbanized in the picture?,Hong Kong,['Comparative'],Single Entity,_network,0.1–0.5MP,_city,5245,4708
533.jpg,What is the color with which some buildings are highlighted in the image?,Brown,['Visual'],Single Entity,_network,0.1–0.5MP,_city,5246,4709
533.jpg,Which language other than English is present in the picture?,Chinese,['Other'],Single Entity,_network,0.1–0.5MP,_city,5247,4710
533.jpg,Which may take more time: Central Star Ferry Pier to Tsim Sha Tsui Star Ferry Pier or Wan Chai Star?,Tsim Sha Tsui Star Ferry Pier,['Comparative'],Single Entity,_network,0.1–0.5MP,_city,5248,4711
533.jpg,"Are all buildings highlighted, or only a few buildings were highlighted in the image?",no,['Other'],Boolean,_network,0.1–0.5MP,_city,5249,4712
533.jpg,Is it safe to have another route to the right of Star Ferry Pier?,No,['Positional'],Boolean,_network,0.1–0.5MP,_city,5250,4713
534.png,How many Blue States are there?,9,['Visual'],Counting,_choropleth,0.5–2MP,_country,5251,4714
534.png,How many Red states are there?,6,['Visual'],Counting,_choropleth,0.5–2MP,_country,5252,4715
534.png,How many mixed states are there?,7,['Other'],Counting,_choropleth,0.5–2MP,_country,5253,4716
534.png,How many states are there in the map?,50,['Other'],Counting,_choropleth,0.5–2MP,_country,5254,4717
534.png,How many colored states are there in the map?,22,['Visual'],Counting,_choropleth,0.5–2MP,_country,5255,4718
534.png,How many grey states are there in the map?,28,['Visual'],Counting,_choropleth,0.5–2MP,_country,5256,4719
534.png,Which is the western most state?,Hawaii,"['Positional', 'Comparative']",Single Entity,_choropleth,0.5–2MP,_country,5257,4720
534.png,What is the western most state in the map?,California,"['Positional', 'Comparative']",Single Entity,_choropleth,0.5–2MP,_country,5258,4721
534.png,Which is the southern most state in the map?,Hawaii,"['Positional', 'Comparative']",Single Entity,_choropleth,0.5–2MP,_country,5259,4722
534.png,What is the northernmost state in the map?,Washington,"['Positional', 'Comparative']",Single Entity,_choropleth,0.5–2MP,_country,5260,4723
535.png,"To reach section 223, would you likely use Ramp 2 or Ramp 3?",Either or 2 or 3,['Visual'],Boolean,_layout,>8MP,_building,5261,4724
535.png,"To access the Dream Finders Homes Flex Field, which gate is the most direct?",South gate 1,['Comparative'],Single Entity,_layout,>8MP,_building,5262,4725
535.png,Which ramp appears to serve sections in the 100s?,Any,['Visual'],Single Entity,_layout,>8MP,_building,5263,4726
535.png,What is the section number immediately to the west of section 112?,212,"['Visual', 'Positional']",Single Entity,_layout,>8MP,_building,5264,4727
535.png,Where are the charging stations located?,near south end zone,['Positional'],Single Entity,_layout,>8MP,_building,5266,4728
535.png,Which section is top of section 10?,110,"['Visual', 'Positional', 'Comparative']",Single Entity,_layout,>8MP,_building,5267,4729
535.png,Which gate is closest to section 405?,North Gate 1,"['Visual', 'Comparative']",Single Entity,_layout,>8MP,_building,5268,4730
535.png,Is section 140 located on the east or west side of the stadium?,east side,"['Visual', 'Positional']",Boolean,_layout,>8MP,_building,5269,4731
535.png,Which stadium is this map about?,EverBank,['Other'],Single Entity,_layout,>8MP,_building,5270,4732
535.png,What type of stadium is this?,football,['Other'],Single Entity,_layout,>8MP,_building,5271,4733
536.jpg,"According to the map, how many states north of New York voted for Obama?",6,['Positional'],Counting,_cartogram,0.1–0.5MP,_country,5272,4734
536.jpg,How many blue states are there?,27,['Visual'],Counting,_cartogram,0.1–0.5MP,_country,5276,4735
536.jpg,"Add the red ones only: TN, MS, PA, IL",17,['Visual'],Counting,_cartogram,0.1–0.5MP,_country,5277,4736
536.jpg,"Add the blue ones only: CT, GA, ID, MN",17,['Visual'],Counting,_cartogram,0.1–0.5MP,_country,5278,4737
536.jpg,Name the closest state west of NM that is blue.,CA,"['Visual', 'Positional', 'Comparative']",Single Entity,_cartogram,0.1–0.5MP,_country,5281,4738
537.jpg,What’s the first blue colored country you'd hit flying west from the Date Line?,New Zealand,"['Visual', 'Positional', 'Comparative']",Single Entity,_divisional,0.5–2MP,_world,5283,4739
537.jpg,Which U.S. city is vibing in the same time zone as Mexico City?,Houston,['Other'],Single Entity,_divisional,0.5–2MP,_world,5285,4740
537.jpg,Name one African country that lives in UTC+1 (not fashionably late).,Nigeria,['Other'],Single Entity,_divisional,0.5–2MP,_world,5286,4741
537.jpg,Is Iran using a normal hour offset or are they out here doing half-hours?,Half hour,['Other'],Boolean,_divisional,0.5–2MP,_world,5287,4742
537.jpg,Which city is 3 hours behind GMT and known for steak and tango?,Buenos Aires,['Other'],Single Entity,_divisional,0.5–2MP,_world,5288,4743
537.jpg,You're traveling east from the Prime Meridian do your clocks go forward or back?,Forward,['Positional'],Boolean,_divisional,0.5–2MP,_world,5289,4744
537.jpg,Which country spans so many time zones it could host a Netflix binge across them?,Russia,['Positional'],Single Entity,_divisional,0.5–2MP,_world,5291,4745
538.jpg,what is on girod st?,Champions Square,['Other'],Single Entity,_mixed,0.1–0.5MP,_city,5292,4746
538.jpg,what is in between congo square and louis armstrong park text labels?,Mahalla Jackson Theater,"['Visual', 'Positional']",Single Entity,_mixed,0.1–0.5MP,_city,5293,4747
538.jpg,what place is near tulane avenue?,Joy Theater,['Positional'],Single Entity,_mixed,0.1–0.5MP,_city,5294,4748
538.jpg,what bar/nightlife is in the warehouse arts distrcit,Metro Nightclub,['Other'],Single Entity,_mixed,0.1–0.5MP,_city,5295,4749
538.jpg,what shop is near the convention center?,riverwalk marketplace,['Positional'],Single Entity,_mixed,0.1–0.5MP,_city,5296,4750
538.jpg,between which vertical streets is the live music in french quarter?,St Louis St & Toulouse St,['Positional'],Single Entity,_mixed,0.1–0.5MP,_city,5298,4751
538.jpg,which ferry goes accross the mississippi river?,Canal Street Ferry,['Other'],Single Entity,_mixed,0.1–0.5MP,_city,5299,4752
538.jpg,what streets is live music on?,Bourbon and Frenchman St,['Other'],Single Entity,_mixed,0.1–0.5MP,_city,5300,4753
538.jpg,Which streetcar goes through Lee Circle?,St. Charles Streetcar,['Positional'],Single Entity,_mixed,0.1–0.5MP,_city,5301,4754
539.jpg,"From which station on the JR Yamanote Line can I access the Haneda Airport Line, according to map?",Hamamatsucho,['Other'],Single Entity,_network,0.5–2MP,_city,5302,4755
539.jpg,Which station is shared by both the Hibiya Subway Line and the JR Yamanote Line on the map?,Ebisu,['Other'],Single Entity,_network,0.5–2MP,_city,5303,4756
539.jpg,Which station is common between the JR Chuo Line and the JR Yamanote Line on the west side of map?,Yoyogi,['Positional'],Single Entity,_network,0.5–2MP,_city,5304,4757
539.jpg,Which station is common between the JR Chuo Line and the JR Yamanote Line on the east side of map?,Akihabara,['Positional'],Single Entity,_network,0.5–2MP,_city,5305,4758
539.jpg,How many stations on the JR Chuo Line fall within the JR Yamanote Line loop on the map?,7,['Positional'],Counting,_network,0.5–2MP,_city,5306,4759
539.jpg,Which city does this tourist map represent?,Tokyo,['Other'],Single Entity,_network,0.5–2MP,_city,5307,4760
539.jpg,"From which station on the JR Yamanote Line can I take a line to Shimokitazawa, as shown on the map?",Shibuya,['Visual'],Single Entity,_network,0.5–2MP,_city,5308,4761
539.jpg,"From which station on the JR Yamanote Line can I transfer to the Ginza Line, according to the map?",Ueno,['Other'],Single Entity,_network,0.5–2MP,_city,5309,4762
539.jpg,"From which station on the JR Yamanote Line can I transfer to the Keihin Line, according to the map?",Shinagawa,['Other'],Single Entity,_network,0.5–2MP,_city,5310,4763
539.jpg,"From which station on the JR Yamanote Line can I take a line to Jiyugaoka, as shown on the map?",Shibuya,['Visual'],Single Entity,_network,0.5–2MP,_city,5311,4764
540.jpg,How many stations are between Jan van Galenstraat and Spaklerweg?,8,['Positional'],Counting,_network,0.5–2MP,_city,5312,4765
540.jpg,How many stations are on the purple and yellow line?,17,['Visual'],Counting,_network,0.5–2MP,_city,5313,4766
540.jpg,How many stations are on the blue line only?,16,['Visual'],Counting,_network,0.5–2MP,_city,5314,4767
540.jpg,Name the station  on the pink line three stations ahead of Europaplein.,Henk Sneevlietweg,['Visual'],Single Entity,_network,0.5–2MP,_city,5315,4768
540.jpg,How many stations are on the same line as Spinnerij,4,['Other'],Counting,_network,0.5–2MP,_city,5316,4769
540.jpg,How many stations are on the yellow line?,8,['Visual'],Counting,_network,0.5–2MP,_city,5317,4770
540.jpg,At what station does the purple and blue line connect?,Spaklerweg,['Visual'],Single Entity,_network,0.5–2MP,_city,5318,4771
540.jpg,At what station does the yellow and pink line connect?,Station Zuid,['Visual'],Single Entity,_network,0.5–2MP,_city,5319,4772
540.jpg,Name the purple station on the blue line.,Station Duivendrecht,['Visual'],Single Entity,_network,0.5–2MP,_city,5320,4773
540.jpg,Name the greens station on the blue line.,Spaklerweg,['Visual'],Single Entity,_network,0.5–2MP,_city,5321,4774
541.jpg,How many Y-DNA Human Migration lines are marked in the legend?,26,['Visual'],Counting,_network,0.5–2MP,_world,5322,4775
541.jpg,How many lines in this map are marked with pink?,1,['Visual'],Counting,_network,0.5–2MP,_world,5323,4776
541.jpg,what color is the F line?,green,['Visual'],Single Entity,_network,0.5–2MP,_world,5324,4777
541.jpg,How many lines start with R in the legend?,3,['Other'],Counting,_network,0.5–2MP,_world,5325,4778
541.jpg,"In the map, how many lines start with letter B?",1,['Other'],Counting,_network,0.5–2MP,_world,5326,4779
541.jpg,What is the number of greenish lines in the map?,3,['Other'],Single Entity,_network,0.5–2MP,_world,5327,4780
541.jpg,What is the shortest line in the map,I,['Comparative'],Single Entity,_network,0.5–2MP,_world,5328,4781
541.jpg,What color is the M line in the map?,grey,['Visual'],Single Entity,_network,0.5–2MP,_world,5329,4782
541.jpg,"How many haplogroups migrated 10,000 years ago according to the image",5,['Other'],Counting,_network,0.5–2MP,_world,5330,4783
541.jpg,The migration marked with pink happened how many years ago?,60000,['Visual'],Counting,_network,0.5–2MP,_world,5331,4784
542.png,"According to the map, which country is the most populated in 2100?",India,['Comparative'],Single Entity,_multiple,0.5–2MP,_world,5332,4785
542.png,How many continents increased from 1800 to 2100?,4,['Other'],Counting,_multiple,0.5–2MP,_world,5333,4786
542.png,Which region goes from being smaller than Europe in 1800 to significantly larger than it in 2100?,Africa,['Comparative'],Single Entity,_multiple,0.5–2MP,_world,5334,4787
542.png,What does the shrinking of Russia's shape from 1800 to 2100 suggest about its population trend?,stagnant population size,['Visual'],Single Entity,_multiple,0.5–2MP,_world,5335,4788
542.png,Which large landmass retains its general shape across both maps despite changes elsewhere?,Australia,"['Visual', 'Positional', 'Comparative']",Single Entity,_multiple,0.5–2MP,_world,5336,4789
542.png,Which Southern Hemisphere continent shows the least change between the two maps?,South America,"['Positional', 'Comparative']",Single Entity,_multiple,0.5–2MP,_world,5338,4790
542.png,"Which Asian country, once one of the largest by population in 1800, appears relatively smaller in 21",China,"['Visual', 'Comparative']",Single Entity,_multiple,0.5–2MP,_world,5340,4791
542.png,Which part of Asia shrinks noticeably in the 2100 map despite Asia as a whole remaining large?,East,['Comparative'],Single Entity,_multiple,0.5–2MP,_world,5341,4792
543.jpg,how many bus lines are there?,2,['Other'],Counting,_network,>8MP,_city,5342,4793
543.jpg,how many types of metro passes are avilable?,5,['Other'],Counting,_network,>8MP,_city,5343,4794
543.jpg,name the dish associated with a bird,Crispy roast baby duck,['Other'],Single Entity,_network,>8MP,_city,5345,4795
543.jpg,name the flower festival which is a seasonal event,Yangmingshan,['Other'],Single Entity,_network,>8MP,_city,5346,4796
543.jpg,where can i find information about the guided walking tours in different languages?,taipei travel net,['Positional'],Single Entity,_network,>8MP,_city,5347,4797
543.jpg,from where can the new year's eve firework be seen?,Four Beasts Moutain Trail,"['Visual', 'Positional']",Single Entity,_network,>8MP,_city,5348,4798
543.jpg,how many sections are presented by the Taipei Grand Trail?,8,['Visual'],Counting,_network,>8MP,_city,5351,4799
544.jpg,How many colors are there in this map?,4,['Visual'],Counting,_choropleth,0.5–2MP,_country,5352,4800
544.jpg,Are 1775 year details available in the map?,No,['Other'],Boolean,_choropleth,0.5–2MP,_country,5353,4801
544.jpg,How many legends are present in the 1790-1920 period section?,7,['Visual'],Counting,_choropleth,0.5–2MP,_country,5354,4802
544.jpg,By what amount is the land in this map scaled?,34000000,['Other'],Single Entity,_choropleth,0.5–2MP,_country,5355,4803
544.jpg,Which state boundaries are touching Colorado in this map?,none,['Positional'],Single Entity,_choropleth,0.5–2MP,_country,5356,4804
544.jpg,What is the color of Alaska in this map?,Green,['Visual'],Single Entity,_choropleth,0.5–2MP,_country,5357,4805
544.jpg,Which category from the legend represents the maximum area on the map?,States,['Other'],Single Entity,_choropleth,0.5–2MP,_country,5358,4806
544.jpg,Mention the name of a foreign area in the map.,none,['Other'],Single Entity,_choropleth,0.5–2MP,_country,5359,4807
544.jpg,What color represents the territories in the United States: 1790-1920 period?,Blue,['Visual'],Single Entity,_choropleth,0.5–2MP,_country,5360,4808
544.jpg,What year is specifically labeled within the boundary of the state of Colorado?,1803,"['Visual', 'Positional']",Single Entity,_choropleth,0.5–2MP,_country,5361,4809
545.png,What is the value of the darkest state east of Iowa?,12882135,"['Visual', 'Positional', 'Comparative']",Single Entity,_choropleth,0.5–2MP,_country,5362,4810
545.png,Name the states with the lightest value along the east coast.,Delaware,"['Visual', 'Positional', 'Comparative']",Single Entity,_choropleth,0.5–2MP,_country,5363,4811
545.png,"Which one is darker, Vermont or Hawaii?",Hawaii,"['Visual', 'Comparative']",Single Entity,_choropleth,0.5–2MP,_country,5365,4812
545.png,Name the states that are adjacent to Kansas that have the same color.,Oklahoma,"['Visual', 'Positional']",Single Entity,_choropleth,0.5–2MP,_country,5367,4813
545.png,How many dark red states are there?,7,['Visual'],Counting,_choropleth,0.5–2MP,_country,5371,4814
546.jpg,what place is listed right next to Hu-Song Freeway?,Fengxiang,['Positional'],Single Entity,_network,2–8MP,_city,5372,4815
546.jpg,what is located at 181 Taichang road?,New World,['Positional'],Single Entity,_network,2–8MP,_city,5374,4816
546.jpg,What is located on 170 Anyuan Rd?,jade buddha temple,['Positional'],Single Entity,_network,2–8MP,_city,5376,4817
546.jpg,"I am consulting this number ""59185220"" where am I going?",Sihai Kettle Museam,['Positional'],Single Entity,_network,2–8MP,_city,5377,4818
546.jpg,"According to the map, what is the address of Ancient Temple in Zhenru?",5 Houshanmen,['Other'],Single Entity,_network,2–8MP,_city,5378,4819
546.jpg,What rail line would I take from the shanghai stop?,No 1 rail line,['Other'],Single Entity,_network,2–8MP,_city,5380,4820
546.jpg,what district does the Country Golf Club fall into?,Qingpu District,['Other'],Single Entity,_network,2–8MP,_city,5381,4821
547.gif,Which number in an oval sits just above “Seattle”?,99,['Positional'],Single Entity,_network,0.1–0.5MP,_city,5382,4822
547.gif,What ferry terminal is at Vashon Island’s north tip?,Vashon,['Positional'],Single Entity,_network,0.1–0.5MP,_city,5383,4823
547.gif,Which terminal on the mainland lies directly west of Vashon Island?,Southworth,['Positional'],Single Entity,_network,0.1–0.5MP,_city,5384,4824
547.gif,Which black‑rectangle route number sits right below 164 east of Seattle?,163,['Positional'],Single Entity,_network,0.1–0.5MP,_city,5385,4825
547.gif,Which red two‑digit number lies just south of Gig Harbor?,10,"['Visual', 'Positional']",Single Entity,_network,0.1–0.5MP,_city,5386,4826
547.gif,White‑oval route number closest to the airplane symbol near Burien?,518,"['Positional', 'Comparative']",Single Entity,_network,0.1–0.5MP,_city,5387,4827
547.gif,Red single‑digit number beside the I‑5 shield east of Fauntleroy?,9,"['Visual', 'Positional']",Single Entity,_network,0.1–0.5MP,_city,5388,4828
547.gif,What label appears directly above the red 10 on the Kitsap Peninsula?,Kitsap Peninsula,"['Visual', 'Positional']",Single Entity,_network,0.1–0.5MP,_city,5389,4829
547.gif,Which island label appears just east of the Fauntleroy terminal?,none,"['Visual', 'Positional']",Single Entity,_network,0.1–0.5MP,_city,5390,4830
547.gif,Which black‑rectangle highway number sits beside the arrow pointing to Renton?,154,['Other'],Single Entity,_network,0.1–0.5MP,_city,5391,4831
548.jpg,what is the color on india in this map?,Yellow,['Visual'],Single Entity,_multiple,0.5–2MP,_world,5392,4832
548.jpg,"what is the color in brazil according to this map, how much decrease?",Yellow,"['Visual', 'Comparative']",Single Entity,_multiple,0.5–2MP,_world,5393,4833
548.jpg,which color is most dominant in north africa region?,RED,"['Visual', 'Positional', 'Comparative']",Single Entity,_multiple,0.5–2MP,_world,5394,4834
548.jpg,WHICH SIDE OF INDIA IS SEEING DECREASE IN GROUNDWATER RESOURCES THE MOST?,Northern,"['Positional', 'Comparative']",Single Entity,_multiple,0.5–2MP,_world,5395,4835
548.jpg,How many countries neighboring india have more than 70% decrease in groundwater resources according,2,['Comparative'],Counting,_multiple,0.5–2MP,_world,5397,4836
548.jpg,What is the color of the country east of india and above bay of bengal before myanmar?,White,"['Visual', 'Positional']",Single Entity,_multiple,0.5–2MP,_world,5401,4837
549.jpg,Which haplogroup is most widespread across Asia and the Americas?,D,"['Positional', 'Comparative']",Single Entity,_network,0.5–2MP,_world,5403,4838
549.jpg,How many haplogroups are shown migrating into Europe?,5,['Visual'],Counting,_network,0.5–2MP,_world,5404,4839
549.jpg,Which haplogroup has migration into Africa?,C,['Other'],Single Entity,_network,0.5–2MP,_world,5405,4840
549.jpg,Which haplogroup appears in both Europe and Central Asia?,W,['Visual'],Single Entity,_network,0.5–2MP,_world,5406,4841
549.jpg,Which haplogroup has a path leading into the British Isles?,T,['Other'],Single Entity,_network,0.5–2MP,_world,5407,4842
549.jpg,Which haplogroup entered Europe via the Balkans?,T,['Other'],Single Entity,_network,0.5–2MP,_world,5411,4843
550.webp,Which direction did humans migrate after reaching Saudi Arabia that would be closest chronologically,South Asia and Southeast Asia,"['Positional', 'Comparative']",Single Entity,_network,2–8MP,_world,5412,4844
550.webp,What is the exact hexcode of the arrows?,#5fa862,['Other'],Single Entity,_network,2–8MP,_world,5413,4845
550.webp,An arrow points to the pacific ocean. When did humans migrate physically to the Pacific Ocean?,never,['Other'],Single Entity,_network,2–8MP,_world,5415,4846
550.webp,How many pointed arrows are in the map total?,5,['Other'],Counting,_network,2–8MP,_world,5416,4847
550.webp,How many pointed arrows are pointing to or generally going towards the left,3,['Positional'],Counting,_network,2–8MP,_world,5418,4848
550.webp,"The three arrows into Europe, North Africa, and South Africa, resemble a shape.",A trident,"['Visual', 'Positional']",Single Entity,_network,2–8MP,_world,5419,4849
550.webp,"Reverse the number of the latest migration, what is the number?",00021,['Other'],Single Entity,_network,2–8MP,_world,5421,4850
551.jpg,"according to the map, what is in between senegal and morrocco?",Maurtania,['Positional'],Single Entity,_divisional,0.1–0.5MP,_world,5422,4851
551.jpg,according to the map what time zone is it in papua new guinea?,+9 & +10,['Other'],Single Entity,_divisional,0.1–0.5MP,_world,5423,4852
551.jpg,what islands are shown to be in the -8 time?,Clipperton Island & Pitcairn Islands,['Visual'],Single Entity,_divisional,0.1–0.5MP,_world,5424,4853
551.jpg,"according to the map only, what time zone is greenland fall into?",-3,['Other'],Single Entity,_divisional,0.1–0.5MP,_world,5425,4854
551.jpg,"according to the map, what is in between senegal and cote divor?",Guinea,['Positional'],Single Entity,_divisional,0.1–0.5MP,_world,5427,4855
551.jpg,"According to the map, what is the time of the nicobar islands?",+5.5,['Other'],Single Entity,_divisional,0.1–0.5MP,_world,5429,4856
551.jpg,What time zone is the british indian island time zone?,+6,['Other'],Single Entity,_divisional,0.1–0.5MP,_world,5430,4857
551.jpg,what time zone is it at the bay of bengal?,+5.5 or +6,['Other'],Single Entity,_divisional,0.1–0.5MP,_world,5431,4858
552.jpg,number of unique color used to represent the timezones in this map?,10,['Visual'],Counting,_divisional,0.5–2MP,_world,5432,4859
552.jpg,number of colors used to represent the timezone of Greenland?,3,['Visual'],Counting,_divisional,0.5–2MP,_world,5433,4860
552.jpg,number of colors used to represent the timezone of russia?,5,['Visual'],Counting,_divisional,0.5–2MP,_world,5435,4861
552.jpg,Can map area show real-world area?,Yes,['Other'],Boolean,_divisional,0.5–2MP,_world,5438,4862
552.jpg,number of countries whose UTC difference is not a whole number?,10,['Other'],Single Entity,_divisional,0.5–2MP,_world,5439,4863
552.jpg,what is the UTC for venezuela?,UTC-4 1/2,['Other'],Single Entity,_divisional,0.5–2MP,_world,5440,4864
553.png,"From the image, How many distinct time zones in north America?",7,['Positional'],Counting,_divisional,0.5–2MP,_world,5442,4865
553.png,"From the image, how many times does the colour change in north america?",7,"['Visual', 'Positional']",Counting,_divisional,0.5–2MP,_world,5443,4866
553.png,From the image? How many distinct time zones in Africa?,4,['Other'],Counting,_divisional,0.5–2MP,_world,5444,4867
553.png,From the image? How many distinct time zones in South America?,3,['Positional'],Counting,_divisional,0.5–2MP,_world,5447,4868
553.png,"From the image, what time zone does India's northeastern neighbour follow?",8,['Positional'],Single Entity,_divisional,0.5–2MP,_world,5448,4869
553.png,How many continents follow the -3 zone? Answer by taking reference to the image.,2,['Other'],Counting,_divisional,0.5–2MP,_world,5449,4870
553.png,"Answer by taking reference to the image, what zone does greenland falls under?",-3,['Comparative'],Single Entity,_divisional,0.5–2MP,_world,5450,4871
553.png,"Answer by taking reference to the image, does -2 zone is followed by any place?",No,['Other'],Boolean,_divisional,0.5–2MP,_world,5451,4872
554.gif,How many timezones are observed on the map,25,['Other'],Counting,_divisional,0.5–2MP,_world,5452,4873
554.gif,How many countries in Africa don't follow DST,4,['Other'],Counting,_divisional,0.5–2MP,_world,5453,4874
554.gif,How many countries are there in the R timezone,13,['Other'],Counting,_divisional,0.5–2MP,_world,5454,4875
554.gif,How many countries with partial-hour timezones,7,['Other'],Counting,_divisional,0.5–2MP,_world,5455,4876
554.gif,How many timezones are observed in South America,5,['Positional'],Counting,_divisional,0.5–2MP,_world,5456,4877
554.gif,How many countries follow -11 timezone,2,['Other'],Counting,_divisional,0.5–2MP,_world,5457,4878
554.gif,"Is there an exception in the timezone, eg x timezone followed in y zone",Yes,['Other'],Boolean,_divisional,0.5–2MP,_world,5458,4879
554.gif,How many countries have a 45min offset?,2,['Other'],Counting,_divisional,0.5–2MP,_world,5459,4880
554.gif,How many countries with partial-hour timezones,6,['Other'],Counting,_divisional,0.5–2MP,_world,5460,4881
554.gif,How many states in US don't follow dst,2,['Other'],Counting,_divisional,0.5–2MP,_world,5461,4882
555.jpg,How many legends are present in this image?,25,['Other'],Counting,_layout,0.5–2MP,_building,5462,4883
555.jpg,"On the west side, are there seats for disabled allocated looking at the legends?",No,['Positional'],Boolean,_layout,0.5–2MP,_building,5463,4884
555.jpg,120 number represents whom from the legends?,Safe Standing,['Other'],Single Entity,_layout,0.5–2MP,_building,5466,4885
555.jpg,Which seats are close to Field 7?,East Sideline C,['Other'],Single Entity,_layout,0.5–2MP,_building,5467,4886
555.jpg,Platinum seats are on which side in the stadium?,west side,['Positional'],Single Entity,_layout,0.5–2MP,_building,5468,4887
555.jpg,Which side has an entry for players in this stadium?,South Side,['Positional'],Single Entity,_layout,0.5–2MP,_building,5470,4888
555.jpg,Which side has the highest sitting capacity?,east side,"['Positional', 'Comparative']",Single Entity,_layout,0.5–2MP,_building,5471,4889
556.jpg,Which division is Brahmapuri part of?,Forest,['Other'],Single Entity,_isopleth,2–8MP,_region,5472,4890
556.jpg,What type of reserve is Tadoba-Andhari?,Tiger,['Other'],Single Entity,_isopleth,2–8MP,_region,5473,4891
556.jpg,Is Kondegaon a city or village?,Village,['Other'],Boolean,_isopleth,2–8MP,_region,5474,4892
556.jpg,Name a settlement near Sitarampeth.,Moharli,['Positional'],Single Entity,_isopleth,2–8MP,_region,5475,4893
556.jpg,What is the district name for Tadoba-Andhari?,Chandrapur,['Other'],Single Entity,_isopleth,2–8MP,_region,5476,4894
556.jpg,Which forest division is mentioned?,Brahmapuri,['Other'],Single Entity,_isopleth,2–8MP,_region,5477,4895
556.jpg,What is the name of the tiger reserve?,Tadoba-Andhari,['Other'],Single Entity,_isopleth,2–8MP,_region,5478,4896
556.jpg,Name a village near Moharli.,Kondegaon,['Positional'],Single Entity,_isopleth,2–8MP,_region,5479,4897
556.jpg,Which village is closest to Tadoba reserve?,Moharli,['Comparative'],Single Entity,_isopleth,2–8MP,_region,5480,4898
556.jpg,What is the administrative level of Moharli?,Village,['Other'],Single Entity,_isopleth,2–8MP,_region,5481,4899
557.jpg,How many districts are on the map?,10,['Other'],Counting,_divisional,2–8MP,_city,5482,4900
557.jpg,The district where New Delhi is located is west of which district?,East,['Positional'],Single Entity,_divisional,2–8MP,_city,5483,4901
557.jpg,How many districts are there between Haryana and Uttar Pradesh,10,['Positional'],Counting,_divisional,2–8MP,_city,5485,4902
557.jpg,Which district is north and west of Central?,North,['Positional'],Single Entity,_divisional,2–8MP,_city,5491,4903
226.jpg,how many counties are connected to missouri?,2,['Positional'],Counting,_divisional,0.1–0.5MP,_state,5492,4904
226.jpg,how many counties are connected to arkansas?,4,['Positional'],Counting,_divisional,0.1–0.5MP,_state,5493,4905
226.jpg,how many counties are connected to Mississippi?,5,['Positional'],Counting,_divisional,0.1–0.5MP,_state,5494,4906
226.jpg,how many counties have yellow colour?,8,['Visual'],Counting,_divisional,0.1–0.5MP,_state,5495,4907
226.jpg,how many counties have orange colour?,13,['Visual'],Counting,_divisional,0.1–0.5MP,_state,5496,4908
226.jpg,how many counties have purple colour?,7,['Visual'],Counting,_divisional,0.1–0.5MP,_state,5497,4909
226.jpg,number of unique colors used to identify the counties in Tennessee?,11,['Visual'],Single Entity,_divisional,0.1–0.5MP,_state,5498,4910
226.jpg,number of USA states present in it?,10,['Other'],Counting,_divisional,0.1–0.5MP,_state,5499,4911
226.jpg,is there a state with name missing? true or false,true,['Other'],Boolean,_divisional,0.1–0.5MP,_state,5500,4912
226.jpg,does image have information to relate the size of county with it's actual size in real world?,true,['Visual'],Boolean,_divisional,0.1–0.5MP,_state,5501,4913
558.jpg,Which city lies furthest south on this map?,Chhoti Sadri,"['Positional', 'Comparative']",Single Entity,_divisional,0.5–2MP,_region,5502,4914
558.jpg,Which city is directly east of Chittorgarh?,Bijaipur,['Positional'],Single Entity,_divisional,0.5–2MP,_region,5503,4915
559.png,How many main provinces can you see?,7,['Visual'],Counting,_divisional,0.1–0.5MP,_country,5504,4916
559.png,How many secondary provinces can you see in Hirshabelle?,2,['Visual'],Counting,_divisional,0.1–0.5MP,_country,5505,4917
559.png,How many secondary provinces can you see in Puntland?,3,['Visual'],Counting,_divisional,0.1–0.5MP,_country,5506,4918
559.png,How many of the provinces in previous question are labelled in the map?,5,['Visual'],Counting,_divisional,0.1–0.5MP,_country,5507,4919
559.png,How many secondary provinces can you see in SouthWest State?,4,"['Visual', 'Positional']",Counting,_divisional,0.1–0.5MP,_country,5508,4920
559.png,"According to this image, how many water bodies run from East to West across Jubaland?",1,['Positional'],Counting,_divisional,0.1–0.5MP,_country,5509,4921
559.png,"According to this image, how many water bodies run from North to South across Jubaland?",1 ,['Positional'],Counting,_divisional,0.1–0.5MP,_country,5510,4922
559.png,"According to this image, How many water bodies originate in the red region?",1,['Visual'],Counting,_divisional,0.1–0.5MP,_country,5511,4923
559.png,How many water bodies can be seen in Galmudug?,0,['Visual'],Counting,_divisional,0.1–0.5MP,_country,5512,4924
559.png,"In a shortest distance, how many water bodies do I need to cross to reach Sanaag from Awdal?",2,"['Positional', 'Comparative']",Counting,_divisional,0.1–0.5MP,_country,5513,4925
560.webp,"Name country that are marked ""Service Possible"" for any part in Asia?",Russia,['Visual'],Single Entity,_isopleth,0.5–2MP,_world,5516,4926
560.webp,"Name the continent that are marked ""Service Available"" for entire area?",Australia,['Visual'],Single Entity,_isopleth,0.5–2MP,_world,5519,4927
560.webp,"Name the island near Africa that lies in ""Service possible""?",Madagascar,['Positional'],Single Entity,_isopleth,0.5–2MP,_world,5520,4928
560.webp,"Name the island near Australia that lies in ""Service possible""?",New Zealand,['Positional'],Single Entity,_isopleth,0.5–2MP,_world,5521,4929
560.webp,"Is Ukraine marked as ""Service available"" for majority area ?",Yes,['Visual'],Boolean,_isopleth,0.5–2MP,_world,5522,4930
560.webp,"Is northern China marked as ""Service Available"" for majority area ?",Yes,"['Visual', 'Positional']",Boolean,_isopleth,0.5–2MP,_world,5523,4931
561.png,Is any red‑dot city located inside the yellow zone?,No,"['Visual', 'Positional']",Boolean,_conflict,0.1–0.5MP,_country,5524,4932
561.png,Is the yellow area a single contiguous block or split in two?,Contiguous block,['Visual'],Boolean,_conflict,0.1–0.5MP,_country,5525,4933
561.png,Is Las Anod shown inside the yellow zone or the pink zone?,Pink,"['Visual', 'Positional']",Boolean,_conflict,0.1–0.5MP,_country,5526,4934
561.png,Do most blue river lines lie inside gray regions?,Yes,"['Visual', 'Positional', 'Comparative']",Boolean,_conflict,0.1–0.5MP,_country,5527,4935
561.png,Are any yellow dots found inside the pink zone?,Yes,"['Visual', 'Positional']",Boolean,_conflict,0.1–0.5MP,_country,5528,4936
561.png,Is there a red dot located at Burao inside the yellow area?,Yes,"['Visual', 'Positional']",Boolean,_conflict,0.1–0.5MP,_country,5529,4937
561.png,Is the yellow zone divided by a pink corridor that reaches the coast?,Yes,['Visual'],Boolean,_conflict,0.1–0.5MP,_country,5530,4938
561.png,Does the yellow area include two separate coastal segments?,No,['Visual'],Boolean,_conflict,0.1–0.5MP,_country,5531,4939
561.png,Does Las Anod’s red dot sit right on the boundary between yellow and pink?,Yes,"['Visual', 'Positional']",Boolean,_conflict,0.1–0.5MP,_country,5532,4940
561.png,Is the label “Las Anod” written in blue text or red text?,Blue,['Visual'],Boolean,_conflict,0.1–0.5MP,_country,5533,4941
561.png,Does any blue river line enter the yellow zone?,No,['Visual'],Boolean,_conflict,0.1–0.5MP,_country,5534,4942
561.png,Do most blue rivers originate inside gray regions or pink regions?,Gray,"['Visual', 'Positional', 'Comparative']",Boolean,_conflict,0.1–0.5MP,_country,5535,4943
562.png,How many postal‑sorting hubs are listed for Port Shepstone in the top table?,2,"['Positional', 'Comparative']",Counting,_mixed,0.5–2MP,_country,5536,4944
562.png,Which sorting center name appears exactly twice in the table?,Durmail 2,"['Visual', 'Positional']",Single Entity,_mixed,0.5–2MP,_country,5537,4945
562.png,How many hub‑circle icons are in Northern Cape on the map?,2,['Positional'],Counting,_mixed,0.5–2MP,_country,5538,4946
562.png,Which province name is white‑lettered on teal?,Eastern Cape,['Other'],Single Entity,_mixed,0.5–2MP,_country,5540,4947
562.png,Is Durban shown as a hub circle or just a plain label?,Hub circle,['Visual'],Boolean,_mixed,0.5–2MP,_country,5541,4948
562.png,How many coastal hubs line the Indian Ocean?,4,['Other'],Counting,_mixed,0.5–2MP,_country,5542,4949
562.png,How many provinces have exactly two hub circles on the map?,3,['Other'],Counting,_mixed,0.5–2MP,_country,5543,4950
562.png,Is KwaZulu‑Natal listed more than once in the postal‑code table?,No,['Comparative'],Boolean,_mixed,0.5–2MP,_country,5544,4951
562.png,Which province shown on the map has no postal‑code entries in the top table?,Gauteng,"['Visual', 'Positional', 'Comparative']",Single Entity,_mixed,0.5–2MP,_country,5545,4952
562.png,Which province has exactly three postal‑code ranges listed?,Free State,['Other'],Single Entity,_mixed,0.5–2MP,_country,5546,4953
562.png,"In the Gauteng inset, is Potchefstroom inside that box?",No,['Positional'],Boolean,_mixed,0.5–2MP,_country,5547,4954
563.jpg,Which French port does the arrow from Britain point to: Le Havre or Cherbourg?,Le Havre,['Other'],Single Entity,_conflict,0.1–0.5MP,_subcontinent,5548,4955
563.jpg,Is Cherbourg connected to any arrow on the map?,No,['Positional'],Boolean,_conflict,0.1–0.5MP,_subcontinent,5549,4956
563.jpg,Is the port east of Utah Beach labeled Cherbourg or Le Havre?,Le Havre,"['Visual', 'Positional']",Boolean,_conflict,0.1–0.5MP,_subcontinent,5550,4957
563.jpg,Is the Ardennes‑Alsace region shaded darker than the Rhineland region?,Yes,"['Visual', 'Comparative']",Boolean,_conflict,0.1–0.5MP,_subcontinent,5551,4958
563.jpg,Which region is shaded lighter: Ardennes‑Alsace or Central Europe?,Central Europe,"['Visual', 'Comparative']",Single Entity,_conflict,0.1–0.5MP,_subcontinent,5552,4959
563.jpg,Is Rhineland shaded the same color as Northern France?,No,"['Visual', 'Positional']",Boolean,_conflict,0.1–0.5MP,_subcontinent,5553,4960
