sample_id,screening_id,source_row,image_name,question,correct_answer,answer_type,question_type,tag_combo,map_type,geographic_level,reward_pattern,correct_generations,num_generations,mean_reward,diagnostic_class,selection_reason
1,1,0,1.webp,Which territory occupied in 1967 appears furthest south on this image?,Sinai,Single Entity,"['Visual', 'Positional', 'Comparative']",Comparative+Positional+Visual,_conflict,_country,"1,1,1,1",4,4,1.0,all_correct,balance_Comparative+Positional+Visual_easy_all_correct
2,2,1,1.webp,How many bodies of water are visible on this map?,3,Counting,['Visual'],Visual,_conflict,_country,"0,0,1,1",2,4,0.5,mixed,retain_all_mixed_signal
5,5,4,1.webp,What is the color used to represent land occupied by Israel in 1967?,Light beige or tan,Single Entity,['Visual'],Visual,_conflict,_country,"0,0,0,0",0,4,0.0,all_wrong,balance_Visual_hard_all_wrong
7,7,7,1.webp,Which occupied territory appears largest by area on this specific image?,Sinai,Single Entity,"['Visual', 'Comparative']",Comparative+Visual,_conflict,_country,"1,1,1,1",4,4,1.0,all_correct,balance_Comparative+Visual_easy_all_correct
8,8,8,1.webp,Which country appears at the northeastern corner of this map?,Syria,Single Entity,"['Visual', 'Positional']",Positional+Visual,_conflict,_country,"1,1,1,1",4,4,1.0,all_correct,balance_Positional+Visual_easy_all_correct
9,9,9,1.webp,What geographical feature appears as light blue areas within Israel's territory?,Lakes/water bodies,Single Entity,"['Visual', 'Positional']",Positional+Visual,_conflict,_country,"0,0,0,0",0,4,0.0,all_wrong,balance_Positional+Visual_hard_all_wrong
10,10,10,2.webp,which city is the most west?,Zaporizhzhia,Single Entity,"['Positional', 'Comparative']",Comparative+Positional,_conflict,_region,"0,0,0,0",0,4,0.0,all_wrong,balance_Comparative+Positional_hard_all_wrong
11,11,11,2.webp,which city is Pokrovsk farthest from?,Melitipol,Single Entity,['Comparative'],Comparative,_conflict,_region,"0,0,0,0",0,4,0.0,all_wrong,balance_Comparative_hard_all_wrong
12,12,12,2.webp,which classification is Zaporizhzhia under?,none,Single Entity,['Comparative'],Comparative,_conflict,_region,"0,0,0,0",0,4,0.0,all_wrong,balance_Comparative_hard_all_wrong
15,15,15,2.webp,how many of the cities are in Limited Russian Military control?,0,Counting,['Other'],Other,_conflict,_region,"0,0,1,1",2,4,0.5,mixed,retain_all_mixed_signal
16,16,16,2.webp,what category is Kharkiv under?,none,Single Entity,['Comparative'],Comparative,_conflict,_region,"0,0,0,0",0,4,0.0,all_wrong,balance_Comparative_hard_all_wrong
17,17,18,2.webp,how many different categories are there?,4,Counting,['Other'],Other,_conflict,_region,"1,1,1,1",4,4,1.0,all_correct,balance_Other_easy_all_correct
18,18,19,2.webp,which city is the most north?,Kharkiv,Single Entity,"['Positional', 'Comparative']",Comparative+Positional,_conflict,_region,"1,1,1,1",4,4,1.0,all_correct,balance_Comparative+Positional_easy_all_correct
19,19,20,3.png,Which U.S. state shows a high density of both red and blue dots in its southern region,Texas,Single Entity,"['Visual', 'Positional', 'Comparative']",Comparative+Positional+Visual,_marker,_country,"1,1,1,1",4,4,1.0,all_correct,balance_Comparative+Positional+Visual_easy_all_correct
20,20,21,3.png,In which region of the U.S. are red dots most concentrated?,Southwest,Single Entity,"['Visual', 'Comparative']",Comparative+Visual,_marker,_country,"0,0,0,0",0,4,0.0,all_wrong,balance_Comparative+Visual_hard_all_wrong
21,21,22,3.png,Which U.S. state has a large cluster of red dots along its western edge?,California,Single Entity,"['Visual', 'Positional', 'Comparative']",Comparative+Positional+Visual,_marker,_country,"1,1,1,1",4,4,1.0,all_correct,balance_Comparative+Positional+Visual_easy_all_correct
22,22,23,3.png,Are there more red or blue dots in Florida?,Blue,Boolean,"['Visual', 'Comparative']",Comparative+Visual,_marker,_country,"0,0,0,0",0,4,0.0,all_wrong,balance_Comparative+Visual_hard_all_wrong
23,23,24,3.png,Which Midwestern city shows a high density of blue dots near a large lake?,Chicago,Single Entity,"['Visual', 'Positional', 'Comparative']",Comparative+Positional+Visual,_marker,_country,"1,1,1,1",4,4,1.0,all_correct,balance_Comparative+Positional+Visual_easy_all_correct
24,24,25,3.png,Which state has the least visible red and blue dots across its entire area?,Wyoming,Single Entity,"['Visual', 'Positional', 'Comparative']",Comparative+Positional+Visual,_marker,_country,"0,0,0,0",0,4,0.0,all_wrong,balance_Comparative+Positional+Visual_hard_all_wrong
25,25,26,3.png,Is New York City more densely populated by blue or red dots?,Blue,Boolean,"['Visual', 'Comparative']",Comparative+Visual,_marker,_country,"0,0,0,0",0,4,0.0,all_wrong,balance_Comparative+Visual_hard_all_wrong
26,26,27,3.png,What color dominates along the southern border of Arizona?,Red,Single Entity,"['Visual', 'Positional']",Positional+Visual,_marker,_country,"1,1,1,1",4,4,1.0,all_correct,balance_Positional+Visual_easy_all_correct
27,27,28,3.png,Which color appears more frequently in Georgia?,Blue,Single Entity,"['Visual', 'Comparative']",Comparative+Visual,_marker,_country,"1,1,0,0",2,4,0.5,mixed,retain_all_mixed_signal
29,29,30,4.jpg,Which major river borders the western side of Lower Manhattan?,Hudson River,Single Entity,"['Positional', 'Comparative']",Comparative+Positional,_mixed,_city,"1,1,1,1",4,4,1.0,all_correct,balance_Comparative+Positional_easy_all_correct
30,30,33,4.jpg,What is the name of the bridge that connects Lower Manhattan to Brooklyn?,Brooklyn Bridge,Single Entity,"['Positional', 'Comparative']",Comparative+Positional,_mixed,_city,"1,1,1,1",4,4,1.0,all_correct,balance_Comparative+Positional_easy_all_correct
31,31,34,4.jpg,Which street appears to form the approximate northern border between Tribeca and Civic Center area?,Chambers Street,Single Entity,"['Visual', 'Positional']",Positional+Visual,_mixed,_city,"0,0,0,0",0,4,0.0,all_wrong,balance_Positional+Visual_hard_all_wrong
32,32,35,4.jpg,Name one street that runs through both the Financial District and Lower Manhattan.,Broadway,Single Entity,"['Positional', 'Comparative']",Comparative+Positional,_mixed,_city,"0,0,0,0",0,4,0.0,all_wrong,balance_Comparative+Positional_hard_all_wrong
36,36,39,4.jpg,Name one street that appears to run east-west through a significant portion of Tribeca.,Duane Street,Single Entity,"['Visual', 'Positional']",Positional+Visual,_mixed,_city,"0,0,0,0",0,4,0.0,all_wrong,balance_Positional+Visual_hard_all_wrong
43,43,46,5.png,Which state south of Ohio appears orange?,Tennessee,Single Entity,"['Visual', 'Positional']",Positional+Visual,_choropleth,_country,"0,1,0,0",1,4,0.25,mixed,retain_all_mixed_signal
44,44,48,6.png,"Based on the image, which state has the lowest median housing price?",Ohio,Single Entity,['Comparative'],Comparative,_choropleth,_country,"1,1,1,0",3,4,0.75,mixed,retain_all_mixed_signal
45,45,49,6.png,"Based on the image, is Idaho more expensive than Oregon?",no,Boolean,['Comparative'],Comparative,_choropleth,_country,"0,0,0,0",0,4,0.0,all_wrong,balance_Comparative_hard_all_wrong
46,46,50,6.png,"Based on the image, does Arizona have a higher median home price than New Mexico?",no,Boolean,['Comparative'],Comparative,_choropleth,_country,"0,1,0,0",1,4,0.25,mixed,retain_all_mixed_signal
47,47,51,6.png,"Based on the image, can you tell if Washington more expensive than Montana?",no,Boolean,['Comparative'],Comparative,_choropleth,_country,"0,0,0,0",0,4,0.0,all_wrong,balance_Comparative_hard_all_wrong
48,48,52,6.png,"Based on the image, which Great Lakes state is cheapest?",ohio,Single Entity,['Comparative'],Comparative,_choropleth,_country,"1,0,1,0",2,4,0.5,mixed,retain_all_mixed_signal
49,49,53,6.png,"Based on the image, is Maine more expensive than New Hampshire?",no,Boolean,['Comparative'],Comparative,_choropleth,_country,"0,0,0,0",0,4,0.0,all_wrong,balance_Comparative_hard_all_wrong
50,50,54,6.png,"Based on the image, is North Dakota data available?",no,Boolean,['Positional'],Positional,_choropleth,_country,"1,0,1,0",2,4,0.5,mixed,retain_all_mixed_signal
51,51,55,6.png,"Based on the image, can you tell if Montana's housing price in the 300k or 400k range?",no,Boolean,['Other'],Other,_choropleth,_country,"0,1,1,1",3,4,0.75,mixed,retain_all_mixed_signal
52,52,56,6.png,"Based on the image, does South Dakota have a housing price shown?",no,Boolean,"['Visual', 'Positional']",Positional+Visual,_choropleth,_country,"1,1,1,1",4,4,1.0,all_correct,balance_Positional+Visual_easy_all_correct
53,53,57,6.png,"Based on the image, how many states lack color data (are grayed out)?",4,Counting,['Visual'],Visual,_choropleth,_country,"1,1,0,1",3,4,0.75,mixed,retain_all_mixed_signal
55,55,59,7.png,"Which station is a shared transfer point for the Red, Green, and Yellow lines?",Gallery Place-Chinatown,Single Entity,['Visual'],Visual,_network,_city,"0,0,0,1",1,4,0.25,mixed,retain_all_mixed_signal
56,56,60,7.png,Which Metro line connects Greenbelt to Gallery Place-Chinatown?,Green Line,Single Entity,['Positional'],Positional,_network,_city,"0,0,1,0",1,4,0.25,mixed,retain_all_mixed_signal
60,60,64,7.png,Which line connects Fort Totten and West Hyattsville?,Green Line,Single Entity,['Positional'],Positional,_network,_city,"1,0,0,0",1,4,0.25,mixed,retain_all_mixed_signal
62,62,66,7.png,Which Metro station is closest to the National Mall?,Smithsonian,Single Entity,['Comparative'],Comparative,_network,_city,"0,0,0,0",0,4,0.0,all_wrong,balance_Comparative_hard_all_wrong
63,63,67,7.png,Which line has Anacostia and Navy Yard-Ballpark stations?,Green Line,Single Entity,['Other'],Other,_network,_city,"0,1,1,0",2,4,0.5,mixed,retain_all_mixed_signal
64,64,68,8.png,Which country in north america has the least democratic index,United States Of America,Single Entity,"['Positional', 'Comparative']",Comparative+Positional,_choropleth,_world,"0,0,0,0",0,4,0.0,all_wrong,balance_Comparative+Positional_hard_all_wrong
65,65,69,8.png,"Is the democratic index for Nepal greater than india, answer from the map",Yes,Boolean,['Comparative'],Comparative,_choropleth,_world,"0,0,0,0",0,4,0.0,all_wrong,balance_Comparative_hard_all_wrong
66,66,70,8.png,"Is the democratic index for South Africa greater than india, answer from the map",Yes,Boolean,"['Positional', 'Comparative']",Comparative+Positional,_choropleth,_world,"0,0,0,0",0,4,0.0,all_wrong,balance_Comparative+Positional_hard_all_wrong
67,67,71,8.png,Does Mauritius have more democracy index than South Africa,No,Boolean,"['Positional', 'Comparative']",Comparative+Positional,_choropleth,_world,"0,0,0,0",0,4,0.0,all_wrong,balance_Comparative+Positional_hard_all_wrong
69,69,74,8.png,Is Russia shaded a darker or lighter red than China?,Lighter Red,Boolean,"['Visual', 'Comparative']",Comparative+Visual,_choropleth,_world,"0,0,0,0",0,4,0.0,all_wrong,balance_Comparative+Visual_hard_all_wrong
70,70,75,8.png,Which African country appears to have the highest democracy index based on shading?,Malawi,Single Entity,"['Visual', 'Comparative']",Comparative+Visual,_choropleth,_world,"0,0,0,0",0,4,0.0,all_wrong,balance_Comparative+Visual_hard_all_wrong
72,72,77,8.png,Does India have a higher or lower democracy index than madagaskar? answer from map,Lower,Boolean,['Comparative'],Comparative,_choropleth,_world,"0,0,0,0",0,4,0.0,all_wrong,balance_Comparative_hard_all_wrong
73,73,78,9.jpeg,What color represents the highest life expectancy on the map?,Yellow,Single Entity,"['Visual', 'Comparative']",Comparative+Visual,_cartogram,_continent,"0,0,0,0",0,4,0.0,all_wrong,balance_Comparative+Visual_hard_all_wrong
74,74,79,9.jpeg,Which country in Southeast Asia has the lightest life expectancy color?,Philippines,Single Entity,"['Visual', 'Positional', 'Comparative']",Comparative+Positional+Visual,_cartogram,_continent,"0,0,0,0",0,4,0.0,all_wrong,balance_Comparative+Positional+Visual_hard_all_wrong
75,75,80,9.jpeg,Which country is directly south of China with a large population size?,India,Single Entity,"['Visual', 'Positional', 'Comparative']",Comparative+Positional+Visual,_cartogram,_continent,"1,1,1,1",4,4,1.0,all_correct,balance_Comparative+Positional+Visual_easy_all_correct
76,76,81,9.jpeg,Which country in the Middle East has the smallest population size?,Qatar,Single Entity,"['Visual', 'Positional', 'Comparative']",Comparative+Positional+Visual,_cartogram,_continent,"0,0,0,0",0,4,0.0,all_wrong,balance_Comparative+Positional+Visual_hard_all_wrong
77,77,82,9.jpeg,"Which country has a larger population size, Pakistan or Iran?",Pakistan,Single Entity,"['Visual', 'Comparative']",Comparative+Visual,_cartogram,_continent,"1,1,1,1",4,4,1.0,all_correct,balance_Comparative+Visual_easy_all_correct
78,78,83,9.jpeg,Which country in the Middle East has a medium brown life expectancy shade?,Iran,Single Entity,"['Visual', 'Positional']",Positional+Visual,_cartogram,_continent,"1,1,1,0",3,4,0.75,mixed,retain_all_mixed_signal
80,80,85,9.jpeg,Which country in the Middle East has a life expectancy color closest to yellow?,Oman,Single Entity,"['Visual', 'Positional', 'Comparative']",Comparative+Positional+Visual,_cartogram,_continent,"0,0,0,0",0,4,0.0,all_wrong,balance_Comparative+Positional+Visual_hard_all_wrong
81,81,86,9.jpeg,"Which country in Africa has a larger population size, Somalia or Eritrea?",Somalia,Single Entity,"['Visual', 'Comparative']",Comparative+Visual,_cartogram,_continent,"1,1,1,1",4,4,1.0,all_correct,balance_Comparative+Visual_easy_all_correct
82,82,87,9.jpeg,Which country in Africa has a life expectancy color closest to yellow?,Egypt,Single Entity,"['Visual', 'Comparative']",Comparative+Visual,_cartogram,_continent,"0,0,0,0",0,4,0.0,all_wrong,balance_Comparative+Visual_hard_all_wrong
83,83,88,10.jpeg,What is the southern most hospital that is also at least 2 miles away from the coast on the map?,Mission Hospital,Single Entity,"['Positional', 'Comparative']",Comparative+Positional,_marker,_county,"0,0,0,0",0,4,0.0,all_wrong,balance_Comparative+Positional_hard_all_wrong
84,84,89,10.jpeg,What is the third eastern most named clinic on the map?,Nellie Gail Urgent Care,Single Entity,"['Positional', 'Comparative']",Comparative+Positional,_marker,_county,"0,1,0,0",1,4,0.25,mixed,retain_all_mixed_signal
85,85,90,10.jpeg,How many hospital and clinic names are obscured by the legend on the map?,3,Counting,['Visual'],Visual,_marker,_county,"0,0,0,1",1,4,0.25,mixed,retain_all_mixed_signal
86,86,91,10.jpeg,What park is north of Irvine on the map?,Chino Hills State Park,Single Entity,['Positional'],Positional,_marker,_county,"1,1,1,1",4,4,1.0,all_correct,balance_Positional_easy_all_correct
88,88,93,10.jpeg,What clinic is south of the beach that is south of Irvine on the map?,Capistrano Beach Care Center,Single Entity,['Positional'],Positional,_marker,_county,"1,1,1,1",4,4,1.0,all_correct,balance_Positional_easy_all_correct
90,90,95,10.jpeg,What park is on the map?,Chino Hills State Park,Single Entity,['Other'],Other,_marker,_county,"1,1,1,1",4,4,1.0,all_correct,balance_Other_easy_all_correct
91,91,96,10.jpeg,What valley is on the map?,Temescal Valley,Single Entity,['Other'],Other,_marker,_county,"1,1,1,1",4,4,1.0,all_correct,balance_Other_easy_all_correct
93,93,99,11.jpg,How many parking structures or lots are clearly labeled on this map?,17,Counting,['Visual'],Visual,_layout,_campus,"0,0,0,0",0,4,0.0,all_wrong,balance_Visual_hard_all_wrong
94,94,100,11.jpg,How many bus stops are there in the close proximity to the medical centre?,4,Counting,['Positional'],Positional,_layout,_campus,"0,0,0,0",0,4,0.0,all_wrong,balance_Positional_hard_all_wrong
96,96,103,11.jpg,How many parking areas are designated for patients and visitors?,5,Counting,['Other'],Other,_layout,_campus,"0,0,0,0",0,4,0.0,all_wrong,balance_Other_hard_all_wrong
100,100,108,12.jpg,Which direction did Paraguay’s border move the least after the war?,South western,Single Entity,"['Positional', 'Comparative']",Comparative+Positional,_conflict,_country,"0,0,0,0",0,4,0.0,all_wrong,balance_Comparative+Positional_hard_all_wrong
101,101,109,12.jpg,Is the territory gained from Bolivia visually larger than any one of the areas lost to Argentina or,Yes,Boolean,['Comparative'],Comparative,_conflict,_country,"1,1,1,1",4,4,1.0,all_correct,balance_Comparative_easy_all_correct
102,102,110,12.jpg,Is the territory lost to Brazil wider east-to-west or longer north-to-south?,east to west,Boolean,['Comparative'],Comparative,_conflict,_country,"0,0,0,0",0,4,0.0,all_wrong,balance_Comparative_hard_all_wrong
104,104,112,12.jpg,Does the red pre-war border ever fully re-enter the post-war border on the map?,No,Boolean,"['Visual', 'Positional']",Positional+Visual,_conflict,_country,"0,0,0,1",1,4,0.25,mixed,retain_all_mixed_signal
105,105,113,12.jpg,Is any territory lost to Argentina located west of Paraguay’s modern border(post war)?,Yes,Boolean,['Positional'],Positional,_conflict,_country,"1,1,1,0",3,4,0.75,mixed,retain_all_mixed_signal
106,106,114,12.jpg,How many dams are present inside pre war line ?,2,Counting,['Positional'],Positional,_conflict,_country,"1,0,1,1",3,4,0.75,mixed,retain_all_mixed_signal
108,108,116,12.jpg,Which dam label appears closest to the southeastern edge of Paraguay’s border?,Itaipu Dam,Single Entity,"['Visual', 'Positional', 'Comparative']",Comparative+Positional+Visual,_conflict,_country,"0,1,0,0",1,4,0.25,mixed,retain_all_mixed_signal
109,109,117,12.jpg,Does the territory lost to Argentina connect directly to any Brazilian territory?,Yes,Boolean,['Other'],Other,_conflict,_country,"0,0,0,0",0,4,0.0,all_wrong,balance_Other_hard_all_wrong
115,115,123,13.png,How many gray states are touching maine?,0,Counting,['Visual'],Visual,_choropleth,_country,"1,0,0,0",1,4,0.25,mixed,retain_all_mixed_signal
118,118,126,14.png,Which continent on the map is colored the least?,Antarctica,Single Entity,"['Visual', 'Comparative']",Comparative+Visual,_choropleth,_world,"1,1,0,1",3,4,0.75,mixed,retain_all_mixed_signal
119,119,127,14.png,Is Hawaii displayed on the map?,Yes,Boolean,['Visual'],Visual,_choropleth,_world,"1,0,0,0",1,4,0.25,mixed,retain_all_mixed_signal
121,121,130,14.png,How many countries are darker than Niger on this map?,0,Counting,"['Visual', 'Comparative']",Comparative+Visual,_choropleth,_world,"0,0,0,0",0,4,0.0,all_wrong,balance_Comparative+Visual_hard_all_wrong
122,122,131,14.png,How many countries are darker than the country that is the darkest to the left of Chad on this map?,0,Counting,"['Visual', 'Positional', 'Comparative']",Comparative+Positional+Visual,_choropleth,_world,"0,0,0,0",0,4,0.0,all_wrong,balance_Comparative+Positional+Visual_hard_all_wrong
123,123,132,14.png,What is the name of the country that is darker than the country immediately North of Nigeria on this,None.,Single Entity,"['Visual', 'Positional', 'Comparative']",Comparative+Positional+Visual,_choropleth,_world,"0,0,0,0",0,4,0.0,all_wrong,balance_Comparative+Positional+Visual_hard_all_wrong
124,124,133,14.png,What is the name of the country that is darkest on this map?,Niger,Single Entity,"['Visual', 'Comparative']",Comparative+Visual,_choropleth,_world,"0,0,0,0",0,4,0.0,all_wrong,balance_Comparative+Visual_hard_all_wrong
125,125,134,14.png,What is the name of the country that is darker than Niger on this map?,None.,Single Entity,"['Visual', 'Comparative']",Comparative+Visual,_choropleth,_world,"0,0,0,0",0,4,0.0,all_wrong,balance_Comparative+Visual_hard_all_wrong
127,127,136,15.jpg,How many restrooms can a woman use here?,8,Counting,['Other'],Other,_layout,_building,"0,0,0,0",0,4,0.0,all_wrong,balance_Other_hard_all_wrong
133,133,142,15.jpg,How many bars and pubs do you see?,2,Counting,['Visual'],Visual,_layout,_building,"0,1,1,0",2,4,0.5,mixed,retain_all_mixed_signal
134,134,143,15.jpg,Is there a ramp on the side of the stadium that has the Aristocrat Club?,No,Boolean,['Positional'],Positional,_layout,_building,"0,0,1,0",1,4,0.25,mixed,retain_all_mixed_signal
135,135,144,15.jpg,How many sections begin with the letter E?,27,Counting,['Visual'],Visual,_layout,_building,"0,0,0,0",0,4,0.0,all_wrong,balance_Visual_hard_all_wrong
136,136,147,16.jpg,Which line has most construction phases?,Blue,Single Entity,['Comparative'],Comparative,_network,_city,"0,0,0,0",0,4,0.0,all_wrong,balance_Comparative_hard_all_wrong
138,138,149,16.jpg,What is the line with the most stations?,Blue,Single Entity,['Comparative'],Comparative,_network,_city,"0,0,0,0",0,4,0.0,all_wrong,balance_Comparative_hard_all_wrong
140,140,151,16.jpg,Which is the shortest metro line?,Green,Single Entity,['Comparative'],Comparative,_network,_city,"0,0,0,0",0,4,0.0,all_wrong,balance_Comparative_hard_all_wrong
151,151,162,17.jpg,Which station is the northern terminus of the Yellow Line (Line 2)?,Jahangirpuri,Single Entity,"['Visual', 'Positional']",Positional+Visual,_network,_city,"0,1,0,0",1,4,0.25,mixed,retain_all_mixed_signal
156,156,172,18.jpg,What is the time difference between Greenwich Mean Time (GMT) and the time zone labeled +10?,10 hours,Single Entity,"['Visual', 'Positional']",Positional+Visual,_divisional,_world,"1,1,1,1",4,4,1.0,all_correct,balance_Positional+Visual_easy_all_correct
157,157,173,18.jpg,What time zone is most of India located in?,+5:30,Single Entity,"['Positional', 'Comparative']",Comparative+Positional,_divisional,_world,"1,0,1,0",2,4,0.5,mixed,retain_all_mixed_signal
159,159,175,19.jpg,Which country spans the most time zones on this map?,Russia,Single Entity,['Comparative'],Comparative,_divisional,_world,"1,1,1,1",4,4,1.0,all_correct,balance_Comparative_easy_all_correct
161,161,177,19.jpg,Which ocean has the most time zone lines crossing it?,Pacific,Single Entity,['Comparative'],Comparative,_divisional,_world,"0,0,0,0",0,4,0.0,all_wrong,balance_Comparative_hard_all_wrong
162,162,178,19.jpg,Which large country is entirely in the same time zone despite spanning several?,China,Single Entity,['Comparative'],Comparative,_divisional,_world,"1,1,1,1",4,4,1.0,all_correct,balance_Comparative_easy_all_correct
163,163,179,19.jpg,What is the time zone offset of New Zealand (mainland)?,+12,Single Entity,['Other'],Other,_divisional,_world,"0,1,1,0",2,4,0.5,mixed,retain_all_mixed_signal
164,164,180,19.jpg,What is the westernmost country within the +3 time zone?,Turkey,Single Entity,"['Positional', 'Comparative']",Comparative+Positional,_divisional,_world,"0,0,0,0",0,4,0.0,all_wrong,balance_Comparative+Positional_hard_all_wrong
165,165,181,19.jpg,Which country lies mostly in the -3 time zone?,Brazil,Single Entity,['Positional'],Positional,_divisional,_world,"1,0,0,0",1,4,0.25,mixed,retain_all_mixed_signal
167,167,183,19.jpg,Which African country is almost entirely in the +1 time zone?,Algeria,Single Entity,['Other'],Other,_divisional,_world,"1,1,0,1",3,4,0.75,mixed,retain_all_mixed_signal
169,169,186,20.png,What is the exact density figure printed for China?,149,Single Entity,['Other'],Other,_cartogram,_continent,"1,1,1,1",4,4,1.0,all_correct,balance_Other_easy_all_correct
170,170,187,20.png,How many labelled countries have density greater than 300?,4,Counting,"['Visual', 'Comparative']",Comparative+Visual,_cartogram,_continent,"1,1,1,1",4,4,1.0,all_correct,balance_Comparative+Visual_easy_all_correct
171,171,188,20.png,"According to labels, does Turkey have a density over or under 120?",under,Boolean,"['Visual', 'Comparative']",Comparative+Visual,_cartogram,_continent,"0,0,0,0",0,4,0.0,all_wrong,balance_Comparative+Visual_hard_all_wrong
172,172,189,20.png,Count the labelled countries whose density value ends in the digit “9”.,2,Counting,['Visual'],Visual,_cartogram,_continent,"1,1,1,1",4,4,1.0,all_correct,balance_Visual_easy_all_correct
174,174,191,20.png,Count the number of countries that uses white text for its labelled name?,1,Counting,['Visual'],Visual,_cartogram,_continent,"0,0,0,0",0,4,0.0,all_wrong,balance_Visual_hard_all_wrong
175,175,192,20.png,How many labelled countries have density numbers that are three digits long?,6,Counting,['Visual'],Visual,_cartogram,_continent,"1,1,1,1",4,4,1.0,all_correct,balance_Visual_easy_all_correct
176,176,193,20.png,What exact digit does the density value for Iran end with?,1,Single Entity,['Other'],Other,_cartogram,_continent,"1,1,1,1",4,4,1.0,all_correct,balance_Other_easy_all_correct
177,177,194,20.png,"Of the countries shown, which one has its name printed the smallest (fewest letters)?",Iran,Single Entity,"['Visual', 'Comparative']",Comparative+Visual,_cartogram,_continent,"1,1,1,1",4,4,1.0,all_correct,balance_Comparative+Visual_easy_all_correct
181,181,198,21.jpeg,Which clinic is nearest to Saint Louise Regional Hospital,Bay Area Community Health,Single Entity,"['Positional', 'Comparative']",Comparative+Positional,_marker,_county,"1,1,1,0",3,4,0.75,mixed,retain_all_mixed_signal
182,182,199,21.jpeg,In the map are there more hospitals or clinics in south western part of map?,clinics,Boolean,"['Positional', 'Comparative']",Comparative+Positional,_marker,_county,"0,0,0,0",0,4,0.0,all_wrong,balance_Comparative+Positional_hard_all_wrong
183,183,200,21.jpeg,Is Action Urgent Care a clinic or hospital?,clinic,Boolean,['Other'],Other,_marker,_county,"0,0,0,0",0,4,0.0,all_wrong,balance_Other_hard_all_wrong
184,184,202,21.jpeg,Which Clinic according to the map is closest to henry coe state park?,De Paul Health Center.,Single Entity,['Comparative'],Comparative,_marker,_county,"1,1,1,1",4,4,1.0,all_correct,balance_Comparative_easy_all_correct
185,185,203,21.jpeg,Which other hospital is closer to Dominican Hospital?,Santa Cruz Post Acute Rehab,Single Entity,['Positional'],Positional,_marker,_county,"1,1,1,1",4,4,1.0,all_correct,balance_Positional_easy_all_correct
186,186,204,21.jpeg,Is scotts valley centre a hospital or clinic?,clinic,Boolean,['Other'],Other,_marker,_county,"0,0,0,0",0,4,0.0,all_wrong,balance_Other_hard_all_wrong
187,187,215,23.jpg,how many structures are visibly on the map?,21,Counting,['Visual'],Visual,_marker,_city,"0,0,0,0",0,4,0.0,all_wrong,balance_Visual_hard_all_wrong
188,188,216,23.jpg,which monument is closest to La Villette?,Sacre Coeur,Single Entity,['Comparative'],Comparative,_marker,_city,"0,0,0,0",0,4,0.0,all_wrong,balance_Comparative_hard_all_wrong
189,189,217,23.jpg,which monument or structure is closest to Parc Des Princes?,Parc Des Expositions,Single Entity,['Comparative'],Comparative,_marker,_city,"0,0,0,0",0,4,0.0,all_wrong,balance_Comparative_hard_all_wrong
191,191,219,23.jpg,how many of the structures or monuments images are above the river?,15,Counting,['Positional'],Positional,_marker,_city,"0,0,0,0",0,4,0.0,all_wrong,balance_Positional_hard_all_wrong
192,192,220,23.jpg,which structure or monument image is most south?,Montparnasse Tower,Single Entity,"['Positional', 'Comparative']",Comparative+Positional,_marker,_city,"0,0,0,0",0,4,0.0,all_wrong,balance_Comparative+Positional_hard_all_wrong
193,193,221,23.jpg,which structure or monument image is most west?,Parc Des Princes,Single Entity,"['Positional', 'Comparative']",Comparative+Positional,_marker,_city,"0,0,0,0",0,4,0.0,all_wrong,balance_Comparative+Positional_hard_all_wrong
194,194,222,23.jpg,how many green areas are there?,9,Counting,['Visual'],Visual,_marker,_city,"0,0,0,0",0,4,0.0,all_wrong,balance_Visual_hard_all_wrong
195,195,223,23.jpg,which monument or structure is closest to La Defense?,Arc de Triomphe,Single Entity,['Comparative'],Comparative,_marker,_city,"1,1,1,1",4,4,1.0,all_correct,balance_Comparative_easy_all_correct
196,196,224,23.jpg,is there a cemetery?,Yes,Boolean,['Other'],Other,_marker,_city,"1,1,1,1",4,4,1.0,all_correct,balance_Other_easy_all_correct
200,200,228,24.jpg,How many water bodies do you see?,3,Counting,['Visual'],Visual,_mixed,_city,"0,1,0,0",1,4,0.25,mixed,retain_all_mixed_signal
202,202,230,24.jpg,How many must see locations are at a park?,4,Counting,['Visual'],Visual,_mixed,_city,"0,0,1,0",1,4,0.25,mixed,retain_all_mixed_signal
204,204,232,24.jpg,Is more city above or below the highway shown?,Above,Boolean,"['Visual', 'Positional', 'Comparative']",Comparative+Positional+Visual,_mixed,_city,"0,0,0,0",0,4,0.0,all_wrong,balance_Comparative+Positional+Visual_hard_all_wrong
206,206,235,25.png,What color is South Africa colored in?,Orange.,Single Entity,"['Visual', 'Positional']",Positional+Visual,_choropleth,_world,"1,0,0,1",2,4,0.5,mixed,retain_all_mixed_signal
207,207,236,25.png,What color is India colored in?,Orange.,Single Entity,['Visual'],Visual,_choropleth,_world,"0,1,1,1",3,4,0.75,mixed,retain_all_mixed_signal
208,208,237,25.png,Are there are orange countries in North America?,Yes,Boolean,"['Visual', 'Positional']",Positional+Visual,_choropleth,_world,"1,1,1,1",4,4,1.0,all_correct,balance_Positional+Visual_easy_all_correct
209,209,238,25.png,Which color is Mongolia colored in?,orange,Single Entity,['Visual'],Visual,_choropleth,_world,"0,1,1,1",3,4,0.75,mixed,retain_all_mixed_signal
210,210,239,25.png,"Looking at the map, which country that borders India shares the same color?",Pakistan.,Single Entity,"['Visual', 'Positional']",Positional+Visual,_choropleth,_world,"1,1,1,1",4,4,1.0,all_correct,balance_Positional+Visual_easy_all_correct
213,213,243,26.png,Which state has the lightest (highest-value) color on the map?,Nebraska,Single Entity,"['Visual', 'Comparative']",Comparative+Visual,_choropleth,_country,"0,0,0,0",0,4,0.0,all_wrong,balance_Comparative+Visual_hard_all_wrong
214,214,244,26.png,Which southeastern state has the lowest-value (darkest purple) shade?,Mississippi,Single Entity,"['Visual', 'Positional', 'Comparative']",Comparative+Positional+Visual,_choropleth,_country,"0,0,0,0",0,4,0.0,all_wrong,balance_Comparative+Positional+Visual_hard_all_wrong
215,215,245,26.png,Which Midwestern state is darkest in color?,Illinois,Single Entity,"['Visual', 'Comparative']",Comparative+Visual,_choropleth,_country,"0,0,0,0",0,4,0.0,all_wrong,balance_Comparative+Visual_hard_all_wrong
216,216,246,26.png,Which state shows a value closest to the national minimum (deep blue)?,Alaska,Single Entity,"['Visual', 'Comparative']",Comparative+Visual,_choropleth,_country,"1,0,1,0",2,4,0.5,mixed,retain_all_mixed_signal
218,218,248,26.png,Which state directly west of Illinois has a much higher value (lighter shade)?,Lowa,Single Entity,"['Visual', 'Positional', 'Comparative']",Comparative+Positional+Visual,_choropleth,_country,"0,0,0,0",0,4,0.0,all_wrong,balance_Comparative+Positional+Visual_hard_all_wrong
220,220,250,27.jpg,Which zone is nearest to the video board?,E,Single Entity,"['Positional', 'Comparative']",Comparative+Positional,_layout,_building,"0,0,0,0",0,4,0.0,all_wrong,balance_Comparative+Positional_hard_all_wrong
221,221,252,27.jpg,What is the entry point of the student section?,Southeast Gate B,Single Entity,['Visual'],Visual,_layout,_building,"0,0,0,0",0,4,0.0,all_wrong,balance_Visual_hard_all_wrong
222,222,253,27.jpg,What is the difference between the 2024 premium price of the yellow zone and the purple zone?,500,Single Entity,"['Visual', 'Positional']",Positional+Visual,_layout,_building,"1,1,1,1",4,4,1.0,all_correct,balance_Positional+Visual_easy_all_correct
223,223,254,27.jpg,How many total gates are there on the map?,11,Counting,['Other'],Other,_layout,_building,"1,1,0,1",3,4,0.75,mixed,retain_all_mixed_signal
227,227,259,28.jpg,What color represents North America on this stylized world map?,Purple,Single Entity,"['Visual', 'Positional']",Positional+Visual,_cartogram,_world,"1,0,0,0",1,4,0.25,mixed,retain_all_mixed_signal
228,228,260,28.jpg,Which continent is depicted in bright yellow in the bottom right portion?,Australia,Single Entity,"['Visual', 'Positional', 'Comparative']",Comparative+Positional+Visual,_cartogram,_world,"1,1,1,1",4,4,1.0,all_correct,balance_Comparative+Positional+Visual_easy_all_correct
230,230,262,28.jpg,What color is used to represent South America on this map?,Green,Single Entity,"['Visual', 'Positional']",Positional+Visual,_cartogram,_world,"1,1,1,1",4,4,1.0,all_correct,balance_Positional+Visual_easy_all_correct
231,231,263,28.jpg,Which continent appears to have a thin red line extending southward from it?,Africa,Single Entity,['Visual'],Visual,_cartogram,_world,"0,0,0,0",0,4,0.0,all_wrong,balance_Visual_hard_all_wrong
232,232,264,28.jpg,What unusual feature connects Southeast Asia to Australia on this stylized map?,Yellow streaks or bridges,Single Entity,['Positional'],Positional,_cartogram,_world,"0,0,0,0",0,4,0.0,all_wrong,balance_Positional_hard_all_wrong
236,236,268,28.jpg,Which continent is represented with the most varied color palette?,Asia,Single Entity,"['Visual', 'Comparative']",Comparative+Visual,_cartogram,_world,"0,0,0,0",0,4,0.0,all_wrong,balance_Comparative+Visual_hard_all_wrong
238,238,270,29.png,The only point of interest in the map is near which time point?,F,Single Entity,['Positional'],Positional,_network,_neighborhood,"0,1,0,0",1,4,0.25,mixed,retain_all_mixed_signal
239,239,271,29.png,Which school is closest to San Carlos?,Heather School,Single Entity,['Comparative'],Comparative,_network,_neighborhood,"1,0,1,1",3,4,0.75,mixed,retain_all_mixed_signal
240,240,272,29.png,Which street has been mentioned twice in the map?,Club,Single Entity,['Other'],Other,_network,_neighborhood,"0,0,0,0",0,4,0.0,all_wrong,balance_Other_hard_all_wrong
241,241,273,29.png,What color is used to represent the bus route?,Orange,Single Entity,['Visual'],Visual,_network,_neighborhood,"1,1,1,1",4,4,1.0,all_correct,balance_Visual_easy_all_correct
243,243,276,29.png,What color is used to represent the schools?,Blue,Single Entity,['Visual'],Visual,_network,_neighborhood,"1,1,1,1",4,4,1.0,all_correct,balance_Visual_easy_all_correct
248,248,282,30.jpg,How many migration waves reach Australia?,2,Counting,['Other'],Other,_network,_world,"0,1,1,0",2,4,0.5,mixed,retain_all_mixed_signal
251,251,285,30.jpg,Which label is printed as the largest font?,MIGRATION OF EARLY HUMANS,Single Entity,"['Visual', 'Comparative']",Comparative+Visual,_network,_world,"0,1,1,1",3,4,0.75,mixed,retain_all_mixed_signal
253,253,287,30.jpg,Which is the westernmost continent on the map,Africa,Single Entity,"['Positional', 'Comparative']",Comparative+Positional,_network,_world,"1,1,0,1",3,4,0.75,mixed,retain_all_mixed_signal
255,255,289,31.png,"In the population cartogram (larger map), which candidate's territory appears larger in total area?",Obama,Single Entity,"['Visual', 'Comparative']",Comparative+Visual,_cartogram,_country,"1,1,0,1",3,4,0.75,mixed,retain_all_mixed_signal
256,256,290,31.png,How many blue states completely border only other blue states in the population cartogram?,8,Counting,"['Visual', 'Positional']",Positional+Visual,_cartogram,_country,"0,0,0,0",0,4,0.0,all_wrong,balance_Positional+Visual_hard_all_wrong
257,257,291,31.png,"On the conventional map, which Romney state is positioned furthest north?",Alaska,Single Entity,"['Positional', 'Comparative']",Comparative+Positional,_cartogram,_country,"1,0,0,0",1,4,0.25,mixed,retain_all_mixed_signal
258,258,292,31.png,Which state appears larger in the population cartogram compared to the conventional map?,New York,Single Entity,"['Visual', 'Comparative']",Comparative+Visual,_cartogram,_country,"0,0,0,0",0,4,0.0,all_wrong,balance_Comparative+Visual_hard_all_wrong
259,259,293,31.png,Which candidate won the cartogram’s most distorted states?,Obama,Single Entity,['Comparative'],Comparative,_cartogram,_country,"0,0,0,0",0,4,0.0,all_wrong,balance_Comparative_hard_all_wrong
261,261,295,31.png,"In the population cartogram, how many red states share a border with Florida?",0,Counting,"['Visual', 'Positional']",Positional+Visual,_cartogram,_country,"0,0,0,0",0,4,0.0,all_wrong,balance_Positional+Visual_hard_all_wrong
262,262,296,31.png,Which state in the Northeast region appears smallest in the population cartogram?,Vermont,Single Entity,"['Visual', 'Positional', 'Comparative']",Comparative+Positional+Visual,_cartogram,_country,"0,1,0,0",1,4,0.25,mixed,retain_all_mixed_signal
263,263,297,31.png,Which candidate won more recognizably shaped states on the cartogram?,Romney,Single Entity,"['Visual', 'Comparative']",Comparative+Visual,_cartogram,_country,"0,0,0,0",0,4,0.0,all_wrong,balance_Comparative+Visual_hard_all_wrong
268,268,302,32.jpg,does the route go through hollenbeck Avenue,No,Boolean,['Positional'],Positional,_network,_neighborhood,"0,0,1,0",1,4,0.25,mixed,retain_all_mixed_signal
270,270,304,32.jpg,Are there any loops in the route,No,Boolean,['Other'],Other,_network,_neighborhood,"1,0,0,1",2,4,0.5,mixed,retain_all_mixed_signal
272,272,307,32.jpg,How many right turn if you start from El camino real,11,Counting,['Positional'],Positional,_network,_neighborhood,"0,0,0,0",0,4,0.0,all_wrong,balance_Positional_hard_all_wrong
276,276,311,33.jpg,how many countries has 100+ billion barrels of oil?,2,Counting,['Other'],Other,_cartogram,_subcontinent,"1,1,0,0",2,4,0.5,mixed,retain_all_mixed_signal
278,278,315,33.jpg,is there a country in North or South America that has 100+ billion barrels of oil?,No,Boolean,['Positional'],Positional,_cartogram,_subcontinent,"1,1,1,1",4,4,1.0,all_correct,balance_Positional_easy_all_correct
281,281,318,33.jpg,is there a country in Africa that has 100+ barrels of oil?,No,Boolean,['Other'],Other,_cartogram,_subcontinent,"1,0,1,0",2,4,0.5,mixed,retain_all_mixed_signal
284,284,321,34.jpg,What is the easternmost island shown on this map?,Rogues Island,Single Entity,"['Visual', 'Positional', 'Comparative']",Comparative+Positional+Visual,_network,_region,"0,0,0,0",0,4,0.0,all_wrong,balance_Comparative+Positional+Visual_hard_all_wrong
285,285,322,34.jpg,Which mapping service is credited at the bottom right of this map?,OpenStreetMap or OpenMapiles,Single Entity,"['Positional', 'Comparative']",Comparative+Positional,_network,_region,"0,0,0,0",0,4,0.0,all_wrong,balance_Comparative+Positional_hard_all_wrong
286,286,323,34.jpg,"How many islands with ""Island"" in their name are shown on the western half of this map?",1,Counting,"['Visual', 'Positional']",Positional+Visual,_network,_region,"0,0,0,0",0,4,0.0,all_wrong,balance_Positional+Visual_hard_all_wrong
287,287,324,34.jpg,What is the smallest named island visible on this map?,Junk of Pork,Single Entity,"['Visual', 'Comparative']",Comparative+Visual,_network,_region,"1,1,0,0",2,4,0.5,mixed,retain_all_mixed_signal
293,293,330,35.jpg,What city is at the western end of the ferry line?,Boston,Single Entity,['Positional'],Positional,_network,_region,"1,1,1,0",3,4,0.75,mixed,retain_all_mixed_signal
296,296,333,35.jpg,What large body of water does the ferry route cross?,Massachusetts Bay,Single Entity,"['Positional', 'Comparative']",Comparative+Positional,_network,_region,"0,0,0,0",0,4,0.0,all_wrong,balance_Comparative+Positional_hard_all_wrong
297,297,334,35.jpg,Is Brockton directly along the ferry line?,No,Boolean,['Positional'],Positional,_network,_region,"0,1,1,1",3,4,0.75,mixed,retain_all_mixed_signal
298,298,335,35.jpg,"Which town is closer to the midpoint of the ferry route, Quincy or Revere?",Quincy,Single Entity,['Positional'],Positional,_network,_region,"0,1,0,1",2,4,0.5,mixed,retain_all_mixed_signal
300,300,337,35.jpg,What is the closest labeled city to the midpoint of the ferry route?,Quincy,Single Entity,"['Visual', 'Comparative']",Comparative+Visual,_network,_region,"1,0,1,1",3,4,0.75,mixed,retain_all_mixed_signal
303,303,340,36.png,Which region on the map is largely claimed by China but administered by India?,Arunachal Pradesh,Single Entity,['Other'],Other,_conflict,_subcontinent,"1,1,1,1",4,4,1.0,all_correct,balance_Other_easy_all_correct
306,306,343,36.png,Which city shown on the map is the capital of Jammu & Kashmir (administered by India)?,Srinagar,Single Entity,['Visual'],Visual,_conflict,_subcontinent,"1,1,1,1",4,4,1.0,all_correct,balance_Visual_easy_all_correct
308,308,345,36.png,Which disputed area is marked between India and China west of Arunachal Pradesh?,Aksai Chin,Single Entity,"['Visual', 'Positional']",Positional+Visual,_conflict,_subcontinent,"0,0,0,0",0,4,0.0,all_wrong,balance_Positional+Visual_hard_all_wrong
310,310,347,36.png,Which body of water is shown south of Bangladesh on the map?,Bay of Bengal,Single Entity,"['Visual', 'Positional']",Positional+Visual,_conflict,_subcontinent,"1,1,1,1",4,4,1.0,all_correct,balance_Positional+Visual_easy_all_correct
311,311,348,36.png,"Which country’s capital, shown on the map, is Delhi?",India,Single Entity,['Visual'],Visual,_conflict,_subcontinent,"1,1,1,1",4,4,1.0,all_correct,balance_Visual_easy_all_correct
312,312,349,37.jpg,"what ""must see thing"" is J?",Tanjong beach,Single Entity,['Visual'],Visual,_mixed,_city,"1,0,1,1",3,4,0.75,mixed,retain_all_mixed_signal
313,313,350,37.jpg,"what ""must see thing"" is S?",Sakya Muni Buddha Gaya Temple,Single Entity,['Visual'],Visual,_mixed,_city,"0,0,1,0",1,4,0.25,mixed,retain_all_mixed_signal
315,315,352,37.jpg,"which ""must see thing"" is most east?",Z or Katong district,Single Entity,"['Visual', 'Positional', 'Comparative']",Comparative+Positional+Visual,_mixed,_city,"0,0,0,0",0,4,0.0,all_wrong,balance_Comparative+Positional+Visual_hard_all_wrong
316,316,353,37.jpg,"which ""must see thing"" is most north?",Y or Geylang,Single Entity,"['Visual', 'Positional', 'Comparative']",Comparative+Positional+Visual,_mixed,_city,"0,0,0,0",0,4,0.0,all_wrong,balance_Comparative+Positional+Visual_hard_all_wrong
317,317,354,37.jpg,"which ""must see thing"" is most south?",J or Tanjong Beach,Single Entity,"['Visual', 'Positional', 'Comparative']",Comparative+Positional+Visual,_mixed,_city,"0,0,0,0",0,4,0.0,all_wrong,balance_Comparative+Positional+Visual_hard_all_wrong
318,318,355,37.jpg,"how many ""must see things"" are on the small island in the south?",4,Counting,"['Visual', 'Positional']",Positional+Visual,_mixed,_city,"0,0,0,0",0,4,0.0,all_wrong,balance_Positional+Visual_hard_all_wrong
320,320,357,37.jpg,"what letter is associated with ""must see thing"" Sentosa?",F,Single Entity,['Visual'],Visual,_mixed,_city,"1,1,0,1",3,4,0.75,mixed,retain_all_mixed_signal
322,322,359,38.jpg,"Using the provided map of Syria, which group has the least control on the northern border.",Government,Single Entity,"['Positional', 'Comparative']",Comparative+Positional,_conflict,_country,"0,0,0,0",0,4,0.0,all_wrong,balance_Comparative+Positional_hard_all_wrong
325,325,362,38.jpg,which group has control over Azaz?,Isis,Single Entity,['Comparative'],Comparative,_conflict,_country,"0,0,1,1",2,4,0.5,mixed,retain_all_mixed_signal
326,326,363,38.jpg,"Using the provided map of Syria, which group has the least control on the eastern border?",Government,Single Entity,"['Positional', 'Comparative']",Comparative+Positional,_conflict,_country,"0,0,0,0",0,4,0.0,all_wrong,balance_Comparative+Positional_hard_all_wrong
327,327,364,38.jpg,"Using the provided map of Syria, which group has the least control on the southern border?",Kurds,Single Entity,"['Positional', 'Comparative']",Comparative+Positional,_conflict,_country,"0,0,0,0",0,4,0.0,all_wrong,balance_Comparative+Positional_hard_all_wrong
328,328,365,38.jpg,which group has control over Mayadin?,Opposition,Single Entity,['Comparative'],Comparative,_conflict,_country,"0,0,0,0",0,4,0.0,all_wrong,balance_Comparative_hard_all_wrong
329,329,366,38.jpg,which group has the most control in Syria?,Government,Single Entity,['Comparative'],Comparative,_conflict,_country,"1,1,1,1",4,4,1.0,all_correct,balance_Comparative_easy_all_correct
330,330,367,38.jpg,which group has control over Homs?,Government,Single Entity,['Comparative'],Comparative,_conflict,_country,"1,1,1,1",4,4,1.0,all_correct,balance_Comparative_easy_all_correct
331,331,368,38.jpg,"Using the provided map of Syria, which group has the most control on the Lebanese border?",Government,Single Entity,"['Positional', 'Comparative']",Comparative+Positional,_conflict,_country,"1,1,1,1",4,4,1.0,all_correct,balance_Comparative+Positional_easy_all_correct
332,332,369,39.gif,how many routes leave from Rafina?,2,Counting,['Other'],Other,_network,_country,"0,0,1,0",1,4,0.25,mixed,retain_all_mixed_signal
336,336,373,39.gif,what color is the route between Ikaria and Paros?,green,Single Entity,"['Visual', 'Positional']",Positional+Visual,_network,_country,"0,0,1,0",1,4,0.25,mixed,retain_all_mixed_signal
343,343,380,40.jpg,Which NFL team is located furthest northwest on this Football Fan's Map?,Seattle Seahawks,Single Entity,"['Positional', 'Comparative']",Comparative+Positional,_layout,_building,"1,1,1,1",4,4,1.0,all_correct,balance_Comparative+Positional_easy_all_correct
346,346,383,40.jpg,Which team's information appears directly east of the Denver Broncos?,Kansas City Chiefs,Single Entity,"['Visual', 'Positional']",Positional+Visual,_layout,_building,"1,1,1,1",4,4,1.0,all_correct,balance_Positional+Visual_easy_all_correct
348,348,385,40.jpg,Which team appears in Wyoming on this Football Fan's Map?,Denver Broncos,Single Entity,['Visual'],Visual,_layout,_building,"1,0,0,0",1,4,0.25,mixed,retain_all_mixed_signal
349,349,386,40.jpg,What is written on the banner across the top of the map?,FOOTBALL FAN'S MAP,Single Entity,"['Positional', 'Comparative']",Comparative+Positional,_layout,_building,"1,1,1,1",4,4,1.0,all_correct,balance_Comparative+Positional_easy_all_correct
351,351,388,40.jpg,"Which team's information bubble appears directly above the ""Facts and Trivia"" section?",Miami Dolphins,Single Entity,"['Visual', 'Positional']",Positional+Visual,_layout,_building,"0,0,0,0",0,4,0.0,all_wrong,balance_Positional+Visual_hard_all_wrong
352,352,389,41.gif,Which U.S. location is closest to the Peace River shown on the map?,Petersburg,Single Entity,"['Visual', 'Positional', 'Comparative']",Comparative+Positional+Visual,_network,_subcontinent,"0,0,0,0",0,4,0.0,all_wrong,balance_Comparative+Positional+Visual_hard_all_wrong
353,353,390,41.gif,Which island city is the red route’s easternmost stop before reaching Cold Bay?,Seward,Single Entity,"['Visual', 'Positional', 'Comparative']",Comparative+Positional+Visual,_network,_subcontinent,"0,0,0,0",0,4,0.0,all_wrong,balance_Comparative+Positional+Visual_hard_all_wrong
356,356,393,41.gif,Which city lies geographically closest to the intersection of both red and purple routes?,Whittier,Single Entity,"['Visual', 'Positional', 'Comparative']",Comparative+Positional+Visual,_network,_subcontinent,"0,0,0,0",0,4,0.0,all_wrong,balance_Comparative+Positional+Visual_hard_all_wrong
357,357,394,41.gif,What’s the southernmost labeled U.S. location on the red route before entering Canadian waters?,Ketchikan,Single Entity,"['Visual', 'Positional']",Positional+Visual,_network,_subcontinent,"0,0,1,0",1,4,0.25,mixed,retain_all_mixed_signal
362,362,400,42.png,"According to the legend, how many ethnic groups are shown on this map?",9,Counting,['Visual'],Visual,_isopleth,_subcontinent,"0,0,0,0",0,4,0.0,all_wrong,balance_Visual_hard_all_wrong
364,364,402,42.png,Which river flows through Budapest according to the map?,Tisza,Single Entity,['Positional'],Positional,_isopleth,_subcontinent,"0,0,1,1",2,4,0.5,mixed,retain_all_mixed_signal
365,365,403,42.png,What is the scale of this map as shown in the top left?,0-100 km,Single Entity,"['Visual', 'Positional', 'Comparative']",Comparative+Positional+Visual,_isopleth,_subcontinent,"0,0,0,0",0,4,0.0,all_wrong,balance_Comparative+Positional+Visual_hard_all_wrong
366,366,405,42.png,How many major empires are labeled on the borders of Austria-Hungary?,4,Counting,"['Visual', 'Positional']",Positional+Visual,_isopleth,_subcontinent,"0,0,0,0",0,4,0.0,all_wrong,balance_Positional+Visual_hard_all_wrong
367,367,406,42.png,What year is specified in the title at the bottom of the map?,1910,Single Entity,"['Positional', 'Comparative']",Comparative+Positional,_isopleth,_subcontinent,"1,1,1,1",4,4,1.0,all_correct,balance_Comparative+Positional_easy_all_correct
368,368,407,42.png,"Which ethnic group occupies the region labeled ""BUKOVINA""?",Ukrainians,Single Entity,['Visual'],Visual,_isopleth,_subcontinent,"1,1,1,1",4,4,1.0,all_correct,balance_Visual_easy_all_correct
369,369,408,42.png,Count the number of cities marked in Bohemia.,2,Counting,['Visual'],Visual,_isopleth,_subcontinent,"0,0,1,1",2,4,0.5,mixed,retain_all_mixed_signal
370,370,409,42.png,What color represents the Poles on this map?,Purple,Single Entity,['Visual'],Visual,_isopleth,_subcontinent,"1,1,1,1",4,4,1.0,all_correct,balance_Visual_easy_all_correct
374,374,413,43.png,Is Japan closer to Australia than to Russia,False,Boolean,['Positional'],Positional,_divisional,_world,"0,1,0,0",1,4,0.25,mixed,retain_all_mixed_signal
375,375,414,43.png,Which country is closest to Brazil? United States or South Africa,United States,Single Entity,"['Positional', 'Comparative']",Comparative+Positional,_divisional,_world,"0,0,1,0",1,4,0.25,mixed,retain_all_mixed_signal
376,376,415,43.png,Is New Zealand west of Australia,True,Boolean,['Positional'],Positional,_divisional,_world,"0,1,0,0",1,4,0.25,mixed,retain_all_mixed_signal
377,377,416,43.png,Is China west of India.,False,Boolean,['Positional'],Positional,_divisional,_world,"0,1,1,1",3,4,0.75,mixed,retain_all_mixed_signal
381,381,420,44.jpg,Which labeled landmark is located closest to the water near the southeast?,Z,Single Entity,"['Visual', 'Positional', 'Comparative']",Comparative+Positional+Visual,_mixed,_city,"0,0,0,0",0,4,0.0,all_wrong,balance_Comparative+Positional+Visual_hard_all_wrong
386,386,425,44.jpg,Which labeled attraction is closest to the water’s edge?,Urban Pirates,Single Entity,"['Visual', 'Comparative']",Comparative+Visual,_mixed,_city,"0,0,0,0",0,4,0.0,all_wrong,balance_Comparative+Visual_hard_all_wrong
388,388,427,44.jpg,Which museum lies closest to the cluster of museums around Mt. Vernon?,The Walters Art Museum,Single Entity,"['Positional', 'Comparative']",Comparative+Positional,_mixed,_city,"0,0,0,0",0,4,0.0,all_wrong,balance_Comparative+Positional_hard_all_wrong
390,390,429,44.jpg,Which point (A–Z) is furthest to the east?,Z,Single Entity,"['Positional', 'Comparative']",Comparative+Positional,_mixed,_city,"1,1,1,1",4,4,1.0,all_correct,balance_Comparative+Positional_easy_all_correct
391,391,430,45.jpg,Is The scale of the right map in miles is 0-150 miles.,False,Boolean,['Positional'],Positional,_multiple,_region,"1,1,1,1",4,4,1.0,all_correct,balance_Positional_easy_all_correct
392,392,431,45.jpg,Are There are 3 battle sites dated in 1854 on the right map,False,Boolean,['Positional'],Positional,_multiple,_region,"0,1,1,0",2,4,0.5,mixed,retain_all_mixed_signal
393,393,432,45.jpg,Is Sevastopol  closest to the Sea of Azov on the left map.,False,Boolean,"['Positional', 'Comparative']",Comparative+Positional,_multiple,_region,"0,0,1,1",2,4,0.5,mixed,retain_all_mixed_signal
395,395,434,45.jpg,Is Sinope is north of Constantinople on the left map.,False,Boolean,['Positional'],Positional,_multiple,_region,"0,1,0,0",1,4,0.25,mixed,retain_all_mixed_signal
396,396,435,45.jpg,Is Inkerman is located between Sevastopol and Alma on the right map.,False,Boolean,['Positional'],Positional,_multiple,_region,"0,0,0,0",0,4,0.0,all_wrong,balance_Positional_hard_all_wrong
397,397,436,45.jpg,Is Inkerman is closest to the Alma battle site on the right map.,False,Boolean,"['Positional', 'Comparative']",Comparative+Positional,_multiple,_region,"0,0,0,0",0,4,0.0,all_wrong,balance_Comparative+Positional_hard_all_wrong
398,398,437,45.jpg,Is Balaklava is the battle site with the earliest date on the right map.,False,Boolean,['Positional'],Positional,_multiple,_region,"1,1,1,1",4,4,1.0,all_correct,balance_Positional_easy_all_correct
399,399,438,45.jpg,Is Constantinople is marked on the southwestern coast of the Black Sea on the left map.,True,Boolean,"['Visual', 'Positional']",Positional+Visual,_multiple,_region,"1,1,1,1",4,4,1.0,all_correct,balance_Positional+Visual_easy_all_correct
400,400,439,45.jpg,Are There are 3 battle sites marked on the right map of Crimea.,False,Boolean,"['Visual', 'Positional']",Positional+Visual,_multiple,_region,"1,1,1,1",4,4,1.0,all_correct,balance_Positional+Visual_easy_all_correct
403,403,442,46.png,Is the color for high sightings in low-population areas dark purple?,Yes,Boolean,"['Visual', 'Comparative']",Comparative+Visual,_choropleth,_country,"1,0,1,1",3,4,0.75,mixed,retain_all_mixed_signal
404,404,443,46.png,Are there more purple counties in the West than the East?,Yes,Boolean,"['Visual', 'Positional', 'Comparative']",Comparative+Positional+Visual,_choropleth,_country,"1,1,0,0",2,4,0.5,mixed,retain_all_mixed_signal
406,406,445,46.png,Does the map suggest Sasquatches avoid urban areas?,Yes,Boolean,['Other'],Other,_choropleth,_country,"1,1,0,0",2,4,0.5,mixed,retain_all_mixed_signal
409,409,448,46.png,Are there any purple counties in the Northeast?,Yes,Boolean,"['Visual', 'Positional']",Positional+Visual,_choropleth,_country,"1,1,1,1",4,4,1.0,all_correct,balance_Positional+Visual_easy_all_correct
410,410,449,46.png,Do high-population counties in Texas show high sightings?,Yes,Boolean,['Comparative'],Comparative,_choropleth,_country,"0,1,0,1",2,4,0.5,mixed,retain_all_mixed_signal
411,411,450,47.jpg,On which road Willis/Sears Tower located ?,West Adams Street,Single Entity,['Positional'],Positional,_mixed,_city,"0,1,1,0",2,4,0.5,mixed,retain_all_mixed_signal
413,413,452,47.jpg,How many tourists attraction centers are pinned in the map ?,10,Counting,['Other'],Other,_mixed,_city,"1,1,0,0",2,4,0.5,mixed,retain_all_mixed_signal
414,414,453,47.jpg,What is the direct route between attraction 7 and attraction 8 ?,North Michigan Avenue,Single Entity,['Positional'],Positional,_mixed,_city,"0,1,1,0",2,4,0.5,mixed,retain_all_mixed_signal
417,417,456,48.jpg,What is the population burden percentile number for Davis?,75 -100,Single Entity,['Other'],Other,_choropleth,_state,"0,0,0,0",0,4,0.0,all_wrong,balance_Other_hard_all_wrong
419,419,469,49.jpg,is the parking garage on the north or south side?,South,Boolean,['Positional'],Positional,_layout,_campus,"0,0,0,0",0,4,0.0,all_wrong,balance_Positional_hard_all_wrong
420,420,470,49.jpg,"Using the map, how many entrances are attached to the white roofed building?",2,Counting,['Visual'],Visual,_layout,_campus,"0,1,1,1",3,4,0.75,mixed,retain_all_mixed_signal
421,421,471,49.jpg,"Using the map, how many entrances are attached to the brown/tan roofed building?",3,Counting,['Other'],Other,_layout,_campus,"1,1,0,1",3,4,0.75,mixed,retain_all_mixed_signal
422,422,472,49.jpg,which street is closest to the skilled nursing entrance?,Fourth Street,Single Entity,['Comparative'],Comparative,_layout,_campus,"1,1,1,1",4,4,1.0,all_correct,balance_Comparative_easy_all_correct
426,426,476,50.jpg,"which ""must see thing"" is most to the west?",A or Queensland Gallery of Modern Art,Single Entity,"['Visual', 'Positional', 'Comparative']",Comparative+Positional+Visual,_mixed,_city,"0,0,0,0",0,4,0.0,all_wrong,balance_Comparative+Positional+Visual_hard_all_wrong
429,429,479,50.jpg,"what is the ""must see thing"" H?",Old Windmill,Single Entity,['Visual'],Visual,_mixed,_city,"0,0,1,1",2,4,0.5,mixed,retain_all_mixed_signal
430,430,480,50.jpg,which must see thing is closest to Adelaide Street?,R or City botanic gardens,Single Entity,"['Visual', 'Comparative']",Comparative+Visual,_mixed,_city,"0,0,0,0",0,4,0.0,all_wrong,balance_Comparative+Visual_hard_all_wrong
431,431,481,50.jpg,which must see thing is closest to Roma Street Parkland?,Q or St John's Cathedral,Single Entity,"['Visual', 'Comparative']",Comparative+Visual,_mixed,_city,"0,0,0,0",0,4,0.0,all_wrong,balance_Comparative+Visual_hard_all_wrong
432,432,482,50.jpg,which must see thing is closest to Gipps Street?,T or Chinatown,Single Entity,"['Visual', 'Comparative']",Comparative+Visual,_mixed,_city,"0,0,0,0",0,4,0.0,all_wrong,balance_Comparative+Visual_hard_all_wrong
434,434,484,50.jpg,"which ""must see thing"" is most to the east?",Z,Single Entity,"['Visual', 'Positional', 'Comparative']",Comparative+Positional+Visual,_mixed,_city,"0,0,0,0",0,4,0.0,all_wrong,balance_Comparative+Positional+Visual_hard_all_wrong
435,435,485,50.jpg,"which ""must see thing"" is most to the south?",L,Single Entity,"['Visual', 'Positional', 'Comparative']",Comparative+Positional+Visual,_mixed,_city,"0,0,0,0",0,4,0.0,all_wrong,balance_Comparative+Positional+Visual_hard_all_wrong
1241,1241,1374,143.jpg,How may parks are in the UPPER WEST SIDE section of the map?,3,Counting,"['Visual', 'Positional']",Positional+Visual,_multiple,_city,"0,0,0,0",0,4,0.0,all_wrong,balance_Positional+Visual_hard_all_wrong
1243,1243,1376,143.jpg,"For Highbridge Park, is the letter ""e"" on the drawn land of the map?",No,Boolean,['Other'],Other,_multiple,_city,"0,0,0,0",0,4,0.0,all_wrong,balance_Other_hard_all_wrong
1244,1244,1377,143.jpg,Is Marcus Garvey Park labeled on the map?,Yes,Boolean,['Visual'],Visual,_multiple,_city,"1,1,1,1",4,4,1.0,all_correct,balance_Visual_easy_all_correct
1245,1245,1378,143.jpg,Is Theodore Roosevelt Park labeled on the map?,Yes,Boolean,['Visual'],Visual,_multiple,_city,"1,1,1,1",4,4,1.0,all_correct,balance_Visual_easy_all_correct
1246,1246,1379,143.jpg,Is Bryant Park labeled on the map?,Yes,Boolean,['Visual'],Visual,_multiple,_city,"1,1,1,1",4,4,1.0,all_correct,balance_Visual_easy_all_correct
1247,1247,1380,144.jpg,What department is directly north of the Sidewalk Café?,Wound Care,Single Entity,['Positional'],Positional,_layout,_building,"1,1,1,0",3,4,0.75,mixed,retain_all_mixed_signal
1248,1248,1381,144.jpg,Which entrance is closest to the Outpatient Radiology ?,West Entrance South,Single Entity,['Comparative'],Comparative,_layout,_building,"0,0,0,0",0,4,0.0,all_wrong,balance_Comparative_hard_all_wrong
1249,1249,1382,144.jpg,Which department comes last on Floor 2 when going from floor 2 to floor 1?,Big Horn Surgical,Single Entity,['Other'],Other,_layout,_building,"0,0,1,0",1,4,0.25,mixed,retain_all_mixed_signal
1251,1251,1384,144.jpg,"If we enter from main entrance south, What is the first thing we see at left ?",Stairs,Single Entity,"['Visual', 'Positional', 'Comparative']",Comparative+Positional+Visual,_layout,_building,"0,0,0,0",0,4,0.0,all_wrong,balance_Comparative+Positional+Visual_hard_all_wrong
1254,1254,1388,144.jpg,What department will be seen if person goes south of the Diabetes Education department on the map?,Outpatient Lab,Single Entity,"['Visual', 'Positional']",Positional+Visual,_layout,_building,"0,0,0,0",0,4,0.0,all_wrong,balance_Positional+Visual_hard_all_wrong
1256,1256,1391,145.png,Which large southern U.S. state is shown in red (allowed) while most of its neighbours are blue?,Texas,Single Entity,"['Visual', 'Positional', 'Comparative']",Comparative+Positional+Visual,_choropleth,_country,"1,1,1,1",4,4,1.0,all_correct,balance_Comparative+Positional+Visual_easy_all_correct
1257,1257,1392,145.png,Which colour category covers the fewest number of states on the map?,red,Single Entity,"['Visual', 'Comparative']",Comparative+Visual,_choropleth,_country,"0,0,0,0",0,4,0.0,all_wrong,balance_Comparative+Visual_hard_all_wrong
1264,1264,1401,146.jpg,Which Indonesian city is labeled on the migration route map?,Makassar,Single Entity,['Visual'],Visual,_network,_subcontinent,"1,0,0,0",1,4,0.25,mixed,retain_all_mixed_signal
1270,1270,1409,146.jpg,what is the highest distance mentioned?,800 mi,Single Entity,"['Positional', 'Comparative']",Comparative+Positional,_network,_subcontinent,"0,0,0,0",0,4,0.0,all_wrong,balance_Comparative+Positional_hard_all_wrong
1272,1272,1412,147.png,Which western state has the lightest shade?,Idaho,Single Entity,"['Visual', 'Positional', 'Comparative']",Comparative+Positional+Visual,_choropleth,_country,"0,1,0,0",1,4,0.25,mixed,retain_all_mixed_signal
1274,1274,1416,147.png,"Compare the performance of California and Florida, which has more profit",Florida,Single Entity,['Comparative'],Comparative,_choropleth,_country,"1,1,1,1",4,4,1.0,all_correct,balance_Comparative_easy_all_correct
1276,1276,1419,147.png,Which western state has the lightest shade?,Colorado,Single Entity,"['Visual', 'Positional', 'Comparative']",Comparative+Positional+Visual,_choropleth,_country,"1,1,0,1",3,4,0.75,mixed,retain_all_mixed_signal
1292,1292,1435,149.jpg,What bay at the mouth of the harbor is included in the bus tour?,Watsons Bay,Single Entity,['Other'],Other,_mixed,_city,"0,1,1,0",2,4,0.5,mixed,retain_all_mixed_signal
1293,1293,1436,149.jpg,Which major park in the city centre appears toward the end of the bus tour?,The Domain,Single Entity,['Visual'],Visual,_mixed,_city,"1,1,1,0",3,4,0.75,mixed,retain_all_mixed_signal
1298,1298,1441,150.png,Is the injury mortality rate higher in the U.S. or Brazil based on this map?,No,Boolean,['Comparative'],Comparative,_choropleth,_world,"0,0,0,0",0,4,0.0,all_wrong,balance_Comparative_hard_all_wrong
1300,1300,1443,150.png,How many countries have highest injury mortality rates?,14,Counting,['Comparative'],Comparative,_choropleth,_world,"0,0,0,0",0,4,0.0,all_wrong,balance_Comparative_hard_all_wrong
1301,1301,1444,150.png,Is there any country in Oceania (excluding Australia) shown with injury mortality data?,Yes,Boolean,['Visual'],Visual,_choropleth,_world,"0,1,1,0",2,4,0.5,mixed,retain_all_mixed_signal
1302,1302,1445,150.png,Which continent has more countries in the 60–100 (orange) range: South America or Asia?,Asia,Single Entity,"['Visual', 'Positional', 'Comparative']",Comparative+Positional+Visual,_choropleth,_world,"1,1,0,0",2,4,0.5,mixed,retain_all_mixed_signal
1304,1304,1447,150.png,Are there any neighboring countries with lowest injury mortality rate?,Yes,Boolean,['Comparative'],Comparative,_choropleth,_world,"1,1,1,1",4,4,1.0,all_correct,balance_Comparative_easy_all_correct
1305,1305,1448,150.png,Is there a country that visually appears surrounded by higher-mortality neighbors?,Yes,Boolean,"['Visual', 'Positional']",Positional+Visual,_choropleth,_world,"1,0,0,1",2,4,0.5,mixed,retain_all_mixed_signal
1307,1307,1451,151.png,Which state had the smallest margin of victory for Biden in terms of percentage?,Florida,Single Entity,['Comparative'],Comparative,_cartogram,_country,"0,0,0,0",0,4,0.0,all_wrong,balance_Comparative_hard_all_wrong
1308,1308,1452,151.png,Identify the state with the largest margin of victory for Biden in the Midwest region.,Illinois,Single Entity,['Comparative'],Comparative,_cartogram,_country,"1,0,1,1",3,4,0.75,mixed,retain_all_mixed_signal
1309,1309,1453,151.png,Which state in the Southeast had the highest percentage of votes in favor of Biden?,Virginia,Single Entity,"['Positional', 'Comparative']",Comparative+Positional,_cartogram,_country,"0,0,0,1",1,4,0.25,mixed,retain_all_mixed_signal
1310,1310,1454,151.png,What is the only state west of the Mississippi River that had a margin of victory for Biden greater,California or CA,Single Entity,"['Positional', 'Comparative']",Comparative+Positional,_cartogram,_country,"0,0,0,0",0,4,0.0,all_wrong,balance_Comparative+Positional_hard_all_wrong
1311,1311,1455,151.png,Identify the state with the smallest margin of victory for Trump in the South.,Mississippi,Single Entity,"['Positional', 'Comparative']",Comparative+Positional,_cartogram,_country,"0,0,0,0",0,4,0.0,all_wrong,balance_Comparative+Positional_hard_all_wrong
1312,1312,1456,151.png,Which state had the largest margin of victory for Trump in the Midwest region?,North Dakota or ND,Single Entity,['Comparative'],Comparative,_cartogram,_country,"0,0,0,0",0,4,0.0,all_wrong,balance_Comparative_hard_all_wrong
1313,1313,1457,151.png,Identify the state with the largest margin of victory for Biden in the South.,Maryland or MD,Single Entity,"['Positional', 'Comparative']",Comparative+Positional,_cartogram,_country,"0,0,0,0",0,4,0.0,all_wrong,balance_Comparative+Positional_hard_all_wrong
1316,1316,1460,152.png,What color represents Antarctica on the bottom of this time zone map?,Primarily light purple,Single Entity,"['Visual', 'Positional', 'Comparative']",Comparative+Positional+Visual,_divisional,_world,"0,0,0,0",0,4,0.0,all_wrong,balance_Comparative+Positional+Visual_hard_all_wrong
1317,1317,1461,152.png,Which continent has the most diverse mix of colored regions?,Asia,Single Entity,"['Visual', 'Comparative']",Comparative+Visual,_divisional,_world,"0,0,1,1",2,4,0.5,mixed,retain_all_mixed_signal
1318,1318,1462,152.png,How many distinct color bands are visible crossing the Pacific Ocean?,8,Counting,['Visual'],Visual,_divisional,_world,"1,0,0,0",1,4,0.25,mixed,retain_all_mixed_signal
1319,1319,1463,152.png,What color represents most of Western Europe in this time zone visualization?,Light blue,Single Entity,"['Visual', 'Positional', 'Comparative']",Comparative+Positional+Visual,_divisional,_world,"0,0,0,1",1,4,0.25,mixed,retain_all_mixed_signal
1320,1320,1464,152.png,Which color appears most often in the vertical striped pattern?,Light green,Single Entity,"['Visual', 'Comparative']",Comparative+Visual,_divisional,_world,"0,0,0,1",1,4,0.25,mixed,retain_all_mixed_signal
1323,1323,1467,152.png,What color represents most of Australia in this visualization?,Mint green,Single Entity,"['Visual', 'Comparative']",Comparative+Visual,_divisional,_world,"0,0,0,0",0,4,0.0,all_wrong,balance_Comparative+Visual_hard_all_wrong
1324,1324,1473,153.jpg,Name one country timezones changed from UTC - 00:00 to UTC + 01:00 from 1923 to 2023,Spain,Single Entity,['Other'],Other,_multiple,_continent,"0,0,0,0",0,4,0.0,all_wrong,balance_Other_hard_all_wrong
1326,1326,1475,153.jpg,which country is coloured blue in 2023,none,Single Entity,['Visual'],Visual,_multiple,_continent,"0,0,0,0",0,4,0.0,all_wrong,balance_Visual_hard_all_wrong
1327,1327,1477,153.jpg,Norway is in which timezone in 1923,UTC +01:00,Single Entity,['Other'],Other,_multiple,_continent,"0,0,0,0",0,4,0.0,all_wrong,balance_Other_hard_all_wrong
1331,1331,1481,154.jpg,which district is closest to the Tokyo Tower?,Roppongi,Single Entity,['Comparative'],Comparative,_mixed,_city,"0,0,0,0",0,4,0.0,all_wrong,balance_Comparative_hard_all_wrong
1332,1332,1482,154.jpg,which district is closest to the Budokan Hall?,Marunouchi,Single Entity,['Comparative'],Comparative,_mixed,_city,"0,0,0,0",0,4,0.0,all_wrong,balance_Comparative_hard_all_wrong
1333,1333,1483,154.jpg,how many department stores are near the Shibuya district?,4,Counting,['Positional'],Positional,_mixed,_city,"0,0,0,0",0,4,0.0,all_wrong,balance_Positional_hard_all_wrong
1335,1335,1485,154.jpg,which district is closest to the Akasaka Palace?,Akasaka,Single Entity,['Comparative'],Comparative,_mixed,_city,"1,1,1,1",4,4,1.0,all_correct,balance_Comparative_easy_all_correct
1337,1337,1487,154.jpg,what is the northern most district?,Ikebukuro,Single Entity,"['Positional', 'Comparative']",Comparative+Positional,_mixed,_city,"1,1,1,1",4,4,1.0,all_correct,balance_Comparative+Positional_easy_all_correct
1339,1339,1489,155.png,Which African country is furthest south on the map?,eSwatini,Single Entity,"['Positional', 'Comparative']",Comparative+Positional,_choropleth,_world,"1,1,1,1",4,4,1.0,all_correct,balance_Comparative+Positional_easy_all_correct
1343,1343,1493,155.png,Which labeled country is geographically closest to Ukraine?,Armenia,Single Entity,"['Visual', 'Comparative']",Comparative+Visual,_choropleth,_world,"1,1,0,0",2,4,0.5,mixed,retain_all_mixed_signal
1344,1344,1494,155.png,Which labeled African country is closest to Europe?,Nigeria,Single Entity,"['Visual', 'Comparative']",Comparative+Visual,_choropleth,_world,"0,1,0,0",1,4,0.25,mixed,retain_all_mixed_signal
1345,1345,1495,155.png,Which labeled country in Asia touches the eastern coastline?,Myanmar,Single Entity,"['Visual', 'Positional']",Positional+Visual,_choropleth,_world,"1,1,1,1",4,4,1.0,all_correct,balance_Positional+Visual_easy_all_correct
1354,1354,1504,156.jpg,What is the name of the park located in grid C11?,Vondelpark,Single Entity,['Positional'],Positional,_mixed,_city,"0,1,1,1",3,4,0.75,mixed,retain_all_mixed_signal
1357,1357,1507,156.jpg,Which sight is closest to the intersection of grid I4 and J4?,NEMO Science Museum,Single Entity,"['Positional', 'Comparative']",Comparative+Positional,_mixed,_city,"0,0,0,0",0,4,0.0,all_wrong,balance_Comparative+Positional_hard_all_wrong
1358,1358,1508,157.jpg,Which borough is labeled “EXCEPTIONALLY HIGH” overall risk?,Northwest Arctic Borough,Single Entity,"['Visual', 'Comparative']",Comparative+Visual,_choropleth,_country,"0,0,0,0",0,4,0.0,all_wrong,balance_Comparative+Visual_hard_all_wrong
1359,1359,1509,157.jpg,Which Montana county label calls out high smoking rates?,Cascade County,Single Entity,"['Visual', 'Comparative']",Comparative+Visual,_choropleth,_country,"0,0,0,0",0,4,0.0,all_wrong,balance_Comparative+Visual_hard_all_wrong
1360,1360,1510,157.jpg,"On the color wheel, which health behavior sits at the top?",Smoking,Single Entity,"['Visual', 'Positional', 'Comparative']",Comparative+Positional+Visual,_choropleth,_country,"0,0,0,0",0,4,0.0,all_wrong,balance_Comparative+Positional+Visual_hard_all_wrong
1362,1362,1512,157.jpg,Which southeastern region along the Gulf Coast carries the label “LOW DRINKING”?,Florida,Single Entity,"['Visual', 'Positional']",Positional+Visual,_choropleth,_country,"0,0,0,1",1,4,0.25,mixed,retain_all_mixed_signal
1366,1366,1516,157.jpg,How many distinct behavior labels(in all caps) appear on the main U.S. map?,3,Counting,['Visual'],Visual,_choropleth,_country,"0,0,0,1",1,4,0.25,mixed,retain_all_mixed_signal
1367,1367,1517,157.jpg,"Which area, the Pacific Northwest or the Southeast, shows more counties in pure green (Exercise)?",Pacific Northwest,Single Entity,"['Visual', 'Positional', 'Comparative']",Comparative+Positional+Visual,_choropleth,_country,"1,1,1,0",3,4,0.75,mixed,retain_all_mixed_signal
1369,1369,1519,158.png,if a player stake corner from north West. from which stand is he taking,21,Single Entity,['Positional'],Positional,_layout,_building,"1,0,1,0",2,4,0.5,mixed,retain_all_mixed_signal
1371,1371,1521,158.png,"If there was penalty shootout in south goalpost, which stand can see from the kicktakers position",Supports stand,Single Entity,"['Visual', 'Positional']",Positional+Visual,_layout,_building,"0,0,0,0",0,4,0.0,all_wrong,balance_Positional+Visual_hard_all_wrong
1372,1372,1522,158.png,"If there was penalty shootout in North goalpost, which stand can see from the kicktakers position",1-7,Single Entity,"['Visual', 'Positional']",Positional+Visual,_layout,_building,"0,0,0,0",0,4,0.0,all_wrong,balance_Positional+Visual_hard_all_wrong
1374,1374,1525,158.png,is stand 126 located in the northeast corner,no,Boolean,['Positional'],Positional,_layout,_building,"0,0,1,1",2,4,0.5,mixed,retain_all_mixed_signal
1375,1375,1527,158.png,which stand is best view to watch players running North to South from the side,West or East,Single Entity,"['Positional', 'Comparative']",Comparative+Positional,_layout,_building,"0,0,0,0",0,4,0.0,all_wrong,balance_Comparative+Positional_hard_all_wrong
1377,1377,1529,159.jpg,"Which axis of the legend is labeled ""Percent Poverty""?",Horizontal,Single Entity,['Visual'],Visual,_choropleth,_country,"0,0,0,1",1,4,0.25,mixed,retain_all_mixed_signal
1379,1379,1531,159.jpg,How many states are depicted in the darkest green shade?,7,Counting,"['Visual', 'Comparative']",Comparative+Visual,_choropleth,_country,"0,0,1,0",1,4,0.25,mixed,retain_all_mixed_signal
1382,1382,1535,159.jpg,Which color represents the lowest values according to the legend?,Lightest yellow,Single Entity,"['Visual', 'Comparative']",Comparative+Visual,_choropleth,_country,"0,0,0,0",0,4,0.0,all_wrong,balance_Comparative+Visual_hard_all_wrong
1385,1385,1538,160.jpg,How many ports are directly connected to Copenhagen on the route?,2,Counting,['Positional'],Positional,_network,_subcontinent,"0,1,0,1",2,4,0.5,mixed,retain_all_mixed_signal
1386,1386,1539,160.jpg,How many ports are on the eastern side of the Baltic Sea?,2,Counting,['Positional'],Positional,_network,_subcontinent,"1,0,0,0",1,4,0.25,mixed,retain_all_mixed_signal
1387,1387,1540,160.jpg,Which port is the closest to the center of the ports in the image?,Kiel,Single Entity,"['Positional', 'Comparative']",Comparative+Positional,_network,_subcontinent,"0,0,0,0",0,4,0.0,all_wrong,balance_Comparative+Positional_hard_all_wrong
1391,1391,1544,160.jpg,Which port is the northernmost on the map?,Oslo,Single Entity,"['Positional', 'Comparative']",Comparative+Positional,_network,_subcontinent,"1,1,1,1",4,4,1.0,all_correct,balance_Comparative+Positional_easy_all_correct
1392,1392,1545,160.jpg,How many ports are west of Kiel?,8,Counting,['Positional'],Positional,_network,_subcontinent,"0,1,1,1",3,4,0.75,mixed,retain_all_mixed_signal
1393,1393,1546,160.jpg,Which port is the closest to Copenhagen geographically on the map?,Karlshamn,Single Entity,['Comparative'],Comparative,_network,_subcontinent,"0,0,0,0",0,4,0.0,all_wrong,balance_Comparative_hard_all_wrong
1394,1394,1547,160.jpg,Which port is geographically the easternmost on the map?,Paldiski,Single Entity,"['Positional', 'Comparative']",Comparative+Positional,_network,_subcontinent,"0,0,0,0",0,4,0.0,all_wrong,balance_Comparative+Positional_hard_all_wrong
1395,1395,1548,161.png,How many vertical lines are within the map?,3,Counting,['Positional'],Positional,_conflict,_region,"0,1,1,1",3,4,0.75,mixed,retain_all_mixed_signal
1396,1396,1549,161.png,How many horizontal lines are within the map?,1,Counting,['Positional'],Positional,_conflict,_region,"0,0,1,1",2,4,0.5,mixed,retain_all_mixed_signal
1399,1399,1552,161.png,How many groups of arrows are within the map?,3,Counting,['Positional'],Positional,_conflict,_region,"1,0,1,1",3,4,0.75,mixed,retain_all_mixed_signal
1405,1405,1558,162.png,Which country in South America spends the most on health as a % of GDP?,Brazil,Single Entity,"['Positional', 'Comparative']",Comparative+Positional,_choropleth,_world,"1,1,1,0",3,4,0.75,mixed,retain_all_mixed_signal
1411,1411,1564,162.png,Which Southeast Asian country spends the least on health as a % of GDP?,Cambodia,Single Entity,"['Positional', 'Comparative']",Comparative+Positional,_choropleth,_world,"0,0,1,0",1,4,0.25,mixed,retain_all_mixed_signal
1415,1415,1568,163.jpg,how many years ago was the travel to south america?,20000,Counting,['Positional'],Positional,_network,_world,"0,1,0,0",1,4,0.25,mixed,retain_all_mixed_signal
1416,1416,1569,163.jpg,how many years ago was the travel to Australia?,50000,Counting,['Other'],Other,_network,_world,"1,0,0,0",1,4,0.25,mixed,retain_all_mixed_signal
1419,1419,1572,163.jpg,what continent is the origin of the travel?,Africa,Single Entity,['Other'],Other,_network,_world,"1,1,0,1",3,4,0.75,mixed,retain_all_mixed_signal
1423,1423,1576,164.png,Which city in California is closest to the border with Nevada?,San Francisco,Single Entity,"['Positional', 'Comparative']",Comparative+Positional,_divisional,_country,"0,0,0,0",0,4,0.0,all_wrong,balance_Comparative+Positional_hard_all_wrong
1424,1424,1577,164.png,How many states are highlighted in pink on the West Coast?,4,Counting,"['Visual', 'Positional']",Positional+Visual,_divisional,_country,"0,0,0,0",0,4,0.0,all_wrong,balance_Positional+Visual_hard_all_wrong
1426,1426,1580,164.png,How many states highlighted in green share a border with Idaho?,3,Counting,"['Visual', 'Positional']",Positional+Visual,_divisional,_country,"1,0,0,1",2,4,0.5,mixed,retain_all_mixed_signal
1428,1428,1582,164.png,How many cities are marked in state of Idaho ?,3,Counting,['Visual'],Visual,_divisional,_country,"1,1,1,0",3,4,0.75,mixed,retain_all_mixed_signal
1429,1429,1583,164.png,"Which green-highlighted state has the most cities marked on the map, and how many are there?",Idaho,Single Entity,"['Visual', 'Comparative']",Comparative+Visual,_divisional,_country,"0,0,0,0",0,4,0.0,all_wrong,balance_Comparative+Visual_hard_all_wrong
1430,1430,1584,164.png,does all the states have only one color in it's area or more ?,No,Boolean,"['Visual', 'Comparative']",Comparative+Visual,_divisional,_country,"0,0,0,0",0,4,0.0,all_wrong,balance_Comparative+Visual_hard_all_wrong
1432,1432,1586,165.webp,Which U.S. time zone is labeled as HAT on the map?,Hawaii-Aleutian Time,Single Entity,['Visual'],Visual,_divisional,_country,"1,1,1,0",3,4,0.75,mixed,retain_all_mixed_signal
1433,1433,1587,165.webp,Which two-letter time zone abbreviation covers most of Texas?,CT,Single Entity,['Comparative'],Comparative,_divisional,_country,"1,1,1,1",4,4,1.0,all_correct,balance_Comparative_easy_all_correct
1438,1438,1593,165.webp,Which non-contiguous U.S. state is in the HAT zone?,Hawaii,Single Entity,['Other'],Other,_divisional,_country,"1,1,0,1",3,4,0.75,mixed,retain_all_mixed_signal
1447,1447,1606,167.png,Which city label on the cartogram is closest to the 0% mark on the vote share legend?,Seattle,Single Entity,"['Visual', 'Comparative']",Comparative+Visual,_cartogram,_country,"0,0,0,0",0,4,0.0,all_wrong,balance_Comparative+Visual_hard_all_wrong
1448,1448,1607,167.png,"On the cartogram, is the area representing Dallas predominantly blue or red?",Blue,Boolean,['Visual'],Visual,_cartogram,_country,"0,0,0,0",0,4,0.0,all_wrong,balance_Visual_hard_all_wrong
1449,1449,1608,167.png,Is the grid area surrounding 'Dallas' colored with the darkest red?,Yes,Boolean,"['Visual', 'Comparative']",Comparative+Visual,_cartogram,_country,"0,0,0,0",0,4,0.0,all_wrong,balance_Comparative+Visual_hard_all_wrong
1450,1450,1609,167.png,"How many specific numerical vote totals are listed under the ""Preliminary results""?",4,Counting,['Comparative'],Comparative,_cartogram,_country,"0,0,0,0",0,4,0.0,all_wrong,balance_Comparative_hard_all_wrong
1452,1452,1611,167.png,What is the lowest numerical percentage value explicitly labeled on the vote share legend's axis?,0,Single Entity,"['Visual', 'Comparative']",Comparative+Visual,_cartogram,_country,"1,1,1,1",4,4,1.0,all_correct,balance_Comparative+Visual_easy_all_correct
1453,1453,1612,167.png,"Between Alaska and Hawaii, which state depicts a greater number of separate landmasses",Hawaii,Single Entity,"['Positional', 'Comparative']",Comparative+Positional,_cartogram,_country,"1,1,1,1",4,4,1.0,all_correct,balance_Comparative+Positional_easy_all_correct
1454,1454,1613,167.png,How many labelled cities are west of Denver,5,Counting,"['Visual', 'Positional']",Positional+Visual,_cartogram,_country,"1,1,1,1",4,4,1.0,all_correct,balance_Positional+Visual_easy_all_correct
1459,1459,1619,168.jpg,Which station is at the intersection of the Red and Green/Yellow lines north of Gallery Place?,Fort Totten,Single Entity,"['Visual', 'Positional']",Positional+Visual,_network,_city,"1,1,0,0",2,4,0.5,mixed,retain_all_mixed_signal
1461,1461,1621,168.jpg,What is the easternmost station visible on the Orange line?,Minnesota,Single Entity,"['Visual', 'Positional', 'Comparative']",Comparative+Positional+Visual,_network,_city,"0,0,0,0",0,4,0.0,all_wrong,balance_Comparative+Positional+Visual_hard_all_wrong
1462,1462,1622,168.jpg,How many stations are there on the Green line between Fort Totten and Gallery Place?,4,Counting,"['Visual', 'Positional']",Positional+Visual,_network,_city,"0,0,1,0",1,4,0.25,mixed,retain_all_mixed_signal
1463,1463,1623,168.jpg,Which colored line runs through West Hyattsville?,Green,Single Entity,"['Visual', 'Positional']",Positional+Visual,_network,_city,"1,1,1,1",4,4,1.0,all_correct,balance_Positional+Visual_easy_all_correct
1464,1464,1624,168.jpg,What's the northernmost Red Line station visible on this map?,Silver Spring,Single Entity,"['Visual', 'Positional', 'Comparative']",Comparative+Positional+Visual,_network,_city,"1,1,1,1",4,4,1.0,all_correct,balance_Comparative+Positional+Visual_easy_all_correct
1466,1466,1626,169.jpg,Do canada and alaska have overlapping time zones across their countries?,No,Boolean,['Positional'],Positional,_divisional,_world,"0,1,0,1",2,4,0.5,mixed,retain_all_mixed_signal
1471,1471,1631,169.jpg,is the circle above the -9 more than 75% colored?,no,Boolean,"['Visual', 'Positional', 'Comparative']",Comparative+Positional+Visual,_divisional,_world,"0,0,0,0",0,4,0.0,all_wrong,balance_Comparative+Positional+Visual_hard_all_wrong
1474,1474,1634,170.jpg,How many countries are labeled that fall entirely within the UTC+01:00 timezone?,23,Counting,"['Visual', 'Positional']",Positional+Visual,_divisional,_world,"0,0,0,0",0,4,0.0,all_wrong,balance_Positional+Visual_hard_all_wrong
2487,2487,2739,282.jpg,What longitude degree is marked at the far right of the top margin?,335,Single Entity,"['Visual', 'Positional', 'Comparative']",Comparative+Positional+Visual,_divisional,_region,"1,1,0,0",2,4,0.5,mixed,retain_all_mixed_signal
2489,2489,2743,283.png,How many rail lines run in Canada according to the map?,7,Counting,['Other'],Other,_network,_region,"0,1,0,1",2,4,0.5,mixed,retain_all_mixed_signal
2492,2492,2746,284.png,Which region does Ottawa lie in?,Ontario,Single Entity,['Other'],Other,_isopleth,_state,"1,1,1,1",4,4,1.0,all_correct,balance_Other_easy_all_correct
2493,2493,2747,284.png,Which region does Gatineau lie in?,Quebec,Single Entity,['Other'],Other,_isopleth,_state,"0,0,0,0",0,4,0.0,all_wrong,balance_Other_hard_all_wrong
2494,2494,2748,284.png,Which city's name is the same as the capital of a country other than Canada?,London,Single Entity,['Other'],Other,_isopleth,_state,"1,1,1,1",4,4,1.0,all_correct,balance_Other_easy_all_correct
2495,2495,2749,284.png,Count the number of cities starting with the letter W in this map.,1,Counting,['Other'],Other,_isopleth,_state,"1,1,1,1",4,4,1.0,all_correct,balance_Other_easy_all_correct
2496,2496,2750,284.png,Count the number of words starting with the letter O in this map.,3,Counting,['Other'],Other,_isopleth,_state,"1,1,1,1",4,4,1.0,all_correct,balance_Other_easy_all_correct
2498,2498,2752,284.png,"As per this map, which city lies farthest from the coast/water?",Gatineau,Single Entity,"['Positional', 'Comparative']",Comparative+Positional,_isopleth,_state,"0,0,0,0",0,4,0.0,all_wrong,balance_Comparative+Positional_hard_all_wrong
2499,2499,2753,284.png,"As per this map, which is the southernmost city?",Windsor,Single Entity,['Positional'],Positional,_isopleth,_state,"0,1,1,1",3,4,0.75,mixed,retain_all_mixed_signal
2500,2500,2754,284.png,Which city that does not have a circular symbol as an indicator is closest to USA?,Ottawa or Quebec City,Single Entity,['Comparative'],Comparative,_isopleth,_state,"0,0,0,0",0,4,0.0,all_wrong,balance_Comparative_hard_all_wrong
2505,2505,2760,285.jpg,What city lies near the coast labeled in yellow?,Tripoli,Single Entity,"['Visual', 'Positional']",Positional+Visual,_divisional,_region,"1,1,1,1",4,4,1.0,all_correct,balance_Positional+Visual_easy_all_correct
2506,2506,2761,285.jpg,What is the terrain feature marked along the bottom central area of the pink zone?,Rocks of Tibbo,Single Entity,"['Visual', 'Positional', 'Comparative']",Comparative+Positional+Visual,_divisional,_region,"0,0,0,0",0,4,0.0,all_wrong,balance_Comparative+Positional+Visual_hard_all_wrong
2509,2509,2764,285.jpg,Which area is marked near the bottom under Nomadic?,Bournu,Single Entity,"['Visual', 'Positional', 'Comparative']",Comparative+Positional+Visual,_divisional,_region,"0,0,0,0",0,4,0.0,all_wrong,balance_Comparative+Positional+Visual_hard_all_wrong
2511,2511,2766,286.jpg,"Which large country label clearly contains the black oval marked with ""O?""",Russia,Single Entity,"['Visual', 'Positional', 'Comparative']",Comparative+Positional+Visual,_network,_continent,"0,0,1,1",2,4,0.5,mixed,retain_all_mixed_signal
2512,2512,2767,286.jpg,Is the city label 'Beijing' located north or south of the red arrow's path?,South,Boolean,"['Visual', 'Positional']",Positional+Visual,_network,_continent,"0,0,0,0",0,4,0.0,all_wrong,balance_Positional+Visual_hard_all_wrong
2513,2513,2768,286.jpg,"Does the yellow oval visibly overlap with the country label ""MONGOLIA""?",No,Boolean,['Visual'],Visual,_network,_continent,"1,1,0,0",2,4,0.5,mixed,retain_all_mixed_signal
2514,2514,2769,286.jpg,"Which colored arrow passes geographically closer to the black ""O?"" oval?",Red,Single Entity,"['Visual', 'Positional']",Positional+Visual,_network,_continent,"0,0,1,1",2,4,0.5,mixed,retain_all_mixed_signal
2515,2515,2770,286.jpg,Which large labelled country bordering China/Russia (India/Mongolia) is least overlapped by oval?,India,Single Entity,"['Visual', 'Positional', 'Comparative']",Comparative+Positional+Visual,_network,_continent,"1,1,1,1",4,4,1.0,all_correct,balance_Comparative+Positional+Visual_easy_all_correct
2519,2519,2774,286.jpg,Is the yellow oval located primarily east or west of the main Ural Mountains range depicted on map?,East,Boolean,"['Visual', 'Positional']",Positional+Visual,_network,_continent,"0,0,0,0",0,4,0.0,all_wrong,balance_Positional+Visual_hard_all_wrong
2520,2520,2775,286.jpg,Identify a city label situated beneath the orange arrow's path within the borders of Kazakhstan,Astana,Single Entity,"['Visual', 'Positional']",Positional+Visual,_network,_continent,"0,0,1,0",1,4,0.25,mixed,retain_all_mixed_signal
2521,2521,2776,287.png,How many colors are used to represent this map?,4,Counting,['Visual'],Visual,_choropleth,_world,"1,0,0,0",1,4,0.25,mixed,retain_all_mixed_signal
2531,2531,2790,288.png,What comes in near/between Sanaa and Taizz if we go south from Sanaa?,Ibb,Single Entity,['Positional'],Positional,_marker,_country,"0,1,1,1",3,4,0.75,mixed,retain_all_mixed_signal
2537,2537,2797,289.png,What is the difference in vote percentage between the first and second-place candidates?,9.64%,Single Entity,"['Positional', 'Comparative']",Comparative+Positional,_choropleth,_country,"1,1,1,1",4,4,1.0,all_correct,balance_Comparative+Positional_easy_all_correct
2543,2543,2804,290.png,Which city shown on the map is located furthest north?,Dallas,Single Entity,"['Visual', 'Positional', 'Comparative']",Comparative+Positional+Visual,_marker,_state,"1,1,1,1",4,4,1.0,all_correct,balance_Comparative+Positional+Visual_easy_all_correct
2544,2544,2805,290.png,Which city shown on the map is located furthest south?,Monterrey,Single Entity,"['Visual', 'Positional', 'Comparative']",Comparative+Positional+Visual,_marker,_state,"1,1,1,1",4,4,1.0,all_correct,balance_Comparative+Positional+Visual_easy_all_correct
2545,2545,2806,290.png,Which Texas city is closest to the Gulf of Mexico?,Houston,Single Entity,['Comparative'],Comparative,_marker,_state,"1,1,1,1",4,4,1.0,all_correct,balance_Comparative_easy_all_correct
2546,2546,2807,290.png,Which city shown is located furthest east?,Houston,Single Entity,"['Visual', 'Positional', 'Comparative']",Comparative+Positional+Visual,_marker,_state,"1,1,1,1",4,4,1.0,all_correct,balance_Comparative+Positional+Visual_easy_all_correct
2547,2547,2808,290.png,Which Texas city is located closest to the center of the state as shown on this map?,Austin,Single Entity,"['Visual', 'Positional', 'Comparative']",Comparative+Positional+Visual,_marker,_state,"1,1,1,1",4,4,1.0,all_correct,balance_Comparative+Positional+Visual_easy_all_correct
2548,2548,2809,290.png,"Based on the map, which body of water is visible on the eastern border of Texas?",Gulf of Mexico,Single Entity,"['Visual', 'Positional']",Positional+Visual,_marker,_state,"1,1,1,1",4,4,1.0,all_correct,balance_Positional+Visual_easy_all_correct
2549,2549,2810,290.png,Which city appears to be in closest proximity to the largest concentration of inland water bodies?,Dallas,Single Entity,"['Visual', 'Positional', 'Comparative']",Comparative+Positional+Visual,_marker,_state,"0,0,1,1",2,4,0.5,mixed,retain_all_mixed_signal
2550,2550,2811,290.png,How many cities are shown on the map in total?,5,Counting,['Visual'],Visual,_marker,_state,"1,1,1,1",4,4,1.0,all_correct,balance_Visual_easy_all_correct
2551,2551,2813,290.png,What is the largest city in Texas shown on the map?,Houston,Single Entity,"['Visual', 'Comparative']",Comparative+Visual,_marker,_state,"1,1,1,1",4,4,1.0,all_correct,balance_Comparative+Visual_easy_all_correct
2552,2552,2814,291.jpg,The main escape routes shown on the map ended in Mexico.,false,Boolean,['Visual'],Visual,_network,_region,"1,1,1,1",4,4,1.0,all_correct,balance_Visual_easy_all_correct
2553,2553,2815,291.jpg,Fugitive slaves used routes through Ohio and Indiana to reach Canada.,true,Boolean,"['Visual', 'Positional']",Positional+Visual,_network,_region,"1,1,1,1",4,4,1.0,all_correct,balance_Positional+Visual_easy_all_correct
2558,2558,2820,291.jpg,The scale of miles on the bottom right suggests the map was designed for detailed route planning.,true,Boolean,"['Positional', 'Comparative']",Comparative+Positional,_network,_region,"1,1,1,1",4,4,1.0,all_correct,balance_Comparative+Positional_easy_all_correct
2559,2559,2821,291.jpg,Lake Michigan is used as a major escape crossing point into Canada.,false,Boolean,['Visual'],Visual,_network,_region,"0,0,0,0",0,4,0.0,all_wrong,balance_Visual_hard_all_wrong
2560,2560,2822,291.jpg,The inset map provides detailed routes around the cities of Harrisburg and York.,true,Boolean,['Other'],Other,_network,_region,"0,0,1,0",1,4,0.25,mixed,retain_all_mixed_signal
2561,2561,2823,291.jpg,Does the map include a legend explaining the meaning of red lines and dots.,false,Boolean,['Visual'],Visual,_network,_region,"0,0,0,0",0,4,0.0,all_wrong,balance_Visual_hard_all_wrong
2566,2566,2828,292.png,What's the combined percentage of the three smallest regions visible in the northern part of country,26.2,Single Entity,"['Visual', 'Positional', 'Comparative']",Comparative+Positional+Visual,_choropleth,_country,"0,0,0,0",0,4,0.0,all_wrong,balance_Comparative+Positional+Visual_hard_all_wrong
2567,2567,2829,292.png,What's the approximate ratio of the highest percentage to the lowest percentage shown?,5:1,Single Entity,"['Visual', 'Comparative']",Comparative+Visual,_choropleth,_country,"1,0,1,0",2,4,0.5,mixed,retain_all_mixed_signal
2568,2568,2830,292.png,How many regions form the complete perimeter of the 11% southern region?,4,Counting,['Positional'],Positional,_choropleth,_country,"1,1,0,1",3,4,0.75,mixed,retain_all_mixed_signal
2571,2571,2834,293.png,How many colors/sections do you see?,4,Counting,['Visual'],Visual,_mixed,_continent,"0,1,1,1",3,4,0.75,mixed,retain_all_mixed_signal
2572,2572,2835,293.png,Which color on the map represents countries located mostly in Northern Africa?,Red,Single Entity,"['Visual', 'Positional']",Positional+Visual,_mixed,_continent,"0,0,0,0",0,4,0.0,all_wrong,balance_Positional+Visual_hard_all_wrong
2573,2573,2836,293.png,How many countries in Europe are shaded in light green?,4,Counting,['Visual'],Visual,_mixed,_continent,"1,1,0,0",2,4,0.5,mixed,retain_all_mixed_signal
2574,2574,2837,293.png,Are there more red-shaded countries north or south of the Mediterranean Sea?,South,Boolean,"['Positional', 'Comparative']",Comparative+Positional,_mixed,_continent,"0,0,0,0",0,4,0.0,all_wrong,balance_Comparative+Positional_hard_all_wrong
2575,2575,2838,293.png,Which colored region includes both Spain and France?,Brown,Single Entity,['Visual'],Visual,_mixed,_continent,"0,1,1,1",3,4,0.75,mixed,retain_all_mixed_signal
2576,2576,2839,293.png,Which large island in the northwest part of the map is completely grey?,United Kingdom,Single Entity,"['Visual', 'Positional', 'Comparative']",Comparative+Positional+Visual,_mixed,_continent,"0,0,0,0",0,4,0.0,all_wrong,balance_Comparative+Positional+Visual_hard_all_wrong
2578,2578,2841,293.png,Are there any red-shaded countries south of the equator?,No,Boolean,['Positional'],Positional,_mixed,_continent,"1,1,1,1",4,4,1.0,all_correct,balance_Positional_easy_all_correct
2583,2583,2847,294.png,"According to the map, how many species cross the Equator twice?",2,Counting,['Positional'],Positional,_network,_world,"0,0,1,0",1,4,0.25,mixed,retain_all_mixed_signal
2590,2590,2854,295.png,Which river forms part of the border between Poland and Belarus?,Bug,Single Entity,['Positional'],Positional,_network,_subcontinent,"0,0,1,0",1,4,0.25,mixed,retain_all_mixed_signal
2591,2591,2855,295.png,What color marks the border crossing points for trucks only?,Green,Single Entity,"['Visual', 'Positional']",Positional+Visual,_network,_subcontinent,"0,0,1,1",2,4,0.5,mixed,retain_all_mixed_signal
2593,2593,2857,295.png,Which border crossing is designated specifically for trucks only?,Kazlovičy-Kukuryki,Single Entity,['Positional'],Positional,_network,_subcontinent,"1,0,1,0",2,4,0.5,mixed,retain_all_mixed_signal
2594,2594,2858,295.png,Which city is located at the junction of highways M1 and E30?,Brest,Single Entity,['Positional'],Positional,_network,_subcontinent,"0,0,1,1",2,4,0.5,mixed,retain_all_mixed_signal
2595,2595,2859,295.png,Which country is NOT labeled on this map but shares a border with Belarus?,Russia,Single Entity,"['Visual', 'Positional']",Positional+Visual,_network,_subcontinent,"1,0,1,1",3,4,0.75,mixed,retain_all_mixed_signal
2596,2596,2860,295.png,Which country has the fewest labeled border crossing points on this map?,Ukraine,Single Entity,"['Visual', 'Positional', 'Comparative']",Comparative+Positional+Visual,_network,_subcontinent,"0,0,0,0",0,4,0.0,all_wrong,balance_Comparative+Positional+Visual_hard_all_wrong
2600,2600,2866,296.png,Which country does the route go through from Istanbul to Minsk as shown in image?,Russia,Single Entity,"['Visual', 'Positional']",Positional+Visual,_network,_subcontinent,"1,0,0,0",1,4,0.25,mixed,retain_all_mixed_signal
2601,2601,2867,296.png,Which country according to uploaded image has restricted air traffic ?,Ukraine,Single Entity,['Other'],Other,_network,_subcontinent,"0,1,1,0",2,4,0.5,mixed,retain_all_mixed_signal
2604,2604,2871,296.png,Which flight connects dubai to Minsk as shown in uploaded image ?,Flydubai,Single Entity,"['Visual', 'Positional']",Positional+Visual,_network,_subcontinent,"1,1,1,1",4,4,1.0,all_correct,balance_Positional+Visual_easy_all_correct
2607,2607,2874,297.png,Which island is located farthest east?,Linosa,Single Entity,"['Positional', 'Comparative']",Comparative+Positional,_marker,_region,"1,1,1,1",4,4,1.0,all_correct,balance_Comparative+Positional_easy_all_correct
2608,2608,2875,297.png,Which island is located closest to Tunisia?,Lampione,Single Entity,"['Positional', 'Comparative']",Comparative+Positional,_marker,_region,"1,0,0,1",2,4,0.5,mixed,retain_all_mixed_signal
2609,2609,2876,297.png,Which island is the largest by size?,Lampedusa,Single Entity,"['Visual', 'Comparative']",Comparative+Visual,_marker,_region,"1,1,1,1",4,4,1.0,all_correct,balance_Comparative+Visual_easy_all_correct
2611,2611,2878,297.png,Which direction is Malta located from the Pelagie Islands?,East,Single Entity,['Positional'],Positional,_marker,_region,"1,0,0,0",1,4,0.25,mixed,retain_all_mixed_signal
2612,2612,2879,297.png,Which island is closest to the Adriatic Sea?,Linosa,Single Entity,['Comparative'],Comparative,_marker,_region,"0,0,0,0",0,4,0.0,all_wrong,balance_Comparative_hard_all_wrong
2613,2613,2881,297.png,Which island appears the most isolated?,Linosa,Single Entity,"['Visual', 'Comparative']",Comparative+Visual,_marker,_region,"1,1,0,0",2,4,0.5,mixed,retain_all_mixed_signal
2615,2615,2883,297.png,Which country is farthest from the Adriatic Sea?,Libya,Single Entity,['Comparative'],Comparative,_marker,_region,"0,1,1,1",3,4,0.75,mixed,retain_all_mixed_signal
2616,2616,2884,298.png,Which country in Europe has the most refugees per month?,Germany,Single Entity,['Comparative'],Comparative,_mixed,_continent,"1,1,0,1",3,4,0.75,mixed,retain_all_mixed_signal
2617,2617,2885,298.png,From which direction is the highest illegal border crossing?,Eastern Mediterranean Route,Single Entity,"['Positional', 'Comparative']",Comparative+Positional,_mixed,_continent,"0,0,0,0",0,4,0.0,all_wrong,balance_Comparative+Positional_hard_all_wrong
2622,2622,2891,298.png,Answer true or false: There are more people moving through Albania than the Apulia route,False,Boolean,"['Positional', 'Comparative']",Comparative+Positional,_mixed,_continent,"1,0,0,1",2,4,0.5,mixed,retain_all_mixed_signal
2623,2623,2892,298.png,Answer true or false: There are more people applying in Lithuanian than Cyprus,False,Boolean,['Comparative'],Comparative,_mixed,_continent,"0,0,0,1",1,4,0.25,mixed,retain_all_mixed_signal
2624,2624,2893,298.png,"nt ""The number of applicants applying for the country Estonia is greater than Lithuania"" is False. L",no,Counting,['Comparative'],Comparative,_mixed,_continent,"0,0,0,0",0,4,0.0,all_wrong,balance_Comparative_hard_all_wrong
2629,2629,2898,299.png,How many European countries are explicitly named on the map?,3,Counting,['Other'],Other,_network,_subcontinent,"0,1,1,1",3,4,0.75,mixed,retain_all_mixed_signal
2634,2634,2903,300.jpeg,How many lines lead to Malaysia?,3,Counting,['Other'],Other,_network,_subcontinent,"0,1,0,0",1,4,0.25,mixed,retain_all_mixed_signal
2638,2638,2907,300.jpeg,How many lines lead to Sri Lanka?,1,Counting,['Other'],Other,_network,_subcontinent,"0,0,0,1",1,4,0.25,mixed,retain_all_mixed_signal
3722,3722,4091,420.jpg,How many localities are there in Johnstone Shire according to the zoomed map?,7,Counting,['Other'],Other,_divisional,_country,"1,1,0,0",2,4,0.5,mixed,retain_all_mixed_signal
3726,3726,4095,420.jpg,How many localities in Johnstone Shire bordered to Cardwell Shire according to the zoomed map?,2,Counting,['Other'],Other,_divisional,_country,"0,1,0,0",1,4,0.25,mixed,retain_all_mixed_signal
3728,3728,4099,421.png,How many countries in South America are shaded pink on this map?,4,Counting,"['Visual', 'Positional']",Positional+Visual,_choropleth,_world,"0,0,0,0",0,4,0.0,all_wrong,balance_Positional+Visual_hard_all_wrong
3733,3733,4105,421.png,"Which island country is above Australia, which is shaded pink?",Papua New Guinea,Single Entity,"['Visual', 'Positional']",Positional+Visual,_choropleth,_world,"0,1,0,1",2,4,0.5,mixed,retain_all_mixed_signal
3734,3734,4106,421.png,what color represents countries with the highest amount of land sold?,Pink,Single Entity,"['Visual', 'Comparative']",Comparative+Visual,_choropleth,_world,"1,1,1,1",4,4,1.0,all_correct,balance_Comparative+Visual_easy_all_correct
3736,3736,4108,421.png,Does the map show any pink shading in the large island of Greenland?,No,Boolean,"['Visual', 'Comparative']",Comparative+Visual,_choropleth,_world,"1,1,1,1",4,4,1.0,all_correct,balance_Comparative+Visual_easy_all_correct
3738,3738,4110,422.jpg,In how many distinct region does the blue boundary divide the map into?,5,Counting,['Visual'],Visual,_divisional,_region,"1,1,0,0",2,4,0.5,mixed,retain_all_mixed_signal
3742,3742,4115,422.jpg,Is THERE ANY BLUE IN 6111?,YES,Boolean,['Visual'],Visual,_divisional,_region,"0,0,0,0",0,4,0.0,all_wrong,balance_Visual_hard_all_wrong
3744,3744,4120,423.png,Which region in Africa had countries mostly in the “Over 100” IMR category?,Sub-Saharan Africa,Single Entity,['Comparative'],Comparative,_choropleth,_world,"1,0,0,1",2,4,0.5,mixed,retain_all_mixed_signal
3745,3745,4121,423.png,What IMR category does Australia fall under based on the pattern?,Under 25,Single Entity,"['Visual', 'Comparative']",Comparative+Visual,_choropleth,_world,"0,1,0,1",2,4,0.5,mixed,retain_all_mixed_signal
3748,3748,4124,423.png,Which Asian country falls under the “51–100” IMR category based on the diagonal line pattern?,India,Single Entity,"['Visual', 'Comparative']",Comparative+Visual,_choropleth,_world,"1,1,0,1",3,4,0.75,mixed,retain_all_mixed_signal
3752,3752,4128,423.png,What IMR range is represented by the close diagonal thick dark lines?,51-100,Single Entity,['Visual'],Visual,_choropleth,_world,"1,0,1,1",3,4,0.75,mixed,retain_all_mixed_signal
3753,3753,4129,423.png,Most countries in Scandinavia fall under which IMR category?,Under 25,Single Entity,['Comparative'],Comparative,_choropleth,_world,"1,0,0,0",1,4,0.25,mixed,retain_all_mixed_signal
3756,3756,4134,424.jpg,name the postal area which is same as that of a bird,Swan,Single Entity,['Other'],Other,_mixed,_region,"1,0,0,1",2,4,0.5,mixed,retain_all_mixed_signal
3757,3757,4135,424.jpg,"from Northam i move south i reach York, turning left and continuing upwards where would i reach?",cunderdin,Single Entity,['Positional'],Positional,_mixed,_region,"0,1,0,0",1,4,0.25,mixed,retain_all_mixed_signal
3759,3759,4137,424.jpg,does Northam fall in a franchise territory?,no,Boolean,['Other'],Other,_mixed,_region,"0,1,1,1",3,4,0.75,mixed,retain_all_mixed_signal
3767,3767,4147,425.png,WHICH DIRECTION(NEWS) DOES THE BIRD'S HEAD LOOK INTO IN THE LOGO?,South,Single Entity,"['Visual', 'Positional']",Positional+Visual,_layout,_building,"0,0,0,0",0,4,0.0,all_wrong,balance_Positional+Visual_hard_all_wrong
3768,3768,4148,425.png,Which gate is closest to Heineken rooftop according to the image?,Gate A,Single Entity,['Comparative'],Comparative,_layout,_building,"1,1,0,1",3,4,0.75,mixed,retain_all_mixed_signal
3770,3770,4150,426.png,Which Australian mainland state borders the most other states or territories?,South Australia,Single Entity,"['Positional', 'Comparative']",Comparative+Positional,_divisional,_continent,"1,0,0,0",1,4,0.25,mixed,retain_all_mixed_signal
3771,3771,4151,426.png,What ocean lies to the west of Australia?,Indian Ocean,Single Entity,['Positional'],Positional,_divisional,_continent,"1,0,0,1",2,4,0.5,mixed,retain_all_mixed_signal
3772,3772,4152,426.png,Which territory is located directly south of mainland Australia in the ocean?,Tasmanien,Single Entity,['Positional'],Positional,_divisional,_continent,"0,1,1,1",3,4,0.75,mixed,retain_all_mixed_signal
3773,3773,4153,426.png,Which Australian external territory is closest to Indonesia?,Ashmore und Cartierinseln,Single Entity,['Comparative'],Comparative,_divisional,_continent,"1,1,1,1",4,4,1.0,all_correct,balance_Comparative_easy_all_correct
3774,3774,4154,426.png,Which island group lies farthest northeast from mainland Australia?,Korallenmeerinseln,Single Entity,"['Positional', 'Comparative']",Comparative+Positional,_divisional,_continent,"0,0,0,0",0,4,0.0,all_wrong,balance_Comparative+Positional_hard_all_wrong
3775,3775,4155,426.png,Which external territory lies closest to the French territory in the southern Indian Ocean?,Heard und McDonaldinseln,Single Entity,"['Positional', 'Comparative']",Comparative+Positional,_divisional,_continent,"1,1,1,1",4,4,1.0,all_correct,balance_Comparative+Positional_easy_all_correct
3776,3776,4156,426.png,Which external territory is directly labeled near the Australian Antarctic Territory?,Heard und McDonaldinseln,Single Entity,"['Visual', 'Positional']",Positional+Visual,_divisional,_continent,"0,0,1,0",1,4,0.25,mixed,retain_all_mixed_signal
3778,3778,4158,426.png,Which is the only Australian territory shown bordering Antarctica?,Australian Antarctic Territory,Single Entity,"['Visual', 'Positional']",Positional+Visual,_divisional,_continent,"1,1,1,1",4,4,1.0,all_correct,balance_Positional+Visual_easy_all_correct
3779,3779,4159,426.png,Which island territory lies east of New South Wales and north of New Zealand?,Norfolkinsel,Single Entity,['Positional'],Positional,_divisional,_continent,"1,0,1,1",3,4,0.75,mixed,retain_all_mixed_signal
3780,3780,4160,427.jpg,what number labelled parking can be accessed from 29th street?,3,Single Entity,['Visual'],Visual,_layout,_campus,"0,0,0,1",1,4,0.25,mixed,retain_all_mixed_signal
3781,3781,4161,427.jpg,what structure is the k street text right next to?,The AIS Cancer Center & Outpatient Surgery Center,Single Entity,['Positional'],Positional,_layout,_campus,"1,1,1,1",4,4,1.0,all_correct,balance_Positional_easy_all_correct
3782,3782,4167,427.jpg,what year is this from?,2017,Single Entity,['Other'],Other,_layout,_campus,"1,1,1,1",4,4,1.0,all_correct,balance_Other_easy_all_correct
3786,3786,4171,428.png,How many customer service offices are there in this map?,4,Counting,['Other'],Other,_network,_city,"1,0,0,0",1,4,0.25,mixed,retain_all_mixed_signal
3789,3789,4174,428.png,Is there a direct metro from Fontana to Horta?,No,Boolean,['Other'],Other,_network,_city,"0,0,1,1",2,4,0.5,mixed,retain_all_mixed_signal
3790,3790,4175,428.png,Is there a direct metro from Les Cortes to Horta?,No,Boolean,['Other'],Other,_network,_city,"1,0,1,1",3,4,0.75,mixed,retain_all_mixed_signal
3797,3797,4182,429.jpg,South America is divided into how many time zones?,3,Counting,['Positional'],Positional,_divisional,_world,"1,0,1,1",3,4,0.75,mixed,retain_all_mixed_signal
3799,3799,4184,429.jpg,Australia is part of how many bars?,3,Counting,['Other'],Other,_divisional,_world,"1,0,0,0",1,4,0.25,mixed,retain_all_mixed_signal
3802,3802,4187,429.jpg,Which color represents the time zone that includes 0 at the top of the map?,Teal,Single Entity,"['Visual', 'Positional', 'Comparative']",Comparative+Positional+Visual,_divisional,_world,"0,0,0,0",0,4,0.0,all_wrong,balance_Comparative+Positional+Visual_hard_all_wrong
3807,3807,4192,430.jpg,Name the landmark closest to the Brandenburg Gate.,Reichstag Building,Single Entity,['Comparative'],Comparative,_mixed,_city,"1,1,1,1",4,4,1.0,all_correct,balance_Comparative_easy_all_correct
3808,3808,4193,430.jpg,Count the number of museums listed in the legend.,6,Counting,['Other'],Other,_mixed,_city,"1,1,0,0",2,4,0.5,mixed,retain_all_mixed_signal
3809,3809,4194,430.jpg,Name the only department store listed in the legend.,KaDeWe Department Store,Single Entity,['Other'],Other,_mixed,_city,"1,1,1,0",3,4,0.75,mixed,retain_all_mixed_signal
3811,3811,4197,430.jpg,Which landmark is closest to Alexanderplatz Square?,Berlin TV Tower,Single Entity,['Comparative'],Comparative,_mixed,_city,"0,0,0,0",0,4,0.0,all_wrong,balance_Comparative_hard_all_wrong
3815,3815,4201,431.png,Which northeastern state has the lowest amount of billionaires?,VT or Vermont,Single Entity,"['Positional', 'Comparative']",Comparative+Positional,_cartogram,_country,"0,0,0,0",0,4,0.0,all_wrong,balance_Comparative+Positional_hard_all_wrong
3817,3817,4203,431.png,Which state has the 6th most billionaires,Michigan or MI,Single Entity,['Comparative'],Comparative,_cartogram,_country,"0,0,0,0",0,4,0.0,all_wrong,balance_Comparative_hard_all_wrong
3819,3819,4205,431.png,Which state ranks second in billionaire count?,New York or NY,Single Entity,['Comparative'],Comparative,_cartogram,_country,"0,0,0,0",0,4,0.0,all_wrong,balance_Comparative_hard_all_wrong
3821,3821,4209,431.png,How many states are in the 9-18 range of billionaires?,5,Counting,['Other'],Other,_cartogram,_country,"0,0,0,1",1,4,0.25,mixed,retain_all_mixed_signal
3822,3822,4210,432.png,WHAT IS THE RANGE IN THE STATE OF CALIFORNIA?,87-108,Single Entity,['Other'],Other,_choropleth,_country,"0,1,0,1",2,4,0.5,mixed,retain_all_mixed_signal
3825,3825,4213,432.png,Which state has the highest range on the west coast?,California,Single Entity,"['Positional', 'Comparative']",Comparative+Positional,_choropleth,_country,"1,1,1,1",4,4,1.0,all_correct,balance_Comparative+Positional_easy_all_correct
3828,3828,4216,432.png,which state bordering arizona has the maximum range according to the image?,california,Single Entity,['Positional'],Positional,_choropleth,_country,"1,0,0,0",1,4,0.25,mixed,retain_all_mixed_signal
3829,3829,4217,432.png,which state bordering idaho has the highest range?,Montana,Single Entity,"['Positional', 'Comparative']",Comparative+Positional,_choropleth,_country,"1,0,0,0",1,4,0.25,mixed,retain_all_mixed_signal
3830,3830,4218,432.png,What is the range displayed for montana in the image?,87-108,Single Entity,['Visual'],Visual,_choropleth,_country,"0,1,1,0",2,4,0.5,mixed,retain_all_mixed_signal
3831,3831,4219,432.png,what is the range displayed for idaho in the image?,1-30,Single Entity,['Visual'],Visual,_choropleth,_country,"0,0,1,0",1,4,0.25,mixed,retain_all_mixed_signal
3832,3832,4221,433.jpg,Does Florida get deep purple in the second map?,No,Boolean,"['Visual', 'Comparative']",Comparative+Visual,_multiple,_country,"1,1,1,1",4,4,1.0,all_correct,balance_Comparative+Visual_easy_all_correct
3834,3834,4223,433.jpg,Can Cuba be seen in this map as an unmarked country pointing towards Florida,no data,Boolean,['Visual'],Visual,_multiple,_country,"1,1,1,1",4,4,1.0,all_correct,balance_Visual_easy_all_correct
3835,3835,4224,433.jpg,How many states are covered in all three maps? Add the totals up,48,Counting,['Other'],Other,_multiple,_country,"0,0,0,0",0,4,0.0,all_wrong,balance_Other_hard_all_wrong
3837,3837,4226,433.jpg,Is Florida is a deep shade of magenta in the first map or a deepshade of magenta in the second map?,Neither,Boolean,"['Visual', 'Comparative']",Comparative+Visual,_multiple,_country,"0,0,0,0",0,4,0.0,all_wrong,balance_Comparative+Visual_hard_all_wrong
3838,3838,4228,433.jpg,"Analyze the first two maps and study the bible belts. In the first map, is it blue?",No,Boolean,"['Visual', 'Comparative']",Comparative+Visual,_multiple,_country,"1,1,1,1",4,4,1.0,all_correct,balance_Comparative+Visual_easy_all_correct
3839,3839,4229,433.jpg,Is California really dark red in the first US map?,Yes,Boolean,"['Visual', 'Comparative']",Comparative+Visual,_multiple,_country,"1,0,1,0",2,4,0.5,mixed,retain_all_mixed_signal
3842,3842,4233,434.png,name the place south west of north channel,Belfast,Single Entity,['Positional'],Positional,_choropleth,_country,"0,1,1,0",2,4,0.5,mixed,retain_all_mixed_signal
3843,3843,4234,434.png,moving east from Preston to Hull what comes in between?,Leeds,Single Entity,['Positional'],Positional,_choropleth,_country,"1,0,1,1",3,4,0.75,mixed,retain_all_mixed_signal
3846,3846,4237,434.png,"name a place that starts with ""A""",Aberdeen,Single Entity,['Other'],Other,_choropleth,_country,"1,0,1,1",3,4,0.75,mixed,retain_all_mixed_signal
3849,3849,4240,435.webp,Which large island is the central focus of the map?,Sulawesi,Single Entity,['Comparative'],Comparative,_divisional,_region,"0,0,0,0",0,4,0.0,all_wrong,balance_Comparative_hard_all_wrong
3850,3850,4241,435.webp,Which country is labeled in the middle of the map?,Indonesia,Single Entity,"['Visual', 'Positional']",Positional+Visual,_divisional,_region,"1,1,1,1",4,4,1.0,all_correct,balance_Positional+Visual_easy_all_correct
3852,3852,4243,435.webp,Is the region shown on the right part of a single island or an archipelago?,Single island,Boolean,"['Visual', 'Positional']",Positional+Visual,_divisional,_region,"0,0,0,0",0,4,0.0,all_wrong,balance_Positional+Visual_hard_all_wrong
3856,3856,4247,435.webp,Which region (Sulawesi or western landmass) appears to have more local divisions?,Sulawesi,Single Entity,"['Visual', 'Positional', 'Comparative']",Comparative+Positional+Visual,_divisional,_region,"0,0,0,0",0,4,0.0,all_wrong,balance_Comparative+Positional+Visual_hard_all_wrong
3861,3861,4258,436.jpg,How many countries on African continent has lowest or no cases?,23,Counting,['Comparative'],Comparative,_choropleth,_world,"0,0,0,0",0,4,0.0,all_wrong,balance_Comparative_hard_all_wrong
3862,3862,4260,437.jpg,Boston common falls under which grid?,L5,Single Entity,['Comparative'],Comparative,_mixed,_city,"0,0,0,0",0,4,0.0,all_wrong,balance_Comparative_hard_all_wrong
3870,3870,4268,437.jpg,Does fish pier exist in the image?,Yes,Boolean,['Other'],Other,_mixed,_city,"0,1,1,1",3,4,0.75,mixed,retain_all_mixed_signal
3872,3872,4270,438.webp,Which city on this map appears to be located furthest northeast?,Enterprise,Single Entity,"['Visual', 'Positional', 'Comparative']",Comparative+Positional+Visual,_divisional,_state,"1,1,1,1",4,4,1.0,all_correct,balance_Comparative+Positional+Visual_easy_all_correct
